code,institution,specialty,degree,بادآ,تايضاير,ةيبيرجت مولع,ةيملعلا مولع,ةينقتلا مولعلا,فرصتو داصتقإ,ةضاير
10101,"ﻛﻠﻴﺔ ﺍﻟﻌﻠﻮﻡ ﺍﻹﻧﺴﺎﻧﻴﺔ ﻭﺍﻹﺟﺘﻤﺎﻋﻴﺔ ﺑﺘﻮﻧﺲ)ﺟﺎﻣﻌﺔ ﺗﻮﻧﺲ(","ﺍﻟﻠﻐﺔ ﻭﺍﻵﺩﺍﺏ ﻭﺍﻟﺤﻀﺎﺭﺓ ﺍﻟﻌﺮﺑﻴﺔ-","ﺍﻹﺟﺎﺯﺓ ﻓﻲ ﺍﻟﻌﺮﺑﻴﺔ ﺳﻨﻮﺍﺕ)ﺃﻣﺪ(3",78,1,1,1,,30,
10102,"ﻛﻠﻴﺔ ﺍﻟﻌﻠﻮﻡ ﺍﻹﻧﺴﺎﻧﻴﺔ ﻭﺍﻹﺟﺘﻤﺎﻋﻴﺔ ﺑﺘﻮﻧﺲ)ﺟﺎﻣﻌﺔ ﺗﻮﻧﺲ(","ﺍﻟﻠﻐﺔ ﻭﺍﻵﺩﺍﺏ ﻭﺍﻟﺤﻀﺎﺭﺓ ﺍﻹﻧﻘﻠﻴﺰﻳﺔ-","ﺍﻹﺟﺎﺯﺓ ﻓﻲ ﺍﻹﻧﻘﻠﻴﺰﻳﺔ ﺳﻨﻮﺍﺕ)ﺃﻣﺪ(3",133,1,1,2,2,70,2
10103,"ﻛﻠﻴﺔ ﺍﻟﻌﻠﻮﻡ ﺍﻹﻧﺴﺎﻧﻴﺔ ﻭﺍﻹﺟﺘﻤﺎﻋﻴﺔ ﺑﺘﻮﻧﺲ)ﺟﺎﻣﻌﺔ ﺗﻮﻧﺲ(","ﺍﻟﻮﺳﺎﻃﺔ ﺍﻟﺜﻘﺎﻓﻴﺔ- ﺍﻟﻠﻐﺔ ﻭﺍﻵﺩﺍﺏ ﻭﺍﻟﺤﻀﺎﺭﺓ ﺍﻟﻔﺮﻧﺴﻴﺔ-","ﺍﻹﺟﺎﺯﺓ ﻓﻲ ﺍﻟﻔﺮﻧﺴﻴﺔ ﺳﻨﻮﺍﺕ)ﺃﻣﺪ(3",140,1,1,2,2,50,2
10104,"ﻛﻠﻴﺔ ﺍﻵﺩﺍﺏ ﻭﺍﻟﻔﻨﻮﻥ ﻭﺍﻹﻧﺴﺎﻧﻴﺎﺕ ﺑﻤﻨﻮﺑﺔ)ﺟﺎﻣﻌﺔ ﻣﻨﻮﺑﺔ(","ﺍﻟﻠﻐﺔ ﻭ ﺍﻵﺩﺍﺏ ﻭ ﺍﻟﺤﻀﺎﺭﺓ ﺍﻻﺳﺒﺎﻧﻴﺔ-","ﺍﻹﺟﺎﺯﺓ ﻓﻲ ﺍﻹﺳﺒﺎﻧﻴﺔ ﺳﻨﻮﺍﺕ)ﺃﻣﺪ(3 ﺇﺳﺒﺎﻧﻴﺔ ﺇﺟﺒﺎﺭﻳﺔ",37,1,1,1,1,9,1
10105,"ﻛﻠﻴﺔ ﺍﻵﺩﺍﺏ ﻭﺍﻟﻔﻨﻮﻥ ﻭﺍﻹﻧﺴﺎﻧﻴﺎﺕ ﺑﻤﻨﻮﺑﺔ)ﺟﺎﻣﻌﺔ ﻣﻨﻮﺑﺔ(","ﺍﻟﻠﻐﺔ ﻭﺍﻵﺩﺍﺏ ﻭﺍﻟﺤﻀﺎﺭﺓ ﺍﻹﻳﻄﺎﻟﻴﺔ-","ﺍﻹﺟﺎﺯﺓ ﻓﻲ ﺍﻹﻳﻄﺎﻟﻴﺔ ﺳﻨﻮﺍﺕ)ﺃﻣﺪ(3 ﺇﻳﻄﺎﻟﻴﺔ ﺇﺟﺒﺎﺭﻳﺔ",38,1,1,1,1,9,1
10106,"ﻛﻠﻴﺔ ﺍﻵﺩﺍﺏ ﻭﺍﻟﻔﻨﻮﻥ ﻭﺍﻹﻧﺴﺎﻧﻴﺎﺕ ﺑﻤﻨﻮﺑﺔ)ﺟﺎﻣﻌﺔ ﻣﻨﻮﺑﺔ(","ﺍﻟﻠﻐﺔ ﻭﺍﻵﺩﺍﺏ ﻭﺍﻟﺤﻀﺎﺭﺓ ﺍﻷﻟﻤﺎﻧﻴﺔ-","ﺍﻹﺟﺎﺯﺓ ﻓﻲ ﺍﻷﻟﻤﺎﻧﻴﺔ ﺳﻨﻮﺍﺕ)ﺃﻣﺪ(3 ﺃﻟﻤﺎﻧﻴﺔ ﺇﺟﺒﺎﺭﻳﺔ",28,1,1,1,1,11,1
10107,"ﺍﻟﻤﻌﻬﺪ ﺍﻟﻌﺎﻟﻲ ﻟﻠﻐﺎﺕ ﺑﺘﻮﻧﺲ)ﺟﺎﻣﻌﺔ ﻗﺮﻃﺎﺝ(","15 ﺍﻟﻠﻐﺔ ﻭ ﺍﻟﺘﺮﺟﻤﺔ ﻭﺍﻟﺘﻮﺍﺻﻞ ﺑﻴﻦ ﺍﻟﺜﻘﺎﻓﺎﺕ-","ﺍﻹﺟﺎﺯﺓ ﻓﻲ ﺍﻟﺮﻭﺳﻴﺔ ﺳﻨﻮﺍﺕ)ﺃﻣﺪ(3",37,1,1,2,2,8,2
10108,"ﺍﻟﻤﻌﻬﺪ ﺍﻟﻌﺎﻟﻲ ﻟﻠﻐﺎﺕ ﺑﺘﻮﻧﺲ)ﺟﺎﻣﻌﺔ ﻗﺮﻃﺎﺝ(","ﺍﻟﻠﻐﺔ ﻭﺍﻵﺩﺍﺏ ﻭﺍﻟﺤﻀﺎﺭﺓ ﺍﻟﺼﻴﻨﻴﺔ-","ﺍﻹﺟﺎﺯﺓ ﻓﻲ ﺍﻟﺼﻴﻨﻴﺔ ﺳﻨﻮﺍﺕ)ﺃﻣﺪ(3",34,1,1,1,1,13,1
10118,"ﺍﻟﻤﻌﻬﺪ ﺍﻟﻌﺎﻟﻲ ﻟﻠﻌﻠﻮﻡ ﺍﻹﻧﺴﺎﻧﻴﺔ ﺑﺘﻮﻧﺲ)ﺟﺎﻣﻌﺔ ﺗﻮﻧﺲ ﺍﻟﻤﻨﺎﺭ(","ﺍﻷﻧﺜﺮﻭﺑﻮﻟﻮﺟﻴﺎ ﺍﻻﺟﺘﻤﺎﻋﻴﺔ ﻭﺍﻟﺜﻘﺎﻓﻴﺔ-","ﺍﻹﺟﺎﺯﺓ ﻓﻲ ﺍﻷﻧﺘﺮﻭﺑﻮﻟﻮﺟﻴﺎ ﺳﻨﻮﺍﺕ)ﺃﻣﺪ(3",20,1,1,1,1,20,1
10119,"ﺍﻟﻤﻌﻬﺪ ﺍﻟﻌﺎﻟﻲ ﻟﻠﻌﻠﻮﻡ ﺍﻹﻧﺴﺎﻧﻴﺔ ﺑﺘﻮﻧﺲ)ﺟﺎﻣﻌﺔ ﺗﻮﻧﺲ ﺍﻟﻤﻨﺎﺭ(","ﻟﻐﺔ ﺍﻹﺷﺎﺭﺍﺕ-","ﺍﻹﺟﺎﺯﺓ ﻓﻲ ﻟﻐﺔ ﺍﻹﺷﺎﺭﺍﺕ ﺳﻨﻮﺍﺕ)ﺃﻣﺪ(3",9,1,11,1,1,15,1
10120,"ﻛﻠﻴﺔ ﺍﻟﻌﻠﻮﻡ ﺍﻹﻧﺴﺎﻧﻴﺔ ﻭﺍﻹﺟﺘﻤﺎﻋﻴﺔ ﺑﺘﻮﻧﺲ)ﺟﺎﻣﻌﺔ ﺗﻮﻧﺲ(","21 ﺍﻟﺪﻳﻤﻐﺮﺍﻓﻴﺎ،ﺍﻟﺘﻨﻤﻴﺔ ﺍﻟﻤﺴﺘﺪﺍﻣﺔ- ﻭﺍﻟﺴﻴﺎﺳﺎﺕ ﺍﻟﻌﻤﻮﻣﻴﺔ ﺍﻟﻮﺳﺎﻃﺔ، ﺍﻟﻤﺆﺳﺴﺎﺕ، ﻭﺍﻟﺘﺪﺧﻞ- ﺍﻟﺴﻮﺳﻴﻮﻟﻮﺟﻲ ﻋﻠﻢ ﺍﺟﺘﻤﺎﻉ ﺍﻟﺘﺮﺑﻴﺔ ﻭﺍﻷﺳﺮﺓ ﻭﺍﻟﺪﻣﺞ- ﺍﻻﺟﺘﻤﺎﻋﻲ","ﺍﻹﺟﺎﺯﺓ ﻓﻲ ﻋـﻠــﻢ ﺍﻻﺟﺘﻤﺎﻉ ﺳﻨﻮﺍﺕ)ﺃﻣﺪ(3",69,1,6,1,1,94,
10121,"ﻛﻠﻴﺔ ﺍﻟﻌﻠﻮﻡ ﺍﻹﻧﺴﺎﻧﻴﺔ ﻭﺍﻹﺟﺘﻤﺎﻋﻴﺔ ﺑﺘﻮﻧﺲ)ﺟﺎﻣﻌﺔ ﺗﻮﻧﺲ(","22 ﻋﻠﻢ ﺍﻟﻨﻔﺲ - ﻋﻠﻢ ﺍﻟﻨﻔﺲ ﺍﻟﺤﺮﻛﻲ-","ﺍﻹﺟﺎﺯﺓ ﻓﻲ ﻋﻠﻢ ﺍﻟﻨـﻔـــﺲ ﺳﻨﻮﺍﺕ)ﺃﻣﺪ(3",45,1,42,1,1,20,1
10122,"ﻛﻠﻴﺔ ﺍﻟﻌﻠﻮﻡ ﺍﻹﻧﺴﺎﻧﻴﺔ ﻭﺍﻹﺟﺘﻤﺎﻋﻴﺔ ﺑﺘﻮﻧﺲ)ﺟﺎﻣﻌﺔ ﺗﻮﻧﺲ(","ﺍﻟﻔـﻠــﺴـﻔـﺔ-","ﺍﻹﺟﺎﺯﺓ ﻓﻲ ﺍﻟﻔـﻠﺴــﻔــﺔ ﺳﻨﻮﺍﺕ)ﺃﻣﺪ(3",70,1,1,2,2,15,2
10123,"ﻛﻠﻴﺔ ﺍﻟﻌﻠﻮﻡ ﺍﻹﻧﺴﺎﻧﻴﺔ ﻭﺍﻹﺟﺘﻤﺎﻋﻴﺔ ﺑﺘﻮﻧﺲ)ﺟﺎﻣﻌﺔ ﺗﻮﻧﺲ(","ﺍﻟﺘﺎﺭﻳﺦ- ﻋﻠﻢ ﺍﻵﺛﺎﺭ-","ﺍﻹﺟﺎﺯﺓ ﻓﻲ ﺍﻟﺘﺎﺭﻳﺦ ﺳﻨﻮﺍﺕ)ﺃﻣﺪ(3",103,1,1,2,2,30,2
10124,"ﻛﻠﻴﺔ ﺍﻟﻌﻠﻮﻡ ﺍﻹﻧﺴﺎﻧﻴﺔ ﻭﺍﻹﺟﺘﻤﺎﻋﻴﺔ ﺑﺘﻮﻧﺲ)ﺟﺎﻣﻌﺔ ﺗﻮﻧﺲ(","ﺍﻟﺘﻨﻤﻴﺔ ﻭ ﺍﻟﺒﻴﺌﺔ-","ﺍﻹﺟﺎﺯﺓ ﻓﻲ ﺍﻟﺠﻐﺮﺍﻓﻴﺎ ﺳﻨﻮﺍﺕ)ﺃﻣﺪ(3",62,1,1,1,1,60,
10138,"ﺍﻟﻤﻌﻬﺪ ﺍﻟﻌﺎﻟﻲ ﻟﻠﺤﻀﺎﺭﺓ ﺍﻹﺳﻼﻣﻴﺔ ﺑﺘﻮﻧﺲ) ﺟﺎﻣﻌﺔ ﺍﻟﺰﻳﺘﻮﻧﺔ(","ﺍﻟﺪﺭﺍﺳﺎﺕ ﺍﻹﺳﻼﻣﻴﺔ- ﺍﻟﻌﻘﻴﺪﺓ ﻭ ﻗﻀﺎﻳﺎ ﺍﻟﻔﻜﺮ ﺍﻹﺳﻼﻣﻲ- ﺍﻟﻔﻘﻪ ﻭ ﺃﺻﻮﻟﻪ- ﻋﻠﻮﻡ ﺍﻟﻘﺮﺁﻥ ﻭ ﺍﻟﺤﺪﻳﺚ-","ﺍﻹﺟﺎﺯﺓ ﻓﻲ ﺍﻟﻌﻠﻮﻡ ﺍﻹﺳﻼﻣﻴﺔ ﺳﻨﻮﺍﺕ)ﺃﻣﺪ(3",45,1,1,1,1,4,1
10139,"ﺍﻟﻤﻌﻬﺪ ﺍﻟﻌﺎﻟﻲ ﻷﺻﻮﻝ ﺍﻟﺪﻳﻦ ﺑﺘﻮﻧﺲ) ﺟﺎﻣﻌﺔ ﺍﻟﺰﻳﺘﻮﻧﺔ(","27 ﺃﺻﻮﻝ ﺍﻟﺪﻳﻦ- ﺍﻟﺤﻀﺎﺭﺓ ﺍﻹﺳﻼﻣﻴﺔ- ﺍﻟﺸﺮﻳﻌﺔ ﺍﻹﺳﻼﻣﻴﺔ- ﻋﻠﻮﻡ ﺍﻟﻘﺮﺁﻥ ﻭ ﺍﻟﺤﺪﻳﺚ ﻭ ﺍﻟﺴﻴﺮﺓ-","ﺍﻹﺟﺎﺯﺓ ﻓﻲ ﺍﻟﻌﻠﻮﻡ ﺍﻟﺸﺮﻋﻴﺔ ﺳﻨﻮﺍﺕ)ﺃﻣﺪ(3",123,1,1,1,1,11,1
10147,"ﺍﻟﻤﻌﻬﺪ ﺍﻟﻌﺎﻟﻲ ﻟﻠﻐﺎﺕ ﺑﺘﻮﻧﺲ)ﺟﺎﻣﻌﺔ ﻗﺮﻃﺎﺝ(","ﺍﻹﻧﻘﻠﻴﺰﻳﺔ-ﺍﻟﻌﺮﺑﻴﺔ/ ﺍﻟﻔﺮﻧﺴﻴﺔ-","ﺍﻹﺟﺎﺯﺓ ﻓﻲ ﺍﻟﺘﺮﺟﻤﺔ ﺳﻨﻮﺍﺕ)ﺃﻣﺪ(3",68,1,1,2,2,29,2
10158,"ﻛﻠﻴﺔ ﺍﻵﺩﺍﺏ ﻭﺍﻟﻔﻨﻮﻥ ﻭﺍﻹﻧﺴﺎﻧﻴﺎﺕ ﺑﻤﻨﻮﺑﺔ)ﺟﺎﻣﻌﺔ ﻣﻨﻮﺑﺔ(","ﺟﻴﻮﻣﺎﺗﻴﻚ ﻭﺍﻟﺒﻴﺌﺔ ﻭﺗﻬﻴﺌﺔ-","ﺍﻹﺟﺎﺯﺓ ﻓﻲ ﺍﻟﺠﻴﻮﻣﺎﺗﻴﻚ ﻭﺍﻟﺒﻴﺌﺔ ﻭﺍﻟﺘﻬﻴﺌﺔ ﺳﻨﻮﺍﺕ)ﺃﻣﺪ(3",,9,16,1,20,,
10160,"ﻛﻠﻴﺔ ﺍﻵﺩﺍﺏ ﻭﺍﻟﻔﻨﻮﻥ ﻭﺍﻹﻧﺴﺎﻧﻴﺎﺕ ﺑﻤﻨﻮﺑﺔ)ﺟﺎﻣﻌﺔ ﻣﻨﻮﺑﺔ(","ﺟﻴﻮﺑﻮﻟﻴﺘﻴﻚ ﻭﻋﻼﻗﺎﺕ ﺩﻭﻟﻴﺔ-","ﺍﻻﺟﺎﺯﺓ ﻓﻲ ﺍﻟﺠﻴﻮﺑﻮﻟﻴﺘﻴﻚ ﻭ ﺍﻟﻌﻼﻗﺎﺕ ﺍﻟﺪﻭﻟﻴﺔ ﺳﻨﻮﺍﺕ)ﺃﻣﺪ(3",13,3,9,1,1,35,
10162,"ﺍﻟﻤﻌﻬﺪ ﺍﻟﻌﺎﻟﻰ ﻟﻤﻬﻦ ﺍﻟﺘﺮﺍﺙ ﺑﺘﻮﻧﺲ)ﺟﺎﻣﻌﺔ ﺗﻮﻧﺲ(","ﺗﺮﻣﻴﻢ ﺍﻟﺤﺠﺎﺭﺓ ﻭﻣﺸﺘﻘﺎﺗﻬﺎ - ﺗﺮﻣﻴﻢ ﺍﻟﺨﺸﺐ ﻭﺍﻟﻠﻮﺣﺎﺕ ﺍﻟﻔﻨﻴﺔ-","ﺍﻹﺟﺎﺯﺓ ﻓﻲ ﺍﻟﻤﺤﺎﻓﻈﺔ ﻋﻠﻰ ﺍﻟﻤﻤﺘﻠﻜﺎﺕ ﺍﻟﺜﻘﺎﻓﻴﺔ ﻭ ﺗﺮﻣﻴﻤﻬﺎ ﺳﻨﻮﺍﺕ)ﺃﻣﺪ(3",58,1,1,2,2,58,2
10163,"ﺍﻟﻤﻌﻬﺪ ﺍﻟﻌﺎﻟﻰ ﻟﻤﻬﻦ ﺍﻟﺘﺮﺍﺙ ﺑﺘﻮﻧﺲ)ﺟﺎﻣﻌﺔ ﺗﻮﻧﺲ(","37 ﻋﻠﻢ ﺍﻟﻤﺘﺎﺣﻒ ﻭﺍﻟﻮﺳﺎﺋﻄﻴﺔ ﻭﺍﻟﺘﺼﺮﻑ ﻓﻲ- ﺍﻟﺘﺮﺍﺙ","ﺍﻹﺟﺎﺯﺓ ﻓﻲ ﻋﻠﻢ ﺍﻟﻤﺘﺎﺣﻒ ﻭ ﺍﻟﻮﺳﺎﺋﻄﻴﺔ ﻭﺍﻟﺘﺼﺮﻑ ﻓﻲ ﺍﻟﺘﺮﺍﺙ ﺳﻨﻮﺍﺕ)ﺃﻣﺪ(3",62,2,2,4,3,62,4
10164,"ﻛﻠﻴﺔ ﺍﻟﻌﻠﻮﻡ ﺍﻹﻧﺴﺎﻧﻴﺔ ﻭﺍﻹﺟﺘﻤﺎﻋﻴﺔ ﺑﺘﻮﻧﺲ)ﺟﺎﻣﻌﺔ ﺗﻮﻧﺲ(","ﺍﻟﺠﻴﻮﻣﺎﺗﻴﻚ ﻭﺍﻟﺒﻴﺌﺔ- ﺍﻟﺠﻴﻮﻣﺎﺗﻴﻚ ﻭﺍﻟﺘﻬﻴﺌﺔ-","ﺍﻻﺟﺎﺯﺓ ﻓﻲ ﺍﻟﺠﻴﻮﻣﺎﺗﻴﻚ ﺳﻨﻮﺍﺕ)ﺃﻣﺪ(3",,12,24,74,57,,
10165,"ﺍﻟﻤﻌﻬﺪ ﺍﻟﻌﺎﻟﻰ ﻟﻤﻬﻦ ﺍﻟﺘﺮﺍﺙ ﺑﺘﻮﻧﺲ)ﺟﺎﻣﻌﺔ ﺗﻮﻧﺲ(","ﺗﺴﻮﻳﻖ ﺍﻟﺘﺮﺍﺙ-","ﺍﻹﺟﺎﺯﺓ ﻓﻲ ﺗﺴﻮﻳﻖ ﺍﻟﺘﺮﺍﺙ ﺳﻨﻮﺍﺕ)ﺃﻣﺪ(3",20,1,1,1,1,20,1
10166,"ﻛﻠﻴﺔ ﺍﻵﺩﺍﺏ ﻭﺍﻟﻔﻨﻮﻥ ﻭﺍﻹﻧﺴﺎﻧﻴﺎﺕ ﺑﻤﻨﻮﺑﺔ)ﺟﺎﻣﻌﺔ ﻣﻨﻮﺑﺔ(","ﺍﻻﺛﺎﺭ ﻭﺗﺎﺭﻳﺦ ﺍﻟﻔﻦ-","ﺍﻹﺟﺎﺯﺓ ﻓﻲ ﺍﻵﺛﺎﺭ ﻭﺗﺎﺭﻳﺦ ﺍﻟﻔﻦ ﺳﻨﻮﺍﺕ)ﺃﻣﺪ(3",41,1,1,1,1,9,1
10167,"ﺍﻟﻤﻌﻬﺪ ﺍﻟﻌﺎﻟﻲ ﻟﻠﻌﻠﻮﻡ ﺍﻹﻧﺴﺎﻧﻴﺔ ﺑﺘﻮﻧﺲ)ﺟﺎﻣﻌﺔ ﺗﻮﻧﺲ ﺍﻟﻤﻨﺎﺭ(","28 ﻋﻠﻢ ﺍﻵﺛﺎﺭ-","ﺍﻹﺟﺎﺯﺓ ﻓﻲ ﻋﻠﻢ ﺍﻵﺛﺎﺭ ﺳﻨﻮﺍﺕ)ﺃﻣﺪ(3",14,1,1,1,1,36,1
10168,"ﻛﻠﻴﺔ ﺍﻟﻌﻠﻮﻡ ﺑﺘﻮﻧﺲ)ﺟﺎﻣﻌﺔ ﺗﻮﻧﺲ ﺍﻟﻤﻨﺎﺭ(","ﺍﻟﺠﻴﻮﻣﺎﺗﻴﻚ ﺍﻟﺘﻄﺒﻴﻘﻴﺔ ﻓﻲ ﻋﻠﻮﻡ ﺍﻷﺭﺽ - ﺍﻟﺠﻴﻮﻣﺎﺗﻴﻚ ﺍﻟﺘﻄﺒﻴﻘﻴﺔ ﻓﻲ ﺍﻟﺘﻌﻤﻴﺮ ﻭﺗﻬﻴﺌﺔ- ﺍﻟﻤﺠﺎﻝ ﺍﻟﺘﺮﺍﺑﻲ","ﺍﻻﺟﺎﺯﺓ ﻓﻲ ﻋﻠﻮﻡ ﺍﻟﺠﻴﻮﻣﺎﺗﻴﻚ ﺍﻟﺘﻄﺒﻴﻘﻴﺔ ﺳﻨﻮﺍﺕ)ﺃﻣﺪ(3",,9,17,29,24,,
10190,"ﺍﻟﻤﻌﻬﺪ ﺍﻟﺘﺤﻀﻴﺮﻱ ﻟﻠﺪﺭﺍﺳﺎﺕ ﺍﻷﺩﺑﻴﺔ ﻭﺍﻟﻌﻠﻮﻡ ﺍﻹﻧﺴﺎﻧﻴﺔ ﺑﺘﻮﻧﺲ)ﺟﺎﻣﻌﺔ ﺗﻮﻧﺲ(","17 ﻋﺮﺑﻴﺔ-","ﺍﻟﻤﺮﺣﻠﺔ ﺍﻟﺘﺤﻀﻴﺮﻳﺔ ﻟﻠﻐﺎﺕ ﻭﺍﻵﺩﺍﺏ:ﻋﺮﺑﻴﺔ ﺳﻨﺘﺎﻥ ﺳﻨﺔ ﻓﻲ ﻏﺮﺓ ﺳﺒﺘﻤﺒﺮ20 ﺳﻦ ﺃﻗﻞ ﻣﻦ",25,1,1,1,1,2,1
10191,"ﺍﻟﻤﻌﻬﺪ ﺍﻟﺘﺤﻀﻴﺮﻱ ﻟﻠﺪﺭﺍﺳﺎﺕ ﺍﻷﺩﺑﻴﺔ ﻭﺍﻟﻌﻠﻮﻡ ﺍﻹﻧﺴﺎﻧﻴﺔ ﺑﺘﻮﻧﺲ)ﺟﺎﻣﻌﺔ ﺗﻮﻧﺲ(","ﻓﺮﻧﺴﻴﺔ-","ﺍﻟﻤﺮﺣﻠﺔ ﺍﻟﺘﺤﻀﻴﺮﻳﺔ ﻟﻠﻐﺎﺕ ﻭﺍﻵﺩﺍﺏ:ﻓﺮﻧﺴﻴﺔ ﺳﻨﺘﺎﻥ ﺳﻨﺔ ﻓﻲ ﻏﺮﺓ ﺳﺒﺘﻤﺒﺮ20 ﺳﻦ ﺃﻗﻞ ﻣﻦ",25,1,1,1,1,2,1
10192,"ﺍﻟﻤﻌﻬﺪ ﺍﻟﺘﺤﻀﻴﺮﻱ ﻟﻠﺪﺭﺍﺳﺎﺕ ﺍﻷﺩﺑﻴﺔ ﻭﺍﻟﻌﻠﻮﻡ ﺍﻹﻧﺴﺎﻧﻴﺔ ﺑﺘﻮﻧﺲ)ﺟﺎﻣﻌﺔ ﺗﻮﻧﺲ(","18 ﺇﻧﻘﻠﻴﺰﻳﺔ-","ﺍﻟﻤﺮﺣﻠﺔ ﺍﻟﺘﺤﻀﻴﺮﻳﺔ ﻟﻠﻐﺎﺕ ﻭﺍﻵﺩﺍﺏ:ﺍﻧﻘﻠﻴﺰﻳﺔ ﺳﻨﺘﺎﻥ ﺳﻨﺔ ﻓﻲ ﻏﺮﺓ ﺳﺒﺘﻤﺒﺮ20 ﺳﻦ ﺃﻗﻞ ﻣﻦ",37,1,2,1,1,8,1
10193,"ﺍﻟﻤﻌﻬﺪ ﺍﻟﺘﺤﻀﻴﺮﻱ ﻟﻠﺪﺭﺍﺳﺎﺕ ﺍﻷﺩﺑﻴﺔ ﻭﺍﻟﻌﻠﻮﻡ ﺍﻹﻧﺴﺎﻧﻴﺔ ﺑﺘﻮﻧﺲ)ﺟﺎﻣﻌﺔ ﺗﻮﻧﺲ(","ﺗﺎﺭﻳﺦ-","ﺍﻟﻤﺮﺣﻠﺔ ﺍﻟﺘﺤﻀﻴﺮﻳﺔ ﻟﻠﻌﻠﻮﻡ ﺍﻹﻧﺴﺎﻧﻴﺔ:ﺗﺎﺭﻳﺦ ﺳﻨﺘﺎﻥ ﺳﻨﺔ ﻓﻲ ﻏﺮﺓ ﺳﺒﺘﻤﺒﺮ20 ﺳﻦ ﺃﻗﻞ ﻣﻦ",27,1,1,1,1,1,1
10194,"ﺍﻟﻤﻌﻬﺪ ﺍﻟﺘﺤﻀﻴﺮﻱ ﻟﻠﺪﺭﺍﺳﺎﺕ ﺍﻷﺩﺑﻴﺔ ﻭﺍﻟﻌﻠﻮﻡ ﺍﻹﻧﺴﺎﻧﻴﺔ ﺑﺘﻮﻧﺲ)ﺟﺎﻣﻌﺔ ﺗﻮﻧﺲ(","ﺟﻐﺮﺍﻓﻴﺎ-","ﺍﻟﻤﺮﺣﻠﺔ ﺍﻟﺘﺤﻀﻴﺮﻳﺔ ﻟﻠﻌﻠﻮﻡ ﺍﻹﻧﺴﺎﻧﻴﺔ:ﺟﻐﺮﺍﻓﻴﺎ ﺳﻨﺘﺎﻥ ﺳﻨﺔ ﻓﻲ ﻏﺮﺓ ﺳﺒﺘﻤﺒﺮ20 ﺳﻦ ﺃﻗﻞ ﻣﻦ",27,1,1,1,1,1,1
10195,"ﺍﻟﻤﻌﻬﺪ ﺍﻟﺘﺤﻀﻴﺮﻱ ﻟﻠﺪﺭﺍﺳﺎﺕ ﺍﻷﺩﺑﻴﺔ ﻭﺍﻟﻌﻠﻮﻡ ﺍﻹﻧﺴﺎﻧﻴﺔ ﺑﺘﻮﻧﺲ)ﺟﺎﻣﻌﺔ ﺗﻮﻧﺲ(","19 ﻓﻠﺴﻔﺔ-","ﺍﻟﻤﺮﺣﻠﺔ ﺍﻟﺘﺤﻀﻴﺮﻳﺔ ﻟﻠﻌﻠﻮﻡ ﺍﻹﻧﺴﺎﻧﻴﺔ:ﻓﻠﺴﻔﺔ ﺳﻨﺘﺎﻥ",20,1,1,1,1,1,1
10200,"ﺍﻟﻤﻌﻬﺪﺍﻟﻌﺎﻟﻲ ﻟﻠﻔﻦ ﺍﻟﻤﺴﺮﺣﻲ ﺑﺘﻮﻧﺲ)ﺟﺎﻣﻌﺔ ﺗﻮﻧﺲ(","ﻓﻨﻮﻥ ﻣﺴﺮﺡ ﺍﻟﻌﺮﺍﺋﺲ- ﻓﻦ ﺍﻟﻤﻤﺜﻞ- ﻣﺴﺮﺡ ﺍﻟﻨﺎﺷﺌﺔ ﻭﺍﻟﻮﺳﺎﻃﺔ ﺍﻟﻤﺴﺮﺣﻴﺔ-","ﺍﻹﺟﺎﺯﺓ ﻓﻲ ﺍﻟﻤﺴﺮﺡ ﻭ ﻓﻨﻮﻥ ﺍﻟﻌﺮﺽ ﺳﻨﻮﺍﺕ)ﺃﻣﺪ(3 ﺷﻌﺒﺔ ﺗﺘﻄﻠﺐ ﺍﺧﺘﺒﺎﺭ",24,1,3,5,3,25,2
10201,"ﺍﻟﻤﻌﻬﺪ ﺍﻟﻌﺎﻟﻲ ﻟﻠﻤﻮﺳﻴﻘﻰ ﺑﺘﻮﻧﺲ)ﺟﺎﻣﻌﺔ ﺗﻮﻧﺲ(","38 ﺍﻟﻤﻮﺳﻴﻘﻰ ﻭ ﺍﻟﻌﻠﻮﻡ ﺍﻟﻤﻮﺳﻴﻘﻴﺔ-","ﺍﻹﺟﺎﺯﺓ ﻓﻲ ﺍﻟﻤﻮﺳﻴﻘﻰ ﻭ ﺍﻟﻌﻠﻮﻡ ﺍﻟﻤﻮﺳﻴﻘﻴﺔ ﺳﻨﻮﺍﺕ)ﺃﻣﺪ(3 ﺷﻌﺒﺔ ﺗﺘﻄﻠﺐ ﺍﺧﺘﺒﺎﺭ",20,2,3,6,3,44,6
10202,"ﺍﻟﻤﻌﻬﺪ ﺍﻟﻌﺎﻟﻰ ﻟﻠﻔﻨﻮﻥ ﺍﻟﺠﻤﻴﻠﺔ ﺑﺘﻮﻧﺲ)ﺟﺎﻣﻌﺔ ﺗﻮﻧﺲ(","ﺣﻔﺮ- ﺧﺰﻑ- ﺭﺳﻢ- ﻓﻮﺗﻮﻏﺮﺍﻓﻴﺎ- ﻧﺤﺖ-","ﺍﻹﺟﺎﺯﺓ ﻓﻲ ﺍﻟﻔﻨﻮﻥ ﺍﻟﺘﺸﻜﻴﻠﻴﺔ ﺳﻨﻮﺍﺕ)ﺃﻣﺪ(3",94,9,8,18,11,71,18
10203,"ﺍﻟﻤﺪﺭﺳﺔ ﺍﻟﻮﻃﻨﻴﺔ ﻟﻠﻬﻨﺪﺳﺔ ﺍﻟﻤﻌﻤﺎﺭﻳﺔ ﻭ ﺍﻟﺘﻌﻤﻴﺮ ﺑﺘﻮﻧﺲ)ﺟﺎﻣﻌﺔ ﻗﺮﻃﺎﺝ(","ﺍﻟﻬﻨﺪﺳﺔ ﺍﻟﻤﻌﻤﺎﺭﻳﺔ -","ﺍﻟﻬﻨﺪﺳﺔ ﺍﻟﻤﻌﻤﺎﺭﻳﺔ ﺳﻨﻮﺍﺕ6",2,100,70,24,100,2,2
10207,"ﺍﻟﻤﻌﻬﺪ ﺍﻟﻌﺎﻟﻰ ﻟﻠﻔﻨﻮﻥ ﺍﻟﺠﻤﻴﻠﺔ ﺑﺘﻮﻧﺲ)ﺟﺎﻣﻌﺔ ﺗﻮﻧﺲ(","ﺳﻴﻨﻮﻏﺮﺍﻓﻴﺎ- ﻫﻨﺪﺳﺔ ﺩﺍﺧﻠﻴﺔ-","ﺍﻹﺟﺎﺯﺓ ﻓﻲ ﺗﺼﻤﻴﻢ ﺍﻟﻔﻀﺎﺀ ﺳﻨﻮﺍﺕ)ﺃﻣﺪ(3",9,2,4,17,25,52,1
10208,"ﺍﻟﻤﻌﻬﺪ ﺍﻟﻌﺎﻟﻰ ﻟﻠﻔﻨﻮﻥ ﺍﻟﺠﻤﻴﻠﺔ ﺑﺘﻮﻧﺲ)ﺟﺎﻣﻌﺔ ﺗﻮﻧﺲ(","45 ﺇﺑﺘﻜﺎﺭ ﺻﻨﺎﻋﻲ-","ﺍﻻﺟﺎﺯﺓ ﻓﻲ ﺗﺼﻤﻴﻢ ﺍﻟﻤﻨﺘﻮﺝ ﺳﻨﻮﺍﺕ)ﺃﻣﺪ(3",4,3,4,16,26,57,2
10209,"ﺍﻟﻤﻌﻬﺪ ﺍﻟﻌﺎﻟﻰ ﻟﻠﻔﻨﻮﻥ ﺍﻟﺠﻤﻴﻠﺔ ﺑﺘﻮﻧﺲ)ﺟﺎﻣﻌﺔ ﺗﻮﻧﺲ(","48 ﺇﺷﻬﺎﺭ ﺧﻄﻲ- ﻓﻦ ﺗﺤﺮﻳﻚ ﺍﻟﺼﻮﺭﺓ-","ﺍﻻﺟﺎﺯﺓ ﻓﻲ ﺗﺼﻤﻴﻢ ﺍﻟﺼﻮﺭﺓ ﺳﻨﻮﺍﺕ)ﺃﻣﺪ(3",9,4,4,23,21,49,2
10244,"ﺍﻟﻤﻌﻬﺪ ﺍﻟﻌﺎﻟﻲ ﻟﺘﻜﻨﻮﻟﻮﺟﻴﺎﺕ ﺍﻟﺒﻴﺌﺔ ﻭﺍﻟﻌﻤﺮﺍﻥ ﻭﺍﻟﺒﻨﻴﺎﻥ)ﺟﺎﻣﻌﺔ ﻗﺮﻃﺎﺝ(","ﺍﻟﺘﻌﻤﻴﺮ ﻭﺍﻟﺘﻬﻴﺌﺔ-","ﺍﻹﺟﺎﺯﺓ ﻓﻲ ﺍﻟﺘﻌﻤﻴﺮ ﻭ ﺍﻟﺘﻬﻴﺌﺔ ﺳﻨﻮﺍﺕ)ﺃﻣﺪ(3",1,7,8,,60,26,
10260,"ﺍﻟﻤﻌﻬﺪ ﺍﻟﻌﺎﻟﻲ ﻷﺻﻮﻝ ﺍﻟﺪﻳﻦ ﺑﺘﻮﻧﺲ) ﺟﺎﻣﻌﺔ ﺍﻟﺰﻳﺘﻮﻧﺔ(","ﻓﻨﻮﻥ ﻭﺗﻘﻨﻴﺎﺕ ﺍﻟﺘﺮﺍﺙ ﺍﻻﺳﻼﻣﻲ-","ﺍﻹﺟﺎﺯﺓ ﻓﻲ ﻓﻨﻮﻥ ﻭﺗﻘﻨﻴﺎﺕ ﺍﻟﺘﺮﺍﺙ ﺍﻹﺳﻼﻣﻲ ﺳﻨﻮﺍﺕ)ﺃﻣﺪ(3",11,1,1,1,1,14,
10265,"ﺍﻟﻤﻌﻬﺪ ﺍﻟﻌﺎﻟﻲ ﻟﻔﻨﻮﻥ ﺍﻟﻤﻠﺘﻤﻴﺪﻳﺎ ﺑﻤﻨﻮﺑﺔ)ﺟﺎﻣﻌﺔ ﻣﻨﻮﺑﺔ(","ﺍﻹﺧﺮﺍﺝ ﻭﺍﻹﻧﺘﺎﺝ- ﺍﻟﺘﺮﻛﻴﺐ- ﺍﻟﺘﺼﻮﻳﺮ ﻭ ﺍﻹﺿﺎﺀﺓ- ﺍﻟﺼﻮﺕ-","ﺍﻹﺟﺎﺯﺓ ﻓﻲ ﺍﻟﺴﻴﻨﻤﺎ ﻭﺍﻟﺴﻤﻌﻲ ﺍﻟﺒﺼﺮﻱ ﺳﻨﻮﺍﺕ)ﺃﻣﺪ(3 ﺷﻌﺒﺔ ﺗﺘﻄﻠﺐ ﺍﺧﺘﺒﺎﺭ",18,8,7,32,20,26,
10301,"ﻛﻠﻴﺔ ﺍﻟﺤﻘﻮﻕ ﻭﺍﻟﻌﻠﻮﻡ ﺍﻟﺴﻴﺎﺳﻴﺔ ﺑﺘﻮﻧﺲ)ﺟﺎﻣﻌﺔ ﺗﻮﻧﺲ ﺍﻟﻤﻨﺎﺭ(","ﺍﻟﻘﺎﻧﻮﻥ ﺍﻟﺨﺎﺹ - ﺍﻟﻘﺎﻧﻮﻥ ﺍﻟﻌﺎﻡ-","ﺍﻹﺟﺎﺯﺓ ﻓﻲ ﺍﻟﻘﺎﻧﻮﻥ ﺳﻨﻮﺍﺕ)ﺃﻣﺪ(3",258,10,16,2,2,109,14
10311,"ﺍﻟﻤﻌﻬﺪ ﺍﻟﻌﺎﻟﻲ ﻟﻠﺘﺼﺮﻑ ﺑﺘﻮﻧﺲ)ﺟﺎﻣﻌﺔ ﺗﻮﻧﺲ(","ﺫﻛﺎﺀ ﺍﻷﻋﻤﺎﻝ - ﻧﻈﻢ ﻣﻌﻠﻮﻣﺎﺕ ﺍﻷﻋﻤﺎﻝ-","ﺍﻹﺟﺎﺯﺓ ﻓﻲ ﺇﻋﻼﻣﻴﺔ ﺍﻟﺘـﺼـﺮﻑ ﺳﻨﻮﺍﺕ)ﺃﻣﺪ(3",,19,13,101,2,123,
10312,"ﺍﻟﻤﻌﻬﺪ ﺍﻟﻌﺎﻟﻲ ﻟﻠﺘﺼﺮﻑ ﺑﺘﻮﻧﺲ)ﺟﺎﻣﻌﺔ ﺗﻮﻧﺲ(","ﻋﻠﻢ ﺍﻟﺒﻴﺎﻧﺎﺕ ﻟﻼﻗﺘﺼﺎﺩ ﻭﺍﻟﻤﺎﻟﻴﺔ-","ﺍﻻﺟﺎﺯﺓ ﻓﻲ ﺍﻟﻌﻠﻮﻡ ﺍﻻﻗﺘﺼﺎﺩﻳﺔ ﺳﻨﻮﺍﺕ)ﺃﻣﺪ(3",,30,30,,,112,
10313,"ﺍﻟﻤﻌﻬﺪ ﺍﻟﻌﺎﻟﻲ ﻷﺻﻮﻝ ﺍﻟﺪﻳﻦ ﺑﺘﻮﻧﺲ) ﺟﺎﻣﻌﺔ ﺍﻟﺰﻳﺘﻮﻧﺔ(","ﺍﻟﻤﺎﻟﻴﺔ ﺍﻹﺳﻼﻣﻴﺔ-","ﺍﻹﺟﺎﺯﺓ ﻓﻲ ﺍﻟﻤﺎﻟﻴﺔ ﺍﻹﺳﻼﻣﻴﺔ ﺳﻨﻮﺍﺕ)ﺃﻣﺪ(3",,1,1,,,36,
10318,"ﺍﻟﻤﻌﻬﺪ ﺍﻟﻌﺎﻟﻲ ﻟﻠﺘﺼﺮﻑ ﺑﺘﻮﻧﺲ)ﺟﺎﻣﻌﺔ ﺗﻮﻧﺲ(","ﺍﻟﺘﺼﺮﻑ ﻓﻲ ﺍﻟﻤﻮﺍﺭﺩ ﺍﻟﺒﺸﺮﻳﺔ- ﺇﺩﺍﺭﺓ ﺍﻷﻋﻤﺎﻝ- ﺍﻟﺘﺴﻮﻳﻖ- ﺍﻟﻤﺎﻟﻴﺔ- ﺍﻟﻤﺤﺎﺳﺒﺔ-","ﺍﻹﺟﺎﺯﺓ ﻓﻲ ﻋﻠﻮﻡ ﺍﻟﺘﺼﺮﻑ ﺳﻨﻮﺍﺕ)ﺃﻣﺪ(3",,70,70,5,1,357,
10346,"ﺍﻟﻤﻌﻬﺪ ﺍﻟﻮﻃﻨﻲ ﻟﻠﺸﻐﻞ ﻭﺍﻟﺪﺭﺍﺳﺎﺕ ﺍﻹﺟﺘﻤﺎﻋﻴﺔ ﺑﺘﻮﻧﺲ)ﺟﺎﻣﻌﺔ ﻣﻨﻮﺑﺔ(","55 ﺍﻟﻘﺎﻧﻮﻥ ﺍﻹﺟﺘﻤﺎﻋﻲ- ﺍﺧﺘﻴﺎﺭﺍﺕ ﻋﻠﻰ ﺍﻷﻗﻞ06ﻳﺘﻌﻴﻦ ﻋﻠﻰ ﻛﻞ ﻣﺘﺮﺷﺢ ﺗﻌﻤﻴﺮ","ﺍﻹﺟﺎﺯﺓ ﻓﻲ ﺍﻟﻘﺎﻧﻮﻥ ﺍﻻﺟﺘﻤﺎﻋﻲ ﺳﻨﻮﺍﺕ)ﺃﻣﺪ(3",23,,,,,22,
10347,"ﺍﻟﻤﻌﻬﺪ ﺍﻟﻮﻃﻨﻲ ﻟﻠﺸﻐﻞ ﻭﺍﻟﺪﺭﺍﺳﺎﺕ ﺍﻹﺟﺘﻤﺎﻋﻴﺔ ﺑﺘﻮﻧﺲ)ﺟﺎﻣﻌﺔ ﻣﻨﻮﺑﺔ(","66 ﻋﻠﻮﻡ ﺍﻟﺸﻐﻞ-","ﺍﻻﺟﺎﺯﺓ ﻓﻲ ﻋﻠﻮﻡ ﺍﻟﺸﻐﻞ ﺳﻨﻮﺍﺕ)ﺃﻣﺪ(3",20,1,1,1,1,20,
10355,"ﺍﻟﻤﻌﻬﺪ ﺍﻟﻮﻃﻨﻲ ﻟﻠﺸﻐﻞ ﻭﺍﻟﺪﺭﺍﺳﺎﺕ ﺍﻹﺟﺘﻤﺎﻋﻴﺔ ﺑﺘﻮﻧﺲ)ﺟﺎﻣﻌﺔ ﻣﻨﻮﺑﺔ(","ﺍﻟﺨﺪﻣﺔ ﺍﻻﺟﺘﻤﺎﻋﻴﺔ-","ﺍﻹﺟﺎﺯﺓ ﻓﻲ ﺍﻟﺨﺪﻣﺔ ﺍﻻﺟﺘﻤﺎﻋﻴﺔ ﺳﻨﻮﺍﺕ)ﺃﻣﺪ(3",51,,,,,19,
10360,"ﺍﻟﻤﻌﻬﺪ ﺍﻟﻌﺎﻟﻲ ﻟﻠﺪﺭﺍﺳﺎﺕ ﺍﻟﺘﻜﻨﻮﻟﻮﺟﻴﺔ ﻓﻲ ﺍﻟﻤﻮﺍﺻﻼﺕ ﺑﺘﻮﻧﺲ)ﺍﻹﺩﺍﺭﺓ ﺍﻟﻌﺎﻣﺔ ﻟﻠﺪﺭﺍﺳﺎﺕ ﺍﻟﺘﻜﻨﻮﻟﻮﺟﻴﺔ(","ﺍﻟﺘﺼﺮﻑ ﻓﻲ ﺗﻜﻨﻮﻟﻮﺟﻴﺎﺕ ﺍﻟﻤﻌﻠﻮﻣﺎﺕ- ﻭﺍﻹﺗﺼﺎﻻﺕ","ﺍﻹﺟﺎﺯﺓ ﻓﻲ ﺍﻟﺘﺼﺮﻑ ﻓﻲ ﺗﻜﻨﻮﻟﻮﺟﻴﺎﺕ ﺍﻟﻤﻌﻠﻮﻣﺎﺕ ﻭﺍﻻﺗﺼﺎﻝ ﺳﻨﻮﺍﺕ)ﺃﻣﺪ(3",,23,23,59,,63,
10362,"ﺍﻟﻤﻌﻬﺪ ﺍﻟﻌﺎﻟﻲ ﻟﻠﺘﻮﺛﻴﻖ ﺑﺘﻮﻧﺲ)ﺟﺎﻣﻌﺔ ﻣﻨﻮﺑﺔ(","ﺍﻟﺘﺼﺮﻑ ﺍﻹﻟﻜﺘﺮﻭﻧﻲ ﻓﻲ ﺍﻟﻤﻌﻠﻮﻣﺎﺕ- ﻭﺍﻟﻮﺛﺎﺋﻖ","ﺍﻹﺟﺎﺯﺓ ﻓﻲ ﺍﻟﺘﺼﺮﻑ ﺍﻹﻟﻜﺘﺮﻭﻧﻲ ﻓﻲ ﺍﻟﻤﻌﻠﻮﻣﺎﺕ ﻭ ﺍﻟﻮﺛﺎﺋﻖ ﺳﻨﻮﺍﺕ)ﺃﻣﺪ(3",11,7,6,40,12,21,
10363,"ﺍﻟﻤﻌﻬﺪ ﺍﻟﻌﺎﻟﻲ ﻟﻠﺘﻮﺛﻴﻖ ﺑﺘﻮﻧﺲ)ﺟﺎﻣﻌﺔ ﻣﻨﻮﺑﺔ(","ﺍﻟﺘﻮﺛﻴﻖ ﻭﻋﻠﻮﻡ ﺍﻟﻤﻜﺘﺒﺎﺕ ﻭﺍﻷﺭﺷﻴﻒ -","ﺍﻹﺟﺎﺯﺓ ﻓﻲ ﺍﻟﺘﻮﺛﻴﻖ ﻭﻋﻠﻮﻡ ﺍﻟﻤﻜﺘﺒﺎﺕ ﻭﺍﻷﺭﺷﻴﻒ ﺳﻨﻮﺍﺕ)ﺃﻣﺪ(3",77,1,1,12,2,43,
10377,"ﺍﻟﻤﻌﻬﺪ ﺍﻟﻌﺎﻟﻲ ﻟﻸﻋﻤﺎﻝ ﺑﺘﻮﻧﺲ)ﺟﺎﻣﻌﺔ ﺗﻮﻧﺲ( ﺗﺪﺭﺱ ﺑﺎﻟﻠﻐﺔ ﺍﻻﻧﻘﻠﻴﺰﻳﺔ","67 ﺍﻻﻗﺘﺼﺎﺩ ﺍﻟﺪﻭﻟﻲ- ﺍﻟﺘﺴﻮﻳﻖ- ﺍﻟﻤﺎﻟﻴﺔ- ﺍﻟﻤﺤﺎﺳﺒﺔ- ﺗﺤﻠﻴﻞ ﺍﻷﻋﻤﺎﻝ- ﺗﻜﻨﻮﻟﻮﺟﻴﺎ ﺍﻟﻤﻌﻠﻮﻣﺎﺕ- ﺍﺧﺘﻴﺎﺭﺍﺕ ﻋﻠﻰ ﺍﻷﻗﻞ06ﻳﺘﻌﻴﻦ ﻋﻠﻰ ﻛﻞ ﻣﺘﺮﺷﺢ ﺗﻌﻤﻴﺮ","ﺍﻟﺒﻜﺎﻟﻮﺭﻳﻮﺱ ﻓﻲ ﺇﺩﺍﺭﺓ ﺍﻷﻋﻤﺎﻝ ﺳﻨﻮﺍﺕ4 ﺷﻌﺒﺔ ﺗﺘﻄﻠﺐ ﺍﺧﺘﺒﺎﺭ",,120,120,35,35,180,
10440,"ﺍﻟﻤﻌﻬﺪ ﺍﻟﻌﺎﻟﻲ ﻟﻠﺘﻨﺸﻴﻂ ﺍﻟﺸﺒﺎﺑﻲ ﻭﺍﻟﺜﻘﺎﻓﻲ ﺑﺒﺌﺮ ﺍﻟﺒﺎﻱ)ﺟﺎﻣﻌﺔ ﺗﻮﻧﺲ(","ﺍﻟﺘﻨﺸﻴﻂ ﺍﻟﺴﻴﺎﺣﻲ-","ﺍﻹﺟﺎﺯﺓ ﻓﻲ ﺍﻟﺘﻨﺸﻴﻂ ﺍﻟﺴﻴﺎﺣﻲ ﺳﻨﻮﺍﺕ)ﺃﻣﺪ(3 ﺗﺮﺑﻴﺔ ﺑﺪﻧﻴﺔ ﺇﺟﺒﺎﺭﻳﺔ ﺷﻌﺒﺔ ﺗﺘﻄﻠﺐ ﺍﺧﺘﺒﺎﺭ",16,1,1,1,1,10,5
10442,"ﺍﻟﻤﻌﻬﺪ ﺍﻟﻌﺎﻟﻲ ﻟﻠﺘﻨﺸﻴﻂ ﺍﻟﺸﺒﺎﺑﻲ ﻭﺍﻟﺜﻘﺎﻓﻲ ﺑﺒﺌﺮ ﺍﻟﺒﺎﻱ)ﺟﺎﻣﻌﺔ ﺗﻮﻧﺲ(","ﺍﻟﺘﻨﺸﻴﻂ ﺍﻟﺸﺒﺎﺑﻲ-","ﺍﻹﺟﺎﺯﺓ ﻓﻲ ﺍﻟﺘﻨﺸﻴﻂ ﺍﻟﺸﺒﺎﺑﻲ ﺳﻨﻮﺍﺕ)ﺃﻣﺪ(3 ﺗﺮﺑﻴﺔ ﺑﺪﻧﻴﺔ ﺇﺟﺒﺎﺭﻳﺔ ﺷﻌﺒﺔ ﺗﺘﻄﻠﺐ ﺍﺧﺘﺒﺎﺭ",16,1,1,1,1,12,5
10443,"ﺍﻟﻤﻌﻬﺪ ﺍﻟﻌﺎﻟﻲ ﻟﻠﺘﻨﺸﻴﻂ ﺍﻟﺸﺒﺎﺑﻲ ﻭﺍﻟﺜﻘﺎﻓﻲ ﺑﺒﺌﺮ ﺍﻟﺒﺎﻱ)ﺟﺎﻣﻌﺔ ﺗﻮﻧﺲ(","34 ﺍﻟﻮﺳﺎﻃﺔ ﻭﺍﻟﺘﻨﺸﻴﻂ ﺍﻟﺜﻘﺎﻓﻲ-","ﺍﻹﺟﺎﺯﺓ ﻓﻲ ﺍﻟﻮﺳﺎﻃﺔ ﻭﺍﻟﺘﻨﺸﻴﻂ ﺍﻟﺜﻘﺎﻓﻲ ﺳﻨﻮﺍﺕ)ﺃﻣﺪ(3 ﺗﺮﺑﻴﺔ ﺑﺪﻧﻴﺔ ﺇﺟﺒﺎﺭﻳﺔ ﺷﻌﺒﺔ ﺗﺘﻄﻠﺐ ﺍﺧﺘﺒﺎﺭ",94,7,1,6,2,46,28
10450,"ﺍﻟﻤﻌﻬﺪ ﺍﻟﻌﺎﻟﻲ ﻟﻠﺮﻳﺎﺿﺔ ﻭ ﺍﻟﺘﺮﺑﻴﺔ ﺍﻟﺒﺪﻧﻴﺔ ﺑﻘﺼﺮ ﺍﻟﺴﻌﻴﺪ)ﺟﺎﻣﻌﺔ ﻣﻨﻮﺑﺔ(","ﺍﻟﺘﺪﺭﻳﺐ ﺍﻟﺮﻳﺎﺿﻲ- ﺍﻟﺘﺮﺑﻴﺔ ﻭﺍﻟﺤﺮﻛﻴﺔ-","ﺍﻹﺟﺎﺯﺓ ﻓﻲ ﻋﻠﻮﻡ ﻭﺗﻘﻨﻴﺎﺕ ﺍﻷﻧﺸﻄﺔ ﺍﻟﺒﺪﻧﻴﺔ ﻭﺍﻟﺮﻳﺎﺿﺔ ﺳﻨﻮﺍﺕ)ﺃﻣﺪ(3 ﺗﺮﺑﻴﺔ ﺑﺪﻧﻴﺔ ﺇﺟﺒﺎﺭﻳﺔ، ﻭﻋﺪﺩ ﻣﺎﺩﺓ 16<= ﺍﻟﺘﺮﺑﻴﺔ ﺍﻟﺒﺪﻧﻴﺔ ﺷﻌﺒﺔ ﺗﺘﻄﻠﺐ ﺍﺧﺘﺒﺎﺭ",3,3,2,5,3,4,385
10452,"ﺍﻟﻤﻌﻬﺪ ﺍﻟﻌﺎﻟﻲ ﻟﻠﺪﺭﺍﺳﺎﺕ ﺍﻟﺴﻴﺎﺣﻴﺔ ﻭﺍﻟﻔﻨﺪﻗﻴﺔ ﺑﺴﻴﺪﻱ ﺍﻟﻈﺮﻳﻒ)ﺟﺎﻣﻌﺔ ﻗﺮﻃﺎﺝ(","ﺩﻟﻴﻞ ﺳﻴﺎﺣﻲ- ﺇﺩﺍﺭﺓ ﺍﻟﻤﻨﺘﺠﺎﺕ ﻭﺍﻟﺨﺪﻣﺎﺕ ﺍﻟﺴﻴﺎﺣﻴﺔ-","ﺍﻻﺟﺎﺯﺓ ﻓﻲ ﺍﻟﺴﻴﺎﺣﺔ ﺳﻨﻮﺍﺕ)ﺃﻣﺪ(3 ﺷﻌﺒﺔ ﺗﺘﻄﻠﺐ ﺍﺧﺘﺒﺎﺭ",21,3,1,10,1,108,9
10453,"ﺍﻟﻤﻌﻬﺪ ﺍﻟﻌﺎﻟﻲ ﻟﻠﺪﺭﺍﺳﺎﺕ ﺍﻟﺴﻴﺎﺣﻴﺔ ﻭﺍﻟﻔﻨﺪﻗﻴﺔ ﺑﺴﻴﺪﻱ ﺍﻟﻈﺮﻳﻒ)ﺟﺎﻣﻌﺔ ﻗﺮﻃﺎﺝ(","36 ﺇﺩﺍﺭﺓ ﻓﻦ ﺍﻟﻄﻬﻲ ﻭﺍﻟﻤﻄﺎﻋﻢ- ﺇﺩﺍﺭﺓ ﺍﻟﻀﻴﺎﻓﺔ ﻭﺍﻻﺳﺘﺪﺍﻣﺔ- ﺍﺧﺘﻴﺎﺭﺍﺕ ﻋﻠﻰ ﺍﻷﻗﻞ06ﻳﺘﻌﻴﻦ ﻋﻠﻰ ﻛﻞ ﻣﺘﺮﺷﺢ ﺗﻌﻤﻴﺮ","ﺍﻹﺟﺎﺯﺓ ﻓﻲ ﺍﻟﻔﻨﺪﻗﺔ ﺳﻨﻮﺍﺕ)ﺃﻣﺪ(3 ﺷﻌﺒﺔ ﺗﺘﻄﻠﺐ ﺍﺧﺘﺒﺎﺭ",21,3,1,10,1,108,9
10470,"ﺍﻟﻤﻌﻬﺪ ﺍﻟﻌﺎﻟﻲ ﻹﻃﺎﺭﺍﺕ ﺍﻟﻄﻔﻮﻟﺔ ﺑﻘﺮﻃﺎﺝ ﺩﺭﻣﺶ)ﺟﺎﻣﻌﺔ ﻗﺮﻃﺎﺝ(","29 ﺍﻟﺘﺮﺑﻴﺔ ﻣﺎ ﻗﺒﻞ ﺍﻟﻤﺪﺭﺳﺔ- ﺍﻟﻤﺮﺍﻓﻘﺔ ﺍﻟﺘﺮﺑﻮﻳﺔ-","ﺍﻹﺟﺎﺯﺓ ﻓﻲ ﻋﻠﻮﻡ ﺍﻟﺘﺮﺑﻴﺔ ﺳﻨﻮﺍﺕ)ﺃﻣﺪ(3 ﺷﻌﺒﺔ ﺗﺘﻄﻠﺐ ﺍﺧﺘﺒﺎﺭ",74,14,20,5,9,28,1
10473,"ﺍﻟﻤﻌﻬﺪ ﺍﻟﻌﺎﻟﻲ ﻟﻠﺘﺮﺑﻴﺔ ﺍﻟﻤﺨﺘﺼﺔ)ﺟﺎﻣﻌﺔ ﻣﻨﻮﺑﺔ(","ﺍﻟﺘﺮﺑﻴﺔ ﺍﻟﻤﺨﺘﺼﺔ-","ﺍﻹﺟﺎﺯﺓ ﻓﻲ ﺍﻟﺘﺮﺑﻴﺔ ﺍﻟﻤﺨﺘﺼﺔ ﺳﻨﻮﺍﺕ)ﺃﻣﺪ(3 ﺗﺮﺑﻴﺔ ﺑﺪﻧﻴﺔ ﺇﺟﺒﺎﺭﻳﺔ",3,2,12,1,3,18,1
10501,"ﻛﻠﻴﺔ ﺍﻟﻌﻠﻮﻡ ﺑﺘﻮﻧﺲ)ﺟﺎﻣﻌﺔ ﺗﻮﻧﺲ ﺍﻟﻤﻨﺎﺭ(","71 ﺍﻟﻜﻴﻤﻴﺎﺀ ﺍﻟﺪﻗﻴﻘﺔ - ﻛﻴﻤﻴﺎﺋﻴﺔ ﻭﻣﺮﺍﻗﺒﺔ-ﺍﻟﺘﺤﺎﻟﻴﻞ ﺍﻟﻔﻴﺰﻳﺎﺀ- ﺍﻟﺠﻮﺩﺓ ﺍﻟﻌﻠﻮﻡ ﺍﻟﻜﻴﻤﻴﺎﺋﻴﺔ ﻭﺍﻻﺑﺘﻜﺎﺭﺍﺕ - ﻛﻴﻤﻴﺎﺀ ﺍﻟﻤﻮﺍﺩ-","ﺍﻹﺟﺎﺯﺓ ﻓﻲ ﺍﻟﻜﻴﻤﻴﺎﺀ ﺳﻨﻮﺍﺕ)ﺃﻣﺪ(3",,6,60,,6,,
10502,"ﻛﻠﻴﺔ ﺍﻟﻌﻠﻮﻡ ﺑﺘﻮﻧﺲ)ﺟﺎﻣﻌﺔ ﺗﻮﻧﺲ ﺍﻟﻤﻨﺎﺭ(","ﺍﻟﻔﻴﺰﻳﺎﺀ ﻭﺍﻟﻜﻴﻤﻴﺎﺀ-","ﺍﻹﺟﺎﺯﺓ ﻓﻲ ﺍﻟﻔﻴﺰﻳﺎﺀ ﻭ ﺍﻟﻜﻴﻤﻴﺎﺀ ﺳﻨﻮﺍﺕ)ﺃﻣﺪ(3",,8,75,,2,,
10503,"ﻛﻠﻴﺔ ﺍﻟﻌﻠﻮﻡ ﺑﺘﻮﻧﺲ)ﺟﺎﻣﻌﺔ ﺗﻮﻧﺲ ﺍﻟﻤﻨﺎﺭ(","ﺍﻟﻔﻴﺰﻳﺎﺀ ﺍﻟﺤﺪﻳﺜﺔ ﻭﺍﻟﻜﻤﻴﺔ- ﺍﻟﻔﻴﺰﻳﺎﺀ ﺍﻟﺮﻗﻤﻴﺔ ﻭﺍﻟﻨﻤﺬﺟﺔ-","ﺍﻹﺟﺎﺯﺓ ﻓﻲ ﺍﻟﻔﻴﺰﻳﺎﺀ ﺳﻨﻮﺍﺕ)ﺃﻣﺪ(3",,5,14,,6,,
10504,"ﻛﻠﻴﺔ ﺍﻟﻌﻠﻮﻡ ﺑﺘﻮﻧﺲ)ﺟﺎﻣﻌﺔ ﺗﻮﻧﺲ ﺍﻟﻤﻨﺎﺭ(","73 ﻓﻴﺰﻳﺎﺀ ﺍﻟﻄﺎﻗﺔ ﻭﺍﻟﻤﻮﺍﺩ-","ﺍﻹﺟﺎﺯﺓ ﻓﻲ ﺍﻟﻔﻴﺰﻳﺎﺀ ﻭ ﺍﻟﻄﺎﻗﺔ ﺳﻨﻮﺍﺕ)ﺃﻣﺪ(3",,8,38,,47,,
10505,"ﻛﻠﻴﺔ ﺍﻟﻌﻠﻮﻡ ﺑﺘﻮﻧﺲ)ﺟﺎﻣﻌﺔ ﺗﻮﻧﺲ ﺍﻟﻤﻨﺎﺭ(","ﺍﻟﺮﻳﺎﺿﻴﺎﺕ ﻭﺍﻹﻋﻼﻣﻴﺔ- ﺍﻟﺮﻳﺎﺿﻴﺎﺕ ﻭﻋﻠﻮﻡ ﺍﻟﺒﻴﺎﻧﺎﺕ-","ﺍﻻﺟﺎﺯﺓ ﻓﻲ ﺍﻟﺮﻳﺎﺿﻴﺎﺕ ﺍﻟﺘﻄﺒﻴﻘﻴﺔ ﺳﻨﻮﺍﺕ)ﺃﻣﺪ(3",,75,30,12,23,,
10507,"ﻛﻠﻴﺔ ﺍﻟﻌﻠﻮﻡ ﺑﺘﻮﻧﺲ)ﺟﺎﻣﻌﺔ ﺗﻮﻧﺲ ﺍﻟﻤﻨﺎﺭ(","75 ﻋﻠﻮﻡ ﺍﻟﺮﻳﺎﺿﻴﺎﺕ-","ﺍﻹﺟﺎﺯﺓ ﻓﻲ ﺍﻟﺮﻳﺎﺿﻴﺎﺕ ﺳﻨﻮﺍﺕ)ﺃﻣﺪ(3",,27,8,1,1,,
10509,"ﺍﻟﻤﻌﻬﺪ ﺍﻟﻌﺎﻟﻲ ﻟﻠﺒﻴﻮﺗﻜﻨﻮﻟﻮﺟﻴﺎ ﺑﺴﻴﺪﻱ ﺛﺎﺑﺖ)ﺟﺎﻣﻌﺔ ﻣﻨﻮﺑﺔ(","ﺍﻟﺒﻴﻮﻟﻮﺟﻴﺎ ﺍﻟﺠﺰﻳﺌﻴﺔ ﺍﻟﻤﻄﺒﻘﺔ ﻓﻲ ﻣﺠﺎﻝ- ﺍﻟﺼﺤﺔ","ﺍﻹﺟﺎﺯﺓ ﻓﻲ ﻋﻠﻮﻡ ﺍﻷﺣﻴﺎﺀ ﺳﻨﻮﺍﺕ)ﺃﻣﺪ(3",,5,80,,,,
10510,"ﻛﻠﻴﺔ ﺍﻟﻌﻠﻮﻡ ﺑﺘﻮﻧﺲ)ﺟﺎﻣﻌﺔ ﺗﻮﻧﺲ ﺍﻟﻤﻨﺎﺭ(","ﺍﻟﺠﻴﻮﺗﻘﻨﻴﺎﺕ ﻭﺇﺩﺍﺭﺓ ﺍﻟﻤﻴﺎﻩ- ﺍﻟﻤﻮﺍﺭﺩ ﺍﻟﻤﻌﺪﻧﻴﺔ ﻭﺍﻟﺒﻴﺌﺔ- ﺍﻟﻤﻮﺍﺭﺩ ﺍﻟﺠﻴﻮﻟﻮﺟﻴﺔ ﺍﻟﻄﺎﻗﻴﺔ-","ﺍﻹﺟﺎﺯﺓ ﻓﻲ ﻋﻠﻮﻡ ﺍﻷﺭﺽ ﺳﻨﻮﺍﺕ)ﺃﻣﺪ(3",,4,76,,5,,
10511,"ﻛﻠﻴﺔ ﺍﻟﻌﻠﻮﻡ ﺑﺘﻮﻧﺲ)ﺟﺎﻣﻌﺔ ﺗﻮﻧﺲ ﺍﻟﻤﻨﺎﺭ(","ﺍﻟﻤﻌﻠﻮﻣﺎﺗﻴﺔ ﺍﻟﺤﻴﻮﻳﺔ-","ﺍﻹﺟﺎﺯﺓ ﻓﻲ ﺍﻟﻤﻌﻠﻮﻣﺎﺗﻴﺔ ﺍﻟﺤﻴﻮﻳﺔ ﺳﻨﻮﺍﺕ)ﺃﻣﺪ(3",,2,33,,,,
10512,"ﻛﻠﻴﺔ ﺍﻟﻌﻠﻮﻡ ﺑﺘﻮﻧﺲ)ﺟﺎﻣﻌﺔ ﺗﻮﻧﺲ ﺍﻟﻤﻨﺎﺭ(","78 ﺍﻟﺘﺼﺮﻑ ﻭﺗﺜﻤﻴﻦ ﺍﻟﻤﻮﺍﺭﺩ ﺍﻟﺒﻴﺌﻴﺔ-","ﺍﻹﺟﺎﺯﺓ ﻓﻲ ﻋﻠﻮﻡ ﺍﻷﺣﻴﺎﺀ ﻭﺍﻟﺒﻴﺌﺔ ﺳﻨﻮﺍﺕ)ﺃﻣﺪ(3",,2,33,,,,
10513,"ﻛﻠﻴﺔ ﺍﻟﻌﻠﻮﻡ ﺑﺘﻮﻧﺲ)ﺟﺎﻣﻌﺔ ﺗﻮﻧﺲ ﺍﻟﻤﻨﺎﺭ(","ﻋﻠﻮﻡ ﺍﻟﺤﻴﺎﺓ ﻭﺍﻷﺭﺽ-","ﺍﻹﺟﺎﺯﺓ ﻓﻲ ﻋﻠﻮﻡ ﺍﻟﺤﻴﺎﺓ ﻭ ﺍﻷﺭﺽ ﺳﻨﻮﺍﺕ)ﺃﻣﺪ(3",,2,33,,,,
10514,"ﻛﻠﻴﺔ ﺍﻟﻌﻠﻮﻡ ﺑﺘﻮﻧﺲ)ﺟﺎﻣﻌﺔ ﺗﻮﻧﺲ ﺍﻟﻤﻨﺎﺭ(","ﻛﻴﻤﻴﺎﺀ ﻭﻋﻠﻮﻡ ﺍﻷﺣﻴﺎﺀ -","ﻋﻠﻢ ﺍﻷﺣﻴﺎﺀ- ﺍﻹﺟﺎﺯﺓ ﻓﻲ ﺍﻟﻜﻴﻤﻴﺎﺀ ﺳﻨﻮﺍﺕ)ﺃﻣﺪ(3",,1,33,,1,,
10516,"ﺍﻟﻤﻌﻬﺪ ﺍﻟﻌﺎﻟﻲ ﻟﻠﺘﻜﻨﻮﻟﻮﺟﻴﺎﺕ ﺍﻟﻄﺒﻴﺔ ﺑﺘﻮﻧﺲ)ﺟﺎﻣﻌﺔ ﺗﻮﻧﺲ ﺍﻟﻤﻨﺎﺭ(","ﺍﻟﻬﻨﺪﺳﺔ ﺍﻟﺒﻴﻮﻃﺒﻴﺔ-","ﻣﺮﺣﻠﺔ ﺗﺤﻀﻴﺮﻳﺔ ﻣﻨﺪﻣﺠﺔ ﻓﻲ ﺍﻟﻬﻨﺪﺳﺔ ﺍﻟﺒﻴﻮﻃﺒﻴﺔ ﺳﻨﻮﺍﺕ3 + ﺳﻨﺘﺎﻥ",,5,28,16,9,,
10517,"ﺍﻟﻤﻌﻬﺪ ﺍﻟﻌﺎﻟﻲ ﻟﻠﺘﻜﻨﻮﻟﻮﺟﻴﺎﺕ ﺍﻟﻄﺒﻴﺔ ﺑﺘﻮﻧﺲ)ﺟﺎﻣﻌﺔ ﺗﻮﻧﺲ ﺍﻟﻤﻨﺎﺭ(","111 ﻫﻨﺪﺳﺔ ﺑﻴﻮﺗﻜﻨﻮﻟﻮﺟﻴﺎﺕ ﺍﻟﺼﺤﺔ-","ﻣﺮﺣﻠﺔ ﺗﺤﻀﻴﺮﻳﺔ ﻣﻨﺪﻣﺠﺔ ﻓﻲ ﻫﻨﺪﺳﺔ ﺑﻴﻮﺗﻜﻨﻮﻟﻮﺟﻴﺎﺕ ﺍﻟﺼﺤﺔ ﺳﻨﻮﺍﺕ3 + ﺳﻨﺘﺎﻥ",,12,23,,,,
10518,"ﻛﻠﻴﺔ ﺍﻟﻌﻠﻮﻡ ﺑﺘﻮﻧﺲ)ﺟﺎﻣﻌﺔ ﺗﻮﻧﺲ ﺍﻟﻤﻨﺎﺭ(","ﺇﻋﻼﻣـﻴـﺔ- ﻓﻴﺰﻳﺎﺀ- ﺭﻳﺎﺿﻴﺎﺕ-","ﻣﺮﺣﻠﺔ ﺗﺤﻀﻴﺮﻳﺔ ﻣﻨﺪﻣﺠﺔ ﺳﻨﻮﺍﺕ3 + ﺳﻨﺘﺎﻥ",,70,31,49,30,,
10520,"ﺍﻟﻤﻌﻬﺪ ﺍﻟﻮﻃﻨﻲ ﻟﻠﻌﻠﻮﻡ ﺍﻟﺘﻄﺒﻴﻘﻴﺔ ﻭﺍﻟﺘﻜﻨﻮﻟﻮﺟﻴﺎ ﺑﺘﻮﻧﺲ)ﺟﺎﻣﻌﺔ ﻗﺮﻃﺎﺝ(","ﺇﻋﻼﻣـﻴـﺔ- ﻓﻴﺰﻳﺎﺀ- ﺭﻳﺎﺿﻴﺎﺕ-","-ﻣﺮﺣﻠﺔ ﺗﺤﻀﻴﺮﻳﺔ ﻣﻨﺪﻣﺠﺔ: ﺭﻳﺎﺿﻴﺎﺕ ﻓﻴﺰﻳﺎﺀ ﻭ ﺇﻋﻼﻣـﻴـﺔ ﺳﻨﻮﺍﺕ3 + ﺳﻨﺘﺎﻥ",,300,100,50,120,,
10521,"ﺍﻟﻤﻌﻬﺪ ﺍﻟﻮﻃﻨﻲ ﻟﻠﻌﻠﻮﻡ ﺍﻟﺘﻄﺒﻴﻘﻴﺔ ﻭﺍﻟﺘﻜﻨﻮﻟﻮﺟﻴﺎ ﺑﺘﻮﻧﺲ)ﺟﺎﻣﻌﺔ ﻗﺮﻃﺎﺝ(","ﺑـﻴـﻮﻟﻮﺟﻴﺎ ﺗﻄﺒﻴﻘﻴﺔ- ﻛـﻴـﻤـﻴـﺎﺀ-","- ﻣﺮﺣﻠﺔ ﺗﺤﻀﻴﺮﻳﺔ ﻣﻨﺪﻣﺠﺔ: ﻛـﻴـﻤـﻴـﺎﺀ ﺑـﻴـﻮﻟﻮﺟﻴﺎ ﺗﻄﺒﻴﻘﻴﺔ ﺳﻨﻮﺍﺕ3 + ﺳﻨﺘﺎﻥ",,30,140,,,,
10522,"ﺍﻟﻤﻌﻬﺪ ﺍﻟﺘﺤﻀﻴﺮﻱ ﻟﻠﺪﺭﺍﺳﺎﺕ ﺍﻟﻬﻨﺪﺳﻴﺔ ﺑﺘﻮﻧﺲ)ﺟﺎﻣﻌﺔ ﺗﻮﻧﺲ(","113 ﺗﻜﻨﻮﻟﻮﺟﻴﺎ- ﻛﻴﻤﻴﺎﺀ- ﻓﻴﺰﻳﺎﺀ/ﻓﻴﺰﻳﺎﺀ- ﺭﻳﺎﺿﻴﺎﺕ-","ﻣﺮﺣﻠﺔ ﺗﺤﻀﻴﺮﻳﺔ ﻋﻠﻤﻴﺔ ﺳﻨﺘﺎﻥ",,200,120,18,,,
10523,"ﺍﻟﻤﻌﻬﺪ ﺍﻟﻌﺎﻟﻲ ﻟﻔﻨﻮﻥ ﺍﻟﻤﻠﺘﻤﻴﺪﻳﺎ ﺑﻤﻨﻮﺑﺔ)ﺟﺎﻣﻌﺔ ﻣﻨﻮﺑﺔ(","ﺍﻹﻋﻼﻣﻴﺔ ﻭﺍﻟﻮﺳﺎﺋﻂ ﺍﻟﻤﺘﻌﺪﺩﺓ- ﺍﻟﺒﻴﺎﻧﺎﺕ ﺍﻟﻀﺨﻤﺔ ﻭﺗﺤﻠﻴﻞ ﺍﻟﺒﻴﺎﻧﺎﺕ- ﺃﻧﺘﺮﻧﺎﺕ ﺍﻷﺷﻴﺎﺀ ﻭﺍﻟﻨﻈﻢ ﺍﻟﺬﻛﻴﺔ ﺍﻟﺘﻔﺎﻋﻠﻴﺔ-","ﺍﻹﺟﺎﺯﺓ ﻓﻲ ﻋﻠﻮﻡ ﺍﻹﻋﻼﻣﻴﺔ ﺳﻨﻮﺍﺕ)ﺃﻣﺪ(3",,30,33,104,4,,
10524,"ﻛﻠﻴﺔ ﺍﻟﻌﻠﻮﻡ ﺑﺘﻮﻧﺲ)ﺟﺎﻣﻌﺔ ﺗﻮﻧﺲ ﺍﻟﻤﻨﺎﺭ(","83 ﺍﻟﻨﻈﻢ ﺍﻟﻤﺤﻤﻮﻟﺔ ﻭﺍﻧﺘﺮﻧﺎﺕ ﺍﻷﺷﻴﺎﺀ-","ﺍﻹﺟﺎﺯﺓ ﻓﻲ ﻫﻨﺪﺳﺔ ﻧﻈﻢ ﺍﻹﻋﻼﻣﻴﺔ ﺳﻨﻮﺍﺕ)ﺃﻣﺪ(3",,8,9,28,2,,
10527,"ﻛﻠﻴﺔ ﺍﻟﻌﻠﻮﻡ ﺑﺘﻮﻧﺲ)ﺟﺎﻣﻌﺔ ﺗﻮﻧﺲ ﺍﻟﻤﻨﺎﺭ(","ﺍﻟﻔﻴﺰﻳﺎﺀ ﺍﻟﺤﻴﻮﻳﺔ-","ﻓﻴﺰﻳﺎﺀ-ﺍﻹﺟﺎﺯﺓ ﻓﻲ ﺍﻟﺒﻴﻮﻟﻮﺟﻴﺎ ﺳﻨﻮﺍﺕ)ﺃﻣﺪ(3",,2,33,,,,
10530,"ﺍﻟﻤﻌﻬﺪ ﺍﻟﻌﺎﻟﻲ ﻟﻌﻠﻮﻡ ﻭ ﺗﻜﻨﻮﻟﻮﺟﻴﺎﺕ ﺍﻟﺒﻴﺌﺔ ﺑﺒﺮﺝ ﺍﻟﺴﺪﺭﻳﺔ)ﺟﺎﻣﻌﺔ ﻗﺮﻃﺎﺝ(","ﺇﺩﺍﺭﺓ ﺍﻷﻧﻈﻤﺔ ﺍﻟﺒﻴﻮﻟﻮﺟﻴﺔ ﻭﺍﻟﺘﻨﻤﻴﺔ- ﺍﻟﻤﺴﺘﺪﺍﻣﺔ","ﺍﻹﺟﺎﺯﺓ ﻓﻲ ﺇﺩﺍﺭﺓ ﺍﻷﻧﻈﻤﺔ ﺍﻟﺒﻴﻮﻟﻮﺟﻴﺔ ﻭﺍﻟﺘﻨﻤﻴﺔ ﺍﻟﻤﺴﺘﺪﺍﻣﺔ ﺳﻨﻮﺍﺕ)ﺃﻣﺪ(3",,4,53,,,,
10532,"ﺍﻟﻤﻌﻬﺪ ﺍﻟﺘﺤﻀﻴﺮﻱ ﻟﻠﺪﺭﺍﺳﺎﺕ ﺍﻟﻬﻨﺪﺳﻴﺔ ﺑﺎﻟﻤﻨﺎﺭ)ﺟﺎﻣﻌﺔ ﺗﻮﻧﺲ ﺍﻟﻤﻨﺎﺭ(","ﺗﻜﻨﻮﻟﻮﺟﻴﺎ-","ﺗﻜﻨﻮﻟﻮﺟﻴﺎ- ﻣﺮﺣﻠﺔ ﺗﺤﻀﻴﺮﻳﺔ ﺳﻨﺘﺎﻥ",,,,,200,,
10545,"ﺍﻟﻤﻌﻬﺪ ﺍﻟﻌﺎﻟﻲ ﻟﻠﺘﻜﻨﻮﻟﻮﺟﻴﺎﺕ ﺍﻟﻄﺒﻴﺔ ﺑﺘﻮﻧﺲ)ﺟﺎﻣﻌﺔ ﺗﻮﻧﺲ ﺍﻟﻤﻨﺎﺭ(","ﺍﻹﻧﺘﺎﺝ ﺍﻟﺤﻴﻮﻱ ﻭﺍﻟﺠﻮﺩﺓ - ﺍﻟﺘﺸﺨﻴﺺ ﺍﻟﻄﺒﻲ ﺍﻟﺤﻴﻮﻱ-","ﺍﻹﺟﺎﺯﺓ ﻓﻲ ﺍﻟﺒﻴﻮﺗﻜﻨﻮﻟﻮﺟﻴﺎ ﺍﻟﻄﺒﻴﺔ ﺳﻨﻮﺍﺕ)ﺃﻣﺪ(3",,4,46,,,,
10546,"ﺍﻟﻤﻌﻬﺪ ﺍﻟﻌﺎﻟﻲ ﻟﻠﺒﻴﻮﺗﻜﻨﻮﻟﻮﺟﻴﺎ ﺑﺴﻴﺪﻱ ﺛﺎﺑﺖ)ﺟﺎﻣﻌﺔ ﻣﻨﻮﺑﺔ(","ﺍﻟﺒﻴﻮﻟﻮﺟﻴﺎ ﺍﻟﺘﺤﻠﻴﻠﻴﺔ ﻭ ﺍﻟﺘﺠﺮﻳﺒﻴﺔ - ﺍﻟﻤﻜﻤﻼﺕ ﺍﻟﻐﺬﺍﺋﻴﺔ ﻭ ﺍﻟﻤﻐﺬﻳﺎﺕ ﺍﻟﻌﻼﺟﻴﺔ- ﺑﻴﻮﺗﻜﻨﻮﻟﻮﺟﻴﺎ ﻭ ﺻﻨﺎﻋﺎﺕ ﺻﻴﺪﻟﻴﺔ-","ﺍﻹﺟﺎﺯﺓ ﻓﻲ ﺍﻟﺒﻴﻮﺗﻜﻨﻮﻟﻮﺟﻴﺎ ﺳﻨﻮﺍﺕ)ﺃﻣﺪ(3",,7,121,,,,
10547,"ﺍﻟﻤﻌﻬﺪ ﺍﻟﻮﻃﻨﻲ ﻟﻠﺸﻐﻞ ﻭﺍﻟﺪﺭﺍﺳﺎﺕ ﺍﻹﺟﺘﻤﺎﻋﻴﺔ ﺑﺘﻮﻧﺲ)ﺟﺎﻣﻌﺔ ﻣﻨﻮﺑﺔ(","ﺍﻟﺼﺤﺔ ﻭﺍﻟﺴﻼﻣﺔ ﺍﻟﻤﻬﻨﻴﺔ-","ﺍﻹﺟﺎﺯﺓ ﻓﻲ ﺍﻟﺼﺤﺔ ﻭﺍﻟﺴﻼﻣﺔ ﺍﻟﻤﻬﻨﻴﺔ ﺳﻨﻮﺍﺕ)ﺃﻣﺪ(3",,,12,,5,27,
10566,"ﺍﻟﻤﻌﻬﺪ ﺍﻟﻌﺎﻟﻲ ﻟﻠﺪﺭﺍﺳﺎﺕ ﺍﻟﺘﻜﻨﻮﻟﻮﺟﻴﺔ ﺑﺮﺍﺩﺱ)ﺍﻹﺩﺍﺭﺓ ﺍﻟﻌﺎﻣﺔ ﻟﻠﺪﺭﺍﺳﺎﺕ ﺍﻟﺘﻜﻨﻮﻟﻮﺟﻴﺔ(","ﺗﻄﻮﻳﺮ ﺍﻟﺒﺮﻣﺠﻴﺎﺕ ﻷﻧﺘﺮﻧﺖ ﺍﻷﺷﻴﺎﺀ- ﺗﻄﻮﻳﺮ ﺍﻟﺒﺮﻣﺠﻴﺎﺕ- ﺍﻟﺒﻴﺎﻧﺎﺕ ﺍﻟﺬﻛﻴﺔ- ﺍﻟﺸﺒﻜﺎﺕ ﻭﺍﻟﺤﻮﺳﺒﺔ ﺍﻟﺴﺤﺎﺑﻴﺔ-","ﺍﻹﺟﺎﺯﺓ ﻓﻲ ﺗﻜﻨﻮﻟﻮﺟﻴﺎﺕ ﺍﻹﻋﻼﻣﻴﺔ ﺳﻨﻮﺍﺕ)ﺃﻣﺪ(3",,14,31,83,14,29,
10568,"ﺍﻟﻤﻌﻬﺪ ﺍﻟﻌﺎﻟﻲ ﻟﺘﻜﻨﻮﻟﻮﺟﻴﺎﺕ ﺍﻟﺒﻴﺌﺔ ﻭﺍﻟﻌﻤﺮﺍﻥ ﻭﺍﻟﺒﻨﻴﺎﻥ)ﺟﺎﻣﻌﺔ ﻗﺮﻃﺎﺝ(","ﺍﻟﺒﻨﺎﺀ- ﺍﻟﺒﻨﺎﺀ ﺍﻟﻤﻌﺪﻧﻲ- ﺍﻟﺒﻨﻰ ﺍﻟﺘﺤﺘﻴﺔ- ﺍﻟﻘﻴﺎﺩﺓ ﻭ ﺍﻟﺘﺼﺮﻑ ﻓﻲ ﺍﻷﺷﻐﺎﻝ- ﺍﻟﻬﻴﺪﺭﻭﻟﻴﻜﻴﺔ-","ﺍﻹﺟﺎﺯﺓ ﻓﻲ ﺍﻟﻬﻨﺪﺳـﺔ ﺍﻟﻤﺪﻧﻴﺔ ﺳﻨﻮﺍﺕ)ﺃﻣﺪ(3",,4,9,4,187,,
10570,"ﺍﻟﻤﻌﻬﺪ ﺍﻟﻌﺎﻟﻲ ﻟﻠﺪﺭﺍﺳﺎﺕ ﺍﻟﺘﻜﻨﻮﻟﻮﺟﻴﺔ ﺑﺮﺍﺩﺱ)ﺍﻹﺩﺍﺭﺓ ﺍﻟﻌﺎﻣﺔ ﻟﻠﺪﺭﺍﺳﺎﺕ ﺍﻟﺘﻜﻨﻮﻟﻮﺟﻴﺔ(","ﺍﻟﻄﺎﻗﻴﺔ- ﺍﻟﻤﻴﻜﺎﺗﺮﻭﻧﻴﻚ ﻭ ﺍﻟﺼﻨﺎﻋﺔ ﺍﻟﺬﻛﻴﺔ- ﺍﻟﻬﻨﺪﺳﺔ ﺍﻟﻤﺘﻘﺪﻣﺔ ﻓﻲ ﺍﻟﺼﻨﺎﻋﺎﺕ- ﺍﻟﺒﻼﺳﺘﻴﻜﻴﺔ ﺍﻟﺼﻴﺎﻧﺔ ﺍﻟﺼﻨﺎﻋﻴﺔ - ﺍﻟﺒﻨﺎﺀ ﺍﻟﻤﻌﺪﻧﻲ- ﺍﻟﺘﺼﻤﻴﻢ ﻭﺍﻟﺘﺼﻨﻴﻊ ﺍﻟﻤﻴﻜﺎﻧﻴﻜﻲ-","ﺍﻹﺟﺎﺯﺓ ﻓﻲ ﺍﻟﻬﻨﺪﺳـﺔ ﺍﻟﻤﻴﻜﺎﻧـﻴـﻜـﻴـﺔ ﺳﻨﻮﺍﺕ)ﺃﻣﺪ(3",,4,8,4,171,,
10571,"ﺍﻟﻤﻌﻬﺪ ﺍﻟﻌﺎﻟﻲ ﻟﻠﺪﺭﺍﺳﺎﺕ ﺍﻟﺘﻜﻨﻮﻟﻮﺟﻴﺔ ﺑﺮﺍﺩﺱ)ﺍﻹﺩﺍﺭﺓ ﺍﻟﻌﺎﻣﺔ ﻟﻠﺪﺭﺍﺳﺎﺕ ﺍﻟﺘﻜﻨﻮﻟﻮﺟﻴﺔ(","ﺍﻷﺗﻤﺘﺔ ﻭﺍﻹﻋﻼﻣﻴﺔ ﺍﻟﺼﻨﺎﻋﻴﺔ- ﺍﻟﺴﻼﻣﺔ ﻭﺍﻟﻤﺮﺍﻗﺒﺔ ﺍﻟﺼﻨﺎﻋﻴﺔ- ﺻﻴﺎﻧﺔ ﺍﻷﻧﻈﻤﺔ ﺍﻟﻜﻬﺮﺑﺎﺋﻴﺔ- ﻛﻬﺮﺑﺎﺀ ﺻﻨﺎﻋﻴﺔ-","ﺍﻹﺟﺎﺯﺓ ﻓﻲ ﺍﻟﻬﻨﺪﺳـﺔ ﺍﻟﻜﻬـﺮﺑـﺎﺋـﻴــﺔ ﺳﻨﻮﺍﺕ)ﺃﻣﺪ(3",,3,6,2,140,,
10572,"ﺍﻟﻤﻌﻬﺪ ﺍﻟﻌﺎﻟﻲ ﻟﻠﺪﺭﺍﺳﺎﺕ ﺍﻟﺘﻜﻨﻮﻟﻮﺟﻴﺔ ﻓﻲ ﺍﻟﻤﻮﺍﺻﻼﺕ ﺑﺘﻮﻧﺲ)ﺍﻹﺩﺍﺭﺓ ﺍﻟﻌﺎﻣﺔ ﻟﻠﺪﺭﺍﺳﺎﺕ ﺍﻟﺘﻜﻨﻮﻟﻮﺟﻴﺔ(","ﺳﻼﻣﺔ ﺍﻟﺸﺒﻜﺎﺕ- ﺷﺒﻜﺎﺕ ﻭﺃﻧﻈﻤﺔ ﺍﻻﺗﺼﺎﻻﺕ-","ﺍﻹﺟﺎﺯﺓ ﻓﻲ ﻋﻠﻮﻡ ﺍﻟﻤﻌﻠﻮﻣﺎﺕ ﻭﺍﻻﺗﺼﺎﻻﺕ ﺳﻨﻮﺍﺕ)ﺃﻣﺪ(3",,11,14,31,13,,
10573,"ﻛﻠﻴﺔ ﺍﻟﻌﻠﻮﻡ ﺑﺘﻮﻧﺲ)ﺟﺎﻣﻌﺔ ﺗﻮﻧﺲ ﺍﻟﻤﻨﺎﺭ(","ﺃﻧﻈﻤﺔ ﺍﻻﺗﺼﺎﻻﺕ ﻭﺍﻟﺸﺒﻜﺎﺕ ﺍﻟﺬﻛﻴﺔ-","ﺍﻹﺟﺎﺯﺓ ﻓﻲ ﺗﻜﻨﻮﻟﻮﺟﻴﺎﺕ ﺍﻟﻤﻌﻠﻮﻣﺎﺕ ﻭﺍﻻﺗﺼﺎﻻﺕ ﺳﻨﻮﺍﺕ)ﺃﻣﺪ(3",,6,9,30,3,,
10603,"ﺍﻟﻤﻌﻬﺪ ﺍﻟﻌﺎﻟﻲ ﻟﻌﻠﻮﻡ ﻭ ﺗﻜﻨﻮﻟﻮﺟﻴﺎﺕ ﺍﻟﺒﻴﺌﺔ ﺑﺒﺮﺝ ﺍﻟﺴﺪﺭﻳﺔ)ﺟﺎﻣﻌﺔ ﻗﺮﻃﺎﺝ(","ﺍﻟﻬﻨﺪﺳﺔ ﺍﻟﻄﺎﻗﻴﺔ ﺍﻟﻤﺘﻘﺪﻣﺔ-","ﺍﻹﺟﺎﺯﺓ ﻓﻲ ﺍﻟﻬﻨﺪﺳﺔ ﺍﻟﻄﺎﻗﻴﺔ ﺳﻨﻮﺍﺕ)ﺃﻣﺪ(3",,6,77,,37,,
10611,"ﻣﻌﻬﺪ ﺍﻟﺼﺤﺎﻓﺔ ﻭﻋﻠﻮﻡ ﺍﻹﺧﺒﺎﺭ)ﺟﺎﻣﻌﺔ ﻣﻨﻮﺑﺔ(","ﺍﻟﺼﺤﺎﻓﺔ-","ﺍﻹﺟﺎﺯﺓ ﻓﻲ ﺍﻟﺼﺤﺎﻓﺔ ﺳﻨﻮﺍﺕ)ﺃﻣﺪ(3 ﺷﻌﺒﺔ ﺗﺘﻄﻠﺐ ﺍﺧﺘﺒﺎﺭ",52,1,3,1,1,18,1
10612,"ﻣﻌﻬﺪ ﺍﻟﺼﺤﺎﻓﺔ ﻭﻋﻠﻮﻡ ﺍﻹﺧﺒﺎﺭ)ﺟﺎﻣﻌﺔ ﻣﻨﻮﺑﺔ(","ﺍﻹﺗﺼﺎﻝ-","ﺍﻹﺟﺎﺯﺓ ﻓﻲ ﺍﻻﺗﺼﺎﻝ ﺳﻨﻮﺍﺕ)ﺃﻣﺪ(3 ﺷﻌﺒﺔ ﺗﺘﻄﻠﺐ ﺍﺧﺘﺒﺎﺭ",53,3,5,1,1,13,1
10613,"ﻣﻌﻬﺪ ﺍﻟﺼﺤﺎﻓﺔ ﻭﻋﻠﻮﻡ ﺍﻹﺧﺒﺎﺭ)ﺟﺎﻣﻌﺔ ﻣﻨﻮﺑﺔ(","33 ﺍﻟﻤﻴﺪﻳﺎ ﻭﺍﻟﺴﺮﺩﻳﺎﺕ ﺍﻟﺮﻗﻤﻴﺔ- ﺍﺧﺘﻴﺎﺭﺍﺕ ﻋﻠﻰ ﺍﻷﻗﻞ06ﻳﺘﻌﻴﻦ ﻋﻠﻰ ﻛﻞ ﻣﺘﺮﺷﺢ ﺗﻌﻤﻴﺮ","ﺍﻹﺟﺎﺯﺓ ﻓﻲ ﺍﻟﻤﻴﺪﻳﺎ ﻭﺍﻟﺴﺮﺩﻳﺎﺕ ﺍﻟﺮﻗﻤﻴﺔ ﺳﻨﻮﺍﺕ)ﺃﻣﺪ(3",35,1,2,1,1,12,1
10616,"ﺍﻟﻤﻌﻬﺪ ﺍﻟﻌﺎﻟﻲ ﻟﺘﻜﻨﻮﻟﻮﺟﻴﺎﺕ ﺍﻟﺒﻴﺌﺔ ﻭﺍﻟﻌﻤﺮﺍﻥ ﻭﺍﻟﺒﻨﻴﺎﻥ)ﺟﺎﻣﻌﺔ ﻗﺮﻃﺎﺝ(","105 ﺍﻟﺘﻬﻴﺌﺔ ﻭﺍﻟﺒﻴﺌﺔ-","ﺍﻹﺟﺎﺯﺓ ﻓﻲ ﺍﻟﻬﻨﺪﺳﺔ ﺍﻟﻤﺎﺋﻴﺔ ﻭﺍﻟﺒﻴﺌﺔ ﺳﻨﻮﺍﺕ)ﺃﻣﺪ(3",,5,10,,30,,
10622,"ﺍﻟﻤﻌﻬﺪ ﺍﻟﻌﺎﻟﻲ ﻟﻔﻨﻮﻥ ﺍﻟﻤﻠﺘﻤﻴﺪﻳﺎ ﺑﻤﻨﻮﺑﺔ)ﺟﺎﻣﻌﺔ ﻣﻨﻮﺑﺔ(","52 ﺍﻟﺘﻮﺍﺻﻞ ﻣﺘﻌﺪﺩ ﺍﻟﻮﺳﺎﺋﻂ-","ﺍﻹﺟﺎﺯﺓ ﻓﻲ ﺍﻟﻔﻨﻮﻥ ﻭ ﺍﻟﻮﺳﺎﺋﻂ ﺳﻨﻮﺍﺕ)ﺃﻣﺪ(3",7,11,16,92,14,38,
10629,"ﻛﻠﻴﺔ ﺍﻟﻌﻠﻮﻡ ﺑﺘﻮﻧﺲ)ﺟﺎﻣﻌﺔ ﺗﻮﻧﺲ ﺍﻟﻤﻨﺎﺭ(","ﺍﻹﻟﻜﺘﺮﻭﻧﻴﻚ ﻭ ﺍﻟﻜﻬﺮﻭﺗﻘﻨﻴﺔ ﻭ ﺍﻵﻟﻴﺔ-","ﺍﻹﺟﺎﺯﺓ ﻓﻲ ﺍﻹﻟﻜﺘﺮﻭﻧﻴﻚ ﻭﺍﻟﻜﻬﺮﻭﺗﻘﻨﻴﺔ ﻭﺍﻵﻟﻴﺔ ﺳﻨﻮﺍﺕ)ﺃﻣﺪ(3",,4,6,1,26,,
10700,"ﻛﻠﻴﺔ ﺍﻟﻄﺐ ﺑﺘﻮﻧﺲ)ﺟﺎﻣﻌﺔ ﺗﻮﻧﺲ ﺍﻟﻤﻨﺎﺭ(","ﺍﻟـﻄــﺐ-","ﺍﻟـﻄــﺐ ﺳﻨﻮﺍﺕ9 (+)ﻋﻠﻮﻡ ﺍﻟﺤﻴﺎﺓ ﻭﺍﻷﺭﺽ ﺇﺟﺒﺎﺭﻳﺔ",1,131,242,,,,1
10740,"ﺍﻟﻤﺪﺭﺳﺔ ﺍﻟﻌﻠﻴﺎ ﻟﻌﻠﻮﻡ ﻭﺗﻘﻨﻴﺎﺕ ﺍﻟﺼﺤﺔ ﺑﺘﻮﻧﺲ)ﺟﺎﻣﻌﺔ ﺗﻮﻧﺲ ﺍﻟﻤﻨﺎﺭ(","ﺍﻟﺘﺒﻨﻴﺞ ﻭﺍﻹﻧﻌﺎﺵ-","ﺍﻹﺟﺎﺯﺓ ﻓﻲ ﺍﻟـﺘـﺒـﻨـﻴـﺞ ﻭﺍﻹﻧﻌﺎﺵ ﺳﻨﻮﺍﺕ)ﺃﻣﺪ(3",,4,31,,,,
10741,"ﺍﻟﻤﺪﺭﺳﺔ ﺍﻟﻌﻠﻴﺎ ﻟﻌﻠﻮﻡ ﻭﺗﻘﻨﻴﺎﺕ ﺍﻟﺼﺤﺔ ﺑﺘﻮﻧﺲ)ﺟﺎﻣﻌﺔ ﺗﻮﻧﺲ ﺍﻟﻤﻨﺎﺭ(","ﺍﻟﺘﺼﻮﻳﺮ ﺍﻟﻄﺒﻲ ﻭﺍﻟﻤﺪﺍﻭﺍﺓ ﺑﺎﻷﺷﻌﺔ-","ﺍﻹﺟﺎﺯﺓ ﻓﻲ ﺍﻟﺘﺼﻮﻳﺮ ﺍﻟﻄﺒﻲ ﻭﺍﻟﻌﻼﺝ ﺑﺎﻷﺷﻌﺔ ﺳﻨﻮﺍﺕ)ﺃﻣﺪ(3",,5,30,,,,
10742,"ﺍﻟﻤﺪﺭﺳﺔ ﺍﻟﻌﻠﻴﺎ ﻟﻌﻠﻮﻡ ﻭﺗﻘﻨﻴﺎﺕ ﺍﻟﺼﺤﺔ ﺑﺘﻮﻧﺲ)ﺟﺎﻣﻌﺔ ﺗﻮﻧﺲ ﺍﻟﻤﻨﺎﺭ(","118 ﺣﻔﻆ ﺍﻟﺼﺤﺔ ﻭﺍﻟﺴﻼﻣﺔ ﻭﺍﻟﺒﻴﺌﺔ-","ﺍﻹﺟﺎﺯﺓ ﻓﻲ ﺣﻔﻆ ﺍﻟﺼﺤﺔ ﻭﺍﻟﺴﻼﻣﺔ ﻭﺍﻟﺒﻴﺌﺔ ﺳﻨﻮﺍﺕ)ﺃﻣﺪ(3 (+)ﻋﻠﻮﻡ ﺍﻟﺤﻴﺎﺓ ﻭﺍﻷﺭﺽ ﺇﺟﺒﺎﺭﻳﺔ",4,4,17,,,,5
10743,"ﺍﻟﻤﺪﺭﺳﺔ ﺍﻟﻌﻠﻴﺎ ﻟﻌﻠﻮﻡ ﻭﺗﻘﻨﻴﺎﺕ ﺍﻟﺼﺤﺔ ﺑﺘﻮﻧﺲ)ﺟﺎﻣﻌﺔ ﺗﻮﻧﺲ ﺍﻟﻤﻨﺎﺭ(","ﺍﻟﺒﻴﻮﻟﻮﺟﻴﺎ ﺍﻟﻄﺒﻴﺔ-","ﺍﻹﺟﺎﺯﺓ ﻓﻲ ﺍﻟﺒﻴﻮﻟﻮﺟﻴﺎ ﺍﻟﻄﺒﻴﺔ ﺳﻨﻮﺍﺕ)ﺃﻣﺪ(3",,4,31,,,,
10744,"ﺍﻟﻤﺪﺭﺳﺔ ﺍﻟﻌﻠﻴﺎ ﻟﻌﻠﻮﻡ ﻭﺗﻘﻨﻴﺎﺕ ﺍﻟﺼﺤﺔ ﺑﺘﻮﻧﺲ)ﺟﺎﻣﻌﺔ ﺗﻮﻧﺲ ﺍﻟﻤﻨﺎﺭ(","ﺍﻟﻌﻼﺝ ﺍﻟﻄﺒﻴﻌﻲ-","ﺍﻹﺟﺎﺯﺓ ﻓﻲ ﺍﻟﻌﻼﺝ ﺍﻟﻄﺒﻴﻌﻲ ﺳﻨﻮﺍﺕ)ﺃﻣﺪ(3 (+)ﻋﻠﻮﻡ ﺍﻟﺤﻴﺎﺓ ﻭﺍﻷﺭﺽ ﺇﺟﺒﺎﺭﻳﺔ ﺗﺮﺑﻴﺔ ﺑﺪﻧﻴﺔ ﺇﺟﺒﺎﺭﻳﺔ ﻟﻜﻞ ﺍﻟﺸﻌﺐ",2,3,21,,,,2
10745,"ﺍﻟﻤﺪﺭﺳﺔ ﺍﻟﻌﻠﻴﺎ ﻟﻌﻠﻮﻡ ﻭﺗﻘﻨﻴﺎﺕ ﺍﻟﺼﺤﺔ ﺑﺘﻮﻧﺲ)ﺟﺎﻣﻌﺔ ﺗﻮﻧﺲ ﺍﻟﻤﻨﺎﺭ(","119 ﺗﻘﻮﻳﻢ ﺍﻟﻨﻄﻖ ﻭﺍﻟﻜﻼﻡ-","ﺍﻹﺟﺎﺯﺓ ﻓﻲ ﺗﻘﻮﻳـﻢ ﺍﻟﻨﻄـﻖ ﻭﺍﻟﻜﻼﻡ ﺳﻨﻮﺍﺕ)ﺃﻣﺪ(3",9,1,12,,,,
10746,"ﺍﻟﻤﺪﺭﺳﺔ ﺍﻟﻌﻠﻴﺎ ﻟﻌﻠﻮﻡ ﻭﺗﻘﻨﻴﺎﺕ ﺍﻟﺼﺤﺔ ﺑﺘﻮﻧﺲ)ﺟﺎﻣﻌﺔ ﺗﻮﻧﺲ ﺍﻟﻤﻨﺎﺭ(","ﺍﻵﻻﺕ ﺍﻟﻤﻘﻮﻣﺔ ﻟﻸﻋﻀﺎﺀ-","ﺍﻻﺟﺎﺯﺓ ﻓﻲ ﺍﻵﻻﺕ ﺍﻟﻤﻘﻮﻣﺔ ﻟﻸﻋﻀﺎﺀ ﺳﻨﻮﺍﺕ)ﺃﻣﺪ(3",,4,17,,,,
10747,"ﺍﻟﻤﺪﺭﺳﺔ ﺍﻟﻌﻠﻴﺎ ﻟﻌﻠﻮﻡ ﻭﺗﻘﻨﻴﺎﺕ ﺍﻟﺼﺤﺔ ﺑﺘﻮﻧﺲ)ﺟﺎﻣﻌﺔ ﺗﻮﻧﺲ ﺍﻟﻤﻨﺎﺭ(","ﺍﻟﺘﻐﺬﻳﺔ ﺍﻟﺒﺸﺮﻳﺔ-","ﺍﻹﺟﺎﺯﺓ ﻓﻲ ﺍﻟﺘﻐﺬﻳﺔ ﺍﻟﺒﺸﺮﻳﺔ ﺳﻨﻮﺍﺕ)ﺃﻣﺪ(3 (+)ﻋﻠﻮﻡ ﺍﻟﺤﻴﺎﺓ ﻭﺍﻷﺭﺽ ﺇﺟﺒﺎﺭﻳﺔ",1,3,23,,,,1
10748,"ﺍﻟﻤﺪﺭﺳﺔ ﺍﻟﻌﻠﻴﺎ ﻟﻌﻠﻮﻡ ﻭﺗﻘﻨﻴﺎﺕ ﺍﻟﺼﺤﺔ ﺑﺘﻮﻧﺲ)ﺟﺎﻣﻌﺔ ﺗﻮﻧﺲ ﺍﻟﻤﻨﺎﺭ(","ﺍﻟﻌﻼﺝ ﺍﻟﻮﻇﻴﻔﻲ-","ﺍﻻﺟﺎﺯﺓ ﻓﻲ ﺍﻟﻌﻼﺝ ﺍﻟﻮﻇﻴﻔﻲ ﺳﻨﻮﺍﺕ)ﺃﻣﺪ(3 (+)ﻋﻠﻮﻡ ﺍﻟﺤﻴﺎﺓ ﻭﺍﻷﺭﺽ ﺇﺟﺒﺎﺭﻳﺔ",2,2,16,,,,2
10750,"ﺍﻟﻤﺪﺭﺳﺔ ﺍﻟﻌﻠﻴﺎ ﻟﻌﻠﻮﻡ ﻭﺗﻘﻨﻴﺎﺕ ﺍﻟﺼﺤﺔ ﺑﺘﻮﻧﺲ)ﺟﺎﻣﻌﺔ ﺗﻮﻧﺲ ﺍﻟﻤﻨﺎﺭ(","ﺃﺩﻭﺍﺗﻴﺔ ﻗﺎﻋﺔ ﺍﻟﻌﻤﻠﻴﺎﺕ ﺍﻟﺠﺮﺍﺣﻴﺔ-","ﺍﻹﺟﺎﺯﺓ ﻓﻲ ﺃﺩﻭﺍﺗﻴﺔ ﻗﺎﻋﺔ ﺍﻟﻌﻤﻠﻴﺎﺕ ﺍﻟﺠﺮﺍﺣﻴﺔ ﺳﻨﻮﺍﺕ)ﺃﻣﺪ(3",,5,26,,,,
10753,"ﺍﻟﻤﻌﻬﺪ ﺍﻟﻌﺎﻟﻲ ﻟﻠﺘﻜﻨﻮﻟﻮﺟﻴﺎﺕ ﺍﻟﻄﺒﻴﺔ ﺑﺘﻮﻧﺲ)ﺟﺎﻣﻌﺔ ﺗﻮﻧﺲ ﺍﻟﻤﻨﺎﺭ(","120 ﺗﺮﻛﻴﺐ ﻭ ﺇﺳﺘﻌﻤﺎﻝ ﺁﻟﺔ ﺳﻤﻊ-","ﺍﻹﺟﺎﺯﺓ ﻓﻲ ﺗﺮﻛﻴﺐ ﻭ ﺇﺳﺘﻌﻤﺎﻝ ﺁﻟﺔ ﺳﻤﻊ ﺳﻨﻮﺍﺕ)ﺃﻣﺪ(3",,4,14,,,,
10754,"ﺍﻟﻤﺪﺭﺳﺔ ﺍﻟﻌﻠﻴﺎ ﻟﻌﻠﻮﻡ ﻭﺗﻘﻨﻴﺎﺕ ﺍﻟﺼﺤﺔ ﺑﺘﻮﻧﺲ)ﺟﺎﻣﻌﺔ ﺗﻮﻧﺲ ﺍﻟﻤﻨﺎﺭ(","ﺍﻟﺮﻋـﺎﻳـﺔ ﺍﻟﺼﺤﻴﺔ ﻟﻠﻄﻔﻞ-","ﺍﻹﺟﺎﺯﺓ ﻓﻲ ﺍﻟﺮﻋـﺎﻳـﺔ ﺍﻟﺼﺤﻴﺔ ﻟﻠﻄﻔﻞ ﺳﻨﻮﺍﺕ)ﺃﻣﺪ(3 (+)ﻋﻠﻮﻡ ﺍﻟﺤﻴﺎﺓ ﻭﺍﻷﺭﺽ ﺇﺟﺒﺎﺭﻳﺔ",1,3,22,,,,4
10759,"ﺍﻟﻤﻌﻬﺪ ﺍﻟﻌﺎﻟﻲ ﻟﻠﺘﻜﻨﻮﻟﻮﺟﻴﺎﺕ ﺍﻟﻄﺒﻴﺔ ﺑﺘﻮﻧﺲ)ﺟﺎﻣﻌﺔ ﺗﻮﻧﺲ ﺍﻟﻤﻨﺎﺭ(","ﺍﻹﻋﻼﻣﻴﺔ ﺍﻟﻄﺒﻴﺔ- ﺍﻷﻧﻈﻤﺔ ﺍﻻﻟﻜﺘﺮﻭﻧﻴﺔ ﺍﻟﻤﺤﻤﻮﻟﺔ- ﺗﻜﻨﻮﻟﻮﺟﻴﺎﺕ ﺍﻷﺟﻬﺰﺓ ﺍﻟﻄﺒﻴﺔ- ﺗﻜﻨﻮﻟﻮﺟﻴﺎﺕ ﺍﻟﺘﺼﻮﻳﺮ ﺍﻟﻄﺒﻲ-","ﺍﻹﺟﺎﺯﺓ ﻓﻲ ﺍﻟﻬﻨﺪﺳﺔ ﺍﻟﺒﻴﻮﻃﺒﻴﺔ ﺳﻨﻮﺍﺕ)ﺃﻣﺪ(3",,6,52,4,14,,
10797,"ﺍﻟﻤﻌﻬﺪ ﺍﻟﻌﺎﻟﻲ ﻟﻌﻠﻮﻡ ﺍﻟﺘﻤﺮﻳﺾ ﺑﺘﻮﻧﺲ)ﺟﺎﻣﻌﺔ ﺗﻮﻧﺲ ﺍﻟﻤﻨﺎﺭ(","ﻋﻠﻮﻡ ﺍﻟﺘﻤﺮﻳﺾ-","ﺍﻹﺟﺎﺯﺓ ﻓﻲ ﻋﻠﻮﻡ ﺍﻟﺘﻤﺮﻳﺾ ﺳﻨﻮﺍﺕ)ﺃﻣﺪ(3 (+)ﻋﻠﻮﻡ ﺍﻟﺤﻴﺎﺓ ﻭﺍﻷﺭﺽ ﺇﺟﺒﺎﺭﻳﺔ ﺗﺮﺑﻴﺔ ﺑﺪﻧﻴﺔ ﺇﺟﺒﺎﺭﻳﺔ ﻟﻜﻞ ﺍﻟﺸﻌﺐ ﺷﻌﺒﺔ ﺗﺘﻄﻠﺐ ﺍﺧﺘﺒﺎﺭ",2,9,67,,,,2
10799,"ﺍﻟﻤﺪﺭﺳﺔ ﺍﻟﻌﻠﻴﺎ ﻟﻌﻠﻮﻡ ﻭﺗﻘﻨﻴﺎﺕ ﺍﻟﺼﺤﺔ ﺑﺘﻮﻧﺲ)ﺟﺎﻣﻌﺔ ﺗﻮﻧﺲ ﺍﻟﻤﻨﺎﺭ(","ﻗﺎﺑﻠﺔ- ﻋﻠﻮﻡ ﺍﻟـﺘــﻮﻟـﻴـــﺪ-","ﻗﺎﺑﻠﺔ- ﺍﻹﺟﺎﺯﺓ ﻓﻲ ﻋﻠﻮﻡ ﺍﻟـﺘــﻮﻟـﻴـــﺪ ﺳﻨﻮﺍﺕ)ﺃﻣﺪ(3 (+)ﻋﻠﻮﻡ ﺍﻟﺤﻴﺎﺓ ﻭﺍﻷﺭﺽ ﺇﺟﺒﺎﺭﻳﺔ",1,3,23,,,,1
10832,"ﻛﻠﻴﺔ ﺍﻟﻌﻠﻮﻡ ﺑﺘﻮﻧﺲ)ﺟﺎﻣﻌﺔ ﺗﻮﻧﺲ ﺍﻟﻤﻨﺎﺭ(","ﺟﻴﻮﻟﻮﺟﻴﺎ- ﺑﻴﻮﻟﻮﺟﻴﺎ-","- ﻣﺮﺣﻠﺔ ﺗﺤﻀﻴﺮﻳﺔ: ﺑﻴﻮﻟﻮﺟﻴﺎ ﺟﻴﻮﻟﻮﺟﻴﺎ ﺳﻨﺘﺎﻥ",,1,27,,,,
10841,"ﺍﻟﻤﺪﺭﺳﺔ ﺍﻟﻌﻠﻴﺎ ﻟﻠﺼﻨﺎﻋﺎﺕ ﺍﻟﻐﺬﺍﺋﻴﺔ ﺑﺘﻮﻧﺲ)ﺟﺎﻣﻌﺔ ﻗﺮﻃﺎﺝ(","ﺍﻟﺼﻨﺎﻋﺎﺕ ﻭﺍﻻﺳﺎﻟﻴﺐ ﺍﻟﻐﺬﺍﺋﻴﺔ ﺍﻟﻤﺴﺘﺪﺍﻣﺔ-","ﺍﻹﺟﺎﺯﺓ ﻓﻲ ﻋﻠﻮﻡ ﻭﺗﻘﻨﻴﺎﺕ ﺍﻷﻏﺬﻳﺔ ﺳﻨﻮﺍﺕ)ﺃﻣﺪ(3",,15,35,,,,
11101,"ﻛﻠﻴﺔ ﺍﻵﺩﺍﺏ ﻭﺍﻟﻔﻨﻮﻥ ﻭﺍﻹﻧﺴﺎﻧﻴﺎﺕ ﺑﻤﻨﻮﺑﺔ)ﺟﺎﻣﻌﺔ ﻣﻨﻮﺑﺔ(","ﺍﻟﻠﻐﺔ ﻭﺍﻵﺩﺍﺏ ﻭﺍﻟﺤﻀﺎﺭﺓ ﺍﻟﻌﺮﺑﻴﺔ-","",120,2,2,4,,25,
11102,"ﻛﻠﻴﺔ ﺍﻵﺩﺍﺏ ﻭﺍﻟﻔﻨﻮﻥ ﻭﺍﻹﻧﺴﺎﻧﻴﺎﺕ ﺑﻤﻨﻮﺑﺔ)ﺟﺎﻣﻌﺔ ﻣﻨﻮﺑﺔ(","ﺍﻟﻠﻐﺔ ﻭﺍﻵﺩﺍﺏ ﻭﺍﻟﺤﻀﺎﺭﺓ ﺍﻹﻧﻘﻠﻴﺰﻳﺔ-","",122,1,1,1,1,49,1
11103,"ﻛﻠﻴﺔ ﺍﻵﺩﺍﺏ ﻭﺍﻟﻔﻨﻮﻥ ﻭﺍﻹﻧﺴﺎﻧﻴﺎﺕ ﺑﻤﻨﻮﺑﺔ)ﺟﺎﻣﻌﺔ ﻣﻨﻮﺑﺔ(","ﺍﻟﻠﻐﺔ ﻭ ﻭﺍﻝ؟ﺩﺍﺏ ﻭ ﺍﻟﺤﻀﺎﺭﺓ ﺍﻟﻔﺮﻧﺴﻴﺔ- ﻭﺍﻟﻔﺮﻧﻜﻮﻓﻮﻧﻴﺔ","",126,1,1,2,2,21,2
11104,"ﺍﻟﻤﻌﻬﺪ ﺍﻟﻌﺎﻟﻲ ﻟﻠﻌﻠﻮﻡ ﺍﻹﻧﺴﺎﻧﻴﺔ ﺑﺘﻮﻧﺲ)ﺟﺎﻣﻌﺔ ﺗﻮﻧﺲ ﺍﻟﻤﻨﺎﺭ(","ﺇﺩﺍﺭﺓ ﺃﻋﻤﺎﻝ ﻭ ﺗﺠﺎﺭﺓ ﺩﻭﻟﻴﺔ-","",28,1,1,1,1,7,1
11105,"ﺍﻟﻤﻌﻬﺪ ﺍﻟﻌﺎﻟﻲ ﻟﻠﻌﻠﻮﻡ ﺍﻹﻧﺴﺎﻧﻴﺔ ﺑﺘﻮﻧﺲ)ﺟﺎﻣﻌﺔ ﺗﻮﻧﺲ ﺍﻟﻤﻨﺎﺭ(","ﺇﺩﺍﺭﺓ ﺃﻋﻤﺎﻝ ﻭ ﺗﺠﺎﺭﺓ ﺩﻭﻟﻴﺔ-","",28,1,1,1,1,7,1
11106,"ﺍﻟﻤﻌﻬﺪ ﺍﻟﻌﺎﻟﻲ ﻟﻠﻌﻠﻮﻡ ﺍﻹﻧﺴﺎﻧﻴﺔ ﺑﺘﻮﻧﺲ)ﺟﺎﻣﻌﺔ ﺗﻮﻧﺲ ﺍﻟﻤﻨﺎﺭ(","ﺇﺩﺍﺭﺓ ﺃﻋﻤﺎﻝ ﻭﺗﺠﺎﺭﺓ ﺩﻭﻟﻴﺔ-","",56,2,2,4,3,21,4
11120,"ﺍﻟﻤﻌﻬﺪ ﺍﻟﻌﺎﻟﻲ ﻟﻠﻌﻠﻮﻡ ﺍﻹﻧﺴﺎﻧﻴﺔ ﺑﺘﻮﻧﺲ)ﺟﺎﻣﻌﺔ ﺗﻮﻧﺲ ﺍﻟﻤﻨﺎﺭ(","ﺍﻟﺴﻮﺳﻴﻮﻟﻮﺟﻴﺎ ﺍﻟﺜﻘﺎﻓﻴﺔ ﻭﺍﻻﺗﺼﺎﻝ - ﺳﻮﺳﻴﻮﻟﻮﺟﻴﺎ ﺍﻟﺘﻨﻤﻴﺔ ﻭﺍﻟﻤﺴﺎﺋﻞ- ﺍﻻﺟﺘﻤﺎﻋﻴﺔ","ﺍﻹﺟﺎﺯﺓ ﻓﻲ ﻋـﻠــﻢ ﺍﻻﺟﺘﻤﺎﻉ ﺳﻨﻮﺍﺕ)ﺃﻣﺪ(3",36,1,4,1,1,49,
11121,"ﺍﻟﻤﻌﻬﺪ ﺍﻟﻌﺎﻟﻲ ﻟﻠﻌﻠﻮﻡ ﺍﻹﻧﺴﺎﻧﻴﺔ ﺑﺘﻮﻧﺲ)ﺟﺎﻣﻌﺔ ﺗﻮﻧﺲ ﺍﻟﻤﻨﺎﺭ(","ﻋﻠﻢ ﺍﻟﻨﻔﺲ-","",35,1,32,1,1,9,1
11122,"ﺍﻟﻤﻌﻬﺪ ﺍﻟﻌﺎﻟﻲ ﻟﻠﻌﻠﻮﻡ ﺍﻹﻧﺴﺎﻧﻴﺔ ﺑﺘﻮﻧﺲ)ﺟﺎﻣﻌﺔ ﺗﻮﻧﺲ ﺍﻟﻤﻨﺎﺭ(","ﺗﺎﺭﻳﺦ ﺍﻟﻔﻠﺴﻔﺔ ﻭﺍﻟﻔﻠﺴﻔﺔ ﺍﻟﻌﺎﻣﺔ-","",42,1,1,1,1,5,1
11123,"ﻛﻠﻴﺔ ﺍﻵﺩﺍﺏ ﻭﺍﻟﻔﻨﻮﻥ ﻭﺍﻹﻧﺴﺎﻧﻴﺎﺕ ﺑﻤﻨﻮﺑﺔ)ﺟﺎﻣﻌﺔ ﻣﻨﻮﺑﺔ(","ﺍﻟﺘﺎﺭﻳﺦ ﻭﺍﻟﻌﻠﻮﻡ ﺍﻻﺟﺘﻤﺎﻋﻴﺔ- ﺗﺎﺭﻳﺦ ﻭﻋﻠﻮﻡ ﺍﻟﺘﺮﺍﺙ-","",103,1,1,2,2,20,2
11124,"ﻛﻠﻴﺔ ﺍﻵﺩﺍﺏ ﻭﺍﻟﻔﻨﻮﻥ ﻭﺍﻹﻧﺴﺎﻧﻴﺎﺕ ﺑﻤﻨﻮﺑﺔ)ﺟﺎﻣﻌﺔ ﻣﻨﻮﺑﺔ(","25 ﺗﻬﻴﺌﺔ ﺑﻴﺌﺔ ﻭﻣﺨﺎﻃﺮ-","ﺍﻹﺟﺎﺯﺓ ﻓﻲ ﺍﻟﺠﻐﺮﺍﻓﻴﺎ ﺳﻨﻮﺍﺕ)ﺃﻣﺪ(3",47,1,1,1,1,30,
11190,"ﻛﻠﻴﺔ ﺍﻵﺩﺍﺏ ﻭﺍﻟﻔﻨﻮﻥ ﻭﺍﻹﻧﺴﺎﻧﻴﺎﺕ ﺑﻤﻨﻮﺑﺔ)ﺟﺎﻣﻌﺔ ﻣﻨﻮﺑﺔ(","ﻋﺮﺑﻴﺔ-","",128,3,3,5,3,10,5
11191,"ﻛﻠﻴﺔ ﺍﻵﺩﺍﺏ ﻭﺍﻟﻔﻨﻮﻥ ﻭﺍﻹﻧﺴﺎﻧﻴﺎﺕ ﺑﻤﻨﻮﺑﺔ)ﺟﺎﻣﻌﺔ ﻣﻨﻮﺑﺔ(","ﻓﺮﻧﺴﻴﺔ-","",107,4,2,4,3,8,4
11192,"ﻛﻠﻴﺔ ﺍﻵﺩﺍﺏ ﻭﺍﻟﻔﻨﻮﻥ ﻭﺍﻹﻧﺴﺎﻧﻴﺎﺕ ﺑﻤﻨﻮﺑﺔ)ﺟﺎﻣﻌﺔ ﻣﻨﻮﺑﺔ(","ﺇﻧﻘﻠﻴﺰﻳﺔ-","",67,3,4,4,3,14,4
11207,"ﺍﻟﻤﺪﺭﺳﺔ ﺍﻟﻌﻠﻴﺎ ﻟﻌﻠﻮﻡ ﻭ ﺗﻜﻨﻮﻟﻮﺟﻴﺎﺕ ﺍﻟﺘﺼﻤﻴﻢ)ﺟﺎﻣﻌﺔ ﻣﻨﻮﺑﺔ(","42 ﺳﻴﻨﻮﻏﺮﺍﻓﻴﺎ- ﻫﻨﺪﺳﺔ ﺩﺍﺧﻠﻴﺔ-","",9,3,4,17,26,54,1
11208,"ﺍﻟﻤﺪﺭﺳﺔ ﺍﻟﻌﻠﻴﺎ ﻟﻌﻠﻮﻡ ﻭ ﺗﻜﻨﻮﻟﻮﺟﻴﺎﺕ ﺍﻟﺘﺼﻤﻴﻢ)ﺟﺎﻣﻌﺔ ﻣﻨﻮﺑﺔ(","ﺗﺼﻤﻴﻢ ﺍﻟﻤﻨﺘﻮﺝ- ﺍﻟﺘﻌﻠﻴﺐ-","",4,3,4,16,26,58,2
11209,"ﺍﻟﻤﺪﺭﺳﺔ ﺍﻟﻌﻠﻴﺎ ﻟﻌﻠﻮﻡ ﻭ ﺗﻜﻨﻮﻟﻮﺟﻴﺎﺕ ﺍﻟﺘﺼﻤﻴﻢ)ﺟﺎﻣﻌﺔ ﻣﻨﻮﺑﺔ(","ﺇﺷﻬﺎﺭ ﺳﻤﻌﻲ ﺑﺼﺮﻱ- ﺇﺷﻬﺎﺭ ﺧﻄﻲ-","",9,4,4,24,22,50,2
11301,"ﻛﻠﻴﺔ ﺍﻟﻌﻠﻮﻡ ﺍﻟﻘﺎﻧﻮﻧﻴﺔ ﻭﺍﻟﺴﻴﺎﺳﻴﺔ ﻭﺍﻹﺟﺘﻤﺎﻋﻴﺔ ﺑﺘﻮﻧﺲ)ﺟﺎﻣﻌﺔ ﻗﺮﻃﺎﺝ(","ﺍﻟﻘﺎﻧﻮﻥ ﺍﻟﺨﺎﺹ- ﺍﻟﻘﺎﻧﻮﻥ ﺍﻟﻌﺎﻡ-","",138,6,9,1,1,58,8
11311,"ﺍﻟﻤﺪﺭﺳﺔ ﺍﻟﻌﻠﻴﺎ ﻟﻠﻌﻠﻮﻡ ﺍﻹﻗﺘﺼﺎﺩﻳﺔ ﻭﺍﻟﺘﺠﺎﺭﻳﺔ ﺑﺘﻮﻧﺲ)ﺟﺎﻣﻌﺔ ﺗﻮﻧﺲ(","ﺍﻷﻋﻤﺎﻝ ﺍﻹﻟﻜﺘﺮﻭﻧﻴﺔ-","",,10,7,50,1,62,
11312,"ﺍﻟﻤﺪﺭﺳﺔ ﺍﻟﻌﻠﻴﺎ ﻟﻠﻌﻠﻮﻡ ﺍﻹﻗﺘﺼﺎﺩﻳﺔ ﻭﺍﻟﺘﺠﺎﺭﻳﺔ ﺑﺘﻮﻧﺲ)ﺟﺎﻣﻌﺔ ﺗﻮﻧﺲ(","ﺍﻗﺘﺼﺎﺩ ﺍﻷﻋﻤﺎﻝ- ﺍﻻﻗﺘﺼﺎﺩ ﺍﻟﺒﻴﺌﻲ ﻭ ﺍﻟﺘﻨﻤﻴﺔ ﺍﻟﻤﺴﺘﺪﺍﻣﺔ- ﺍﻟﻨﻘﺪ ﻭﺍﻟﻤﺎﻟﻴﺔ ﻭﺍﻟﺒﻨﻚ ﻭﺍﻟﺘﺄﻣﻴﻦ- ﻋﻠﻢ ﺍﻟﺒﻴﺎﻧﺎﺕ ﻟﻼﻗﺘﺼﺎﺩ ﻭﺍﻟﻤﺎﻟﻴﺔ-","",,30,30,,,266,
11318,"ﺍﻟﻤﺪﺭﺳﺔ ﺍﻟﻌﻠﻴﺎ ﻟﻠﻌﻠﻮﻡ ﺍﻹﻗﺘﺼﺎﺩﻳﺔ ﻭﺍﻟﺘﺠﺎﺭﻳﺔ ﺑﺘﻮﻧﺲ)ﺟﺎﻣﻌﺔ ﺗﻮﻧﺲ(","58 ﺍﻟﺘﺼﺮﻑ ﻓﻲ ﺍﻟﻤﻮﺍﺭﺩ ﺍﻟﺒﺸﺮﻳﺔ- ﺇﺩﺍﺭﺓ ﺍﻷﻋﻤﺎﻝ- ﺍﻟﺘﺴﻮﻳﻖ- ﺍﻟﻤﺎﻟﻴﺔ- ﺍﻟﻤﺤﺎﺳﺒﺔ-","ﺍﻹﺟﺎﺯﺓ ﻓﻲ ﻋﻠﻮﻡ ﺍﻟﺘﺼﺮﻑ ﺳﻨﻮﺍﺕ)ﺃﻣﺪ(3",,30,30,4,1,286,
11422,"ﻛﻠﻴﺔ ﺍﻟﻌﻠﻮﻡ ﺑﺘﻮﻧﺲ)ﺟﺎﻣﻌﺔ ﺗﻮﻧﺲ ﺍﻟﻤﻨﺎﺭ(","ﻓﻴﺰﻳﺎﺀ ﻛﻴﻤﻴﺎﺀ-","- ﺍﻟﻤﺮﺣﻠﺔ ﺍﻟﺘﺤﻀﻴﺮﻳﺔ ﺍﻟﻌﻠﻤﻴﺔ: ﻓﻴﺰﻳﺎﺀ ﻛﻴﻤﻴﺎﺀ ﺳﻨﺘﺎﻥ",,7,21,1,,,
11501,"ﺍﻟﻤﻌﻬﺪ ﺍﻟﻌﺎﻟﻲ ﻟﻌﻠﻮﻡ ﻭ ﺗﻜﻨﻮﻟﻮﺟﻴﺎﺕ ﺍﻟﺒﻴﺌﺔ ﺑﺒﺮﺝ ﺍﻟﺴﺪﺭﻳﺔ)ﺟﺎﻣﻌﺔ ﻗﺮﻃﺎﺝ(","ﻛﻴﻤﻴﺎﺀ ﺍﻟﺒﻴﺌﺔ ﻭ ﺍﻟﺘﻜﻨﻮﻟﻮﺟﻴﺎﺕ ﺍﻟﺨﻀﺮﺍﺀ-","",,4,50,,3,,
11503,"ﺍﻟﻤﻌﻬﺪ ﺍﻟﻌﺎﻟﻲ ﻟﻌﻠﻮﻡ ﻭ ﺗﻜﻨﻮﻟﻮﺟﻴﺎﺕ ﺍﻟﺒﻴﺌﺔ ﺑﺒﺮﺝ ﺍﻟﺴﺪﺭﻳﺔ)ﺟﺎﻣﻌﺔ ﻗﺮﻃﺎﺝ(","ﺇﻟﻜﺘﺮﻭﻧﻴﻚ ﻭﺍﻷﺩﻭﺍﺗﻴﺔ ﺍﻟﺒﻴﺌﻴﺔ-","",,5,40,,6,,
11505,"ﺍﻟﻤﻌﻬﺪ ﺍﻟﻌﺎﻟﻲ ﻟﻌﻠﻮﻡ ﻭ ﺗﻜﻨﻮﻟﻮﺟﻴﺎﺕ ﺍﻟﺒﻴﺌﺔ ﺑﺒﺮﺝ ﺍﻟﺴﺪﺭﻳﺔ)ﺟﺎﻣﻌﺔ ﻗﺮﻃﺎﺝ(","ﺍﺣﺼﺎﺀ ﻭﻧﻤﺬﺟﺔ ﻟﻠﺒﻴﺌﺔ-","",,45,24,7,14,,
11509,"ﻛﻠﻴﺔ ﺍﻟﻌﻠﻮﻡ ﺑﺘﻮﻧﺲ)ﺟﺎﻣﻌﺔ ﺗﻮﻧﺲ ﺍﻟﻤﻨﺎﺭ(","ﺍﻟﺒﻴﻮﻟﻮﺟﻴﺎ ﺍﻟﺠﺰﺋﻴﺔ ﻭﺍﻟﺨﻠﻮﻳﺔ-","",,2,33,,,,
11511,"ﺍﻟﻤﻌﻬﺪ ﺍﻟﻌﺎﻟﻲ ﻟﻠﻌﻠﻮﻡ ﺍﻟﺒﻴﻮﻟﻮﺟﻴﺔ ﺍﻟﺘﻄﺒﻴﻘﻴﺔ ﺑﺘﻮﻧﺲ)ﺟﺎﻣﻌﺔ ﺗﻮﻧﺲ ﺍﻟﻤﻨﺎﺭ(","ﺍﻟﻤﻌﻠﻮﻣﺎﺗﻴﺔ ﺍﻟﺤﻴﻮﻳﺔ ﻭﺇﺳﺘﻜﺸﺎﻑ ﺍﻟﺒﻴﺎﻧﺎﺕ- ﺍﻟﺒﻴﻮﻟﻮﺟﻴﺔ","",,2,33,,,,
11518,"ﺍﻟﻤﻌﻬﺪ ﺍﻟﻌﺎﻟﻲ ﻟﻠﻬﻨﺪﺳﺔ ﺍﻟﺮﻗﻤﻴﺔ ﺑﺘﻮﻧﺲ)ﺟﺎﻣﻌﺔ ﺗﻮﻧﺲ( ﺗﺪﺭﺱ ﺑﺎﻟﻠﻐﺔ ﺍﻻﻧﻘﻠﻴﺰﻳﺔ","ﻣﺮﺣﻠﺔ ﺗﺤﻀﻴﺮﻳﺔ ﻣﻨﺪﻣﺠﺔ-","",,35,17,28,16,,
11523,"ﺍﻟﻤﻌﻬﺪ ﺍﻟﻌﺎﻟﻲ ﻟﻼﻋﻼﻣﻴﺔ)ﺟﺎﻣﻌﺔ ﺗﻮﻧﺲ ﺍﻟﻤﻨﺎﺭ(","ﻫﻨﺪﺳﺔ ﺍﻟﺒﺮﻣﺠﻴﺎﺕ ﻭﺍﻷﻧﻈﻤﺔ ﺍﻟﺬﻛﻴﺔ-","",,30,30,50,2,,
11524,"ﺍﻟﻤﻌﻬﺪ ﺍﻟﻌﺎﻟﻲ ﻟﻼﻋﻼﻣﻴﺔ)ﺟﺎﻣﻌﺔ ﺗﻮﻧﺲ ﺍﻟﻤﻨﺎﺭ(","ﺍﻟﺸﺒﻜﺎﺕ ﻭﺍﻷﻣﻦ ﺍﻟﺴﻴﺒﺮﺍﻧﻲ- ﺍﻟﻨﻈﻢ ﺍﻟﻤﺤﻤﻮﻟﺔ ﺍﻟﻤﺘﺼﻠﺔ ﻭﺍﻟﺬﻛﻴﺔ-","",,7,7,23,1,,
11525,"ﺍﻟﻤﺪﺭﺳﺔ ﺍﻟﻮﻃﻨﻴﺔ ﻟﻠﻤﻬﻨﺪﺳﻴﻦ ﺑﻤﻨﻮﺑﺔ)ﺟﺎﻣﻌﺔ ﻣﻨﻮﺑﺔ( ﺗﺪﺭﺱ ﺑﺎﻟﻠﻐﺔ ﺍﻻﻧﻘﻠﻴﺰﻳﺔ","ﻫﻨﺪﺳﺔ ﺇﻳﻜﻮﻟﻮﺟﻴﺔ-","-ﻣﺮﺣﻠﺔ ﺗﺤﻀﻴﺮﻳﺔ ﻣﻨﺪﻣﺠﺔ: ﺭﻳﺎﺿﻴﺎﺕ ﻛﻴﻤﻴﺎﺀ-ﻓﻴﺰﻳﺎﺀ ﺳﻨﻮﺍﺕ3 + ﺳﻨﺘﺎﻥ",,14,20,1,1,,
11526,"ﺍﻟﻤﺪﺭﺳﺔ ﺍﻟﻮﻃﻨﻴﺔ ﻟﻠﻤﻬﻨﺪﺳﻴﻦ ﺑﻤﻨﻮﺑﺔ)ﺟﺎﻣﻌﺔ ﻣﻨﻮﺑﺔ( ﺗﺪﺭﺱ ﺑﺎﻟﻠﻐﺔ ﺍﻻﻧﻘﻠﻴﺰﻳﺔ","ﺍﻟﺠﻴﻮﻣﺎﺗﻴﻚ-","-ﻣﺮﺣﻠﺔ ﺗﺤﻀﻴﺮﻳﺔ ﻣﻨﺪﻣﺠﺔ: ﺭﻳﺎﺿﻴﺎﺕ ﻓﻴﺰﻳﺎﺀ ﻭ ﺇﻋﻼﻣـﻴـﺔ ﺳﻨﻮﺍﺕ3 + ﺳﻨﺘﺎﻥ",,15,15,2,5,,
11529,"ﺍﻟﻤﻌﻬﺪ ﺍﻟﻌﺎﻟﻲ ﻟﻠﻌﻠﻮﻡ ﺍﻟﺒﻴﻮﻟﻮﺟﻴﺔ ﺍﻟﺘﻄﺒﻴﻘﻴﺔ ﺑﺘﻮﻧﺲ)ﺟﺎﻣﻌﺔ ﺗﻮﻧﺲ ﺍﻟﻤﻨﺎﺭ(","ﻋﻠﻮﻡ ﻭﺗﻜﻨﻮﻟﻮﺟﻴﺎﺕ ﺍﻟﺒﻴﺌﺔ ﺍﻟﻤﺴﺘﺪﺍﻣﺔ- ﺇﺩﺍﺭﺓ ﺍﻟﺠﻮﺩﺓ ﻭ ﺍﻟﺼﺤﺔ ﻭﺍﻟﺴﻼﻣﺔ ﻭﺍﻟﺒﻴﺌﺔ-","ﺍﻹﺟﺎﺯﺓ ﻓﻲ ﺍﻟﺒﻴﺌﺔ ﻭﺗﻜﻨﻮﻟﻮﺟﻴﺎﺕ ﺍﻟﻤﺴﺘﺪﺍﻣﺔ ﺳﻨﻮﺍﺕ)ﺃﻣﺪ(3",,7,115,10,,,
11546,"ﺍﻟﻤﻌﻬﺪ ﺍﻟﻌﺎﻟﻲ ﻟﻠﻌﻠﻮﻡ ﺍﻟﺒﻴﻮﻟﻮﺟﻴﺔ ﺍﻟﺘﻄﺒﻴﻘﻴﺔ ﺑﺘﻮﻧﺲ)ﺟﺎﻣﻌﺔ ﺗﻮﻧﺲ ﺍﻟﻤﻨﺎﺭ(","ﺇﺩﺍﺭﺓ ﺍﻷﺳﺎﻟﻴﺐ ﻭﺍﻟﺠﻮﺩﺓ ﻓﻲ ﺍﻟﺼﻨﺎﻋﺎﺕ- ﺍﻟﻐﺬﺍﺋﻴﺔ ﻋﻠﻢ ﺍﻷﺣﻴﺎﺀ ﺍﻟﺪﻗﻴﻘﺔ ﺍﻟﺘﻄﺒﻴﻘﻲ ﻭﺍﻟﻤﺮﺍﻗﺒﺔ- ﺍﻟﻤﻴﻜﺮﻭﺑﻴﻮﻟﻮﺟﻴﺔ","",,7,121,,,,
11566,"ﺍﻟﻤﻌﻬﺪ ﺍﻟﻌﺎﻟﻲ ﻟﻠﺪﺭﺍﺳﺎﺕ ﺍﻟﺘﻜﻨﻮﻟﻮﺟﻴﺔ ﺑﺎﻟﺸﺮﻗﻴﺔ)ﺍﻹﺩﺍﺭﺓ ﺍﻟﻌﺎﻣﺔ ﻟﻠﺪﺭﺍﺳﺎﺕ ﺍﻟﺘﻜﻨﻮﻟﻮﺟﻴﺔ(","ﺗﻄﻮﻳﺮ ﺍﻟﺒﺮﻣﺠﻴﺎﺕ ﻷﻧﺘﺮﻧﺖ ﺍﻷﺷﻴﺎﺀ- ﺗﻄﻮﻳﺮ ﺍﻟﺒﺮﻣﺠﻴﺎﺕ- ﺍﻟﺒﻴﺎﻧﺎﺕ ﺍﻟﺬﻛﻴﺔ- ﺍﻟﺸﺒﻜﺎﺕ ﻭﺍﻟﺤﻮﺳﺒﺔ ﺍﻟﺴﺤﺎﺑﻴﺔ-","",,15,25,60,14,22,
11568,"ﺍﻟﻤﻌﻬﺪ ﺍﻟﻌﺎﻟﻲ ﻟﻠﺪﺭﺍﺳﺎﺕ ﺍﻟﺘﻜﻨﻮﻟﻮﺟﻴﺔ ﺑﺮﺍﺩﺱ)ﺍﻹﺩﺍﺭﺓ ﺍﻟﻌﺎﻣﺔ ﻟﻠﺪﺭﺍﺳﺎﺕ ﺍﻟﺘﻜﻨﻮﻟﻮﺟﻴﺔ(","ﺃﺷﻐﺎﻝ ﻋﻤﻮﻣﻴﺔ- ﺍﻟﺒﻨﺎﺀ- ﻗﻴﺎﺩﺓ ﺍﻟﺤﻀﺎﺋﺮ-","",,3,6,2,128,,
11571,"ﺍﻟﻤﻌﻬﺪ ﺍﻟﻌﺎﻟﻲ ﻟﻌﻠﻮﻡ ﻭ ﺗﻜﻨﻮﻟﻮﺟﻴﺎﺕ ﺍﻟﺒﻴﺌﺔ ﺑﺒﺮﺝ ﺍﻟﺴﺪﺭﻳﺔ)ﺟﺎﻣﻌﺔ ﻗﺮﻃﺎﺝ(","ﺍﻟﺘﻜﻨﻮﻟﻮﺟﻴﺎ ﺍﻟﺨﻀﺮﺍﺀ ﻭﺍﻟﻤﺮﺍﻗﺒﺔ ﺍﻟﺬﻛﻴﺔ- ﻟﻠﺒﻴﺌﺔ","",,1,3,1,62,,
11573,"ﺍﻟﻤﻌﻬﺪ ﺍﻟﻌﺎﻟﻲ ﻟﺘﻜﻨﻮﻟﻮﺟﻴﺎ ﺍﻟﻤﻌﻠﻮﻣﺎﺕ ﻭﺍﻹﺗﺼﺎﻝ ﺑﺒﺮﺝ ﺍﻟﺴﺪﺭﻳﺔ)ﺟﺎﻣﻌﺔ ﻗﺮﻃﺎﺝ(","ﺍﻹﺗﺼﺎﻻﺕ-","",,11,16,53,6,,
11744,"ﺍﻟﻤﺪﺭﺳﺔ ﺍﻟﻌﻠﻴﺎ ﻟﻌﻠﻮﻡ ﻭﺗﻘﻨﻴﺎﺕ ﺍﻟﺼﺤﺔ ﺑﺘﻮﻧﺲ)ﺟﺎﻣﻌﺔ ﺗﻮﻧﺲ ﺍﻟﻤﻨﺎﺭ( ﺷﻌﺒﺔ ﻣﺨﺼﺼﺔ ﻟﻠﻨﺎﺟﺤﻴﻦ ﻣﻦ ﻣﻌﺎﻫﺪ ﺍﻟﻤﻜﻔﻮﻓﻴﻦ ﻭﺷﻌﺒﺔ ﺫﺍﺕ ﺍﺧﺘﺒﺎﺭ ﻭﻏﻴﺮ ﻣﻌﻨﻴﺔ ﺑﺎﻟﺘﻨﻔﻴﻞ ﺍﻟﺠﻐﺮﺍﻓﻲ","ﺍﻟﻌﻼﺝ ﺍﻟﻄﺒﻴﻌﻲ-","",12,,,,,,
11797,"ﺍﻟﻤﻌﻬﺪ ﺍﻟﻌﺎﻟﻲ ﻟﻌﻠﻮﻡ ﺍﻟﺘﻤﺮﻳﺾ ﺑﺘﻮﻧﺲ)ﺟﺎﻣﻌﺔ ﺗﻮﻧﺲ ﺍﻟﻤﻨﺎﺭ(","ﻋﻠﻮﻡ ﺍﻟﺘﻤﺮﻳﺾ-","",2,9,67,,,,2
11832,"ﺍﻟﻤﻌﻬﺪ ﺍﻟﻌﺎﻟﻲ ﻟﻠﺘﻜﻨﻮﻟﻮﺟﻴﺎﺕ ﺍﻟﻄﺒﻴﺔ ﺑﺘﻮﻧﺲ)ﺟﺎﻣﻌﺔ ﺗﻮﻧﺲ ﺍﻟﻤﻨﺎﺭ(","ﺟﻴﻮﻟﻮﺟﻴﺎ- ﺑﻴﻮﻟﻮﺟﻴﺎ-","",,1,27,,,,
12101,"ﺍﻟﻤﻌﻬﺪ ﺍﻟﻌﺎﻟﻲ ﻟﻠﻌﻠﻮﻡ ﺍﻹﻧﺴﺎﻧﻴﺔ ﺑﺘﻮﻧﺲ)ﺟﺎﻣﻌﺔ ﺗﻮﻧﺲ ﺍﻟﻤﻨﺎﺭ(","ﺍﻟﻠﻐﺔ ﻭﺍﻵﺩﺍﺏ ﻭﺍﻟﺤﻀﺎﺭﺓ ﺍﻟﻌﺮﺑﻴﺔ-","",71,1,1,1,,13,
12102,"ﺍﻟﻤﻌﻬﺪ ﺍﻟﻌﺎﻟﻲ ﻟﻠﻌﻠﻮﻡ ﺍﻹﻧﺴﺎﻧﻴﺔ ﺑﺘﻮﻧﺲ)ﺟﺎﻣﻌﺔ ﺗﻮﻧﺲ ﺍﻟﻤﻨﺎﺭ(","ﺍﻹﻧﻘﻠﻴﺰﻳﺔ ﻭ ﺍﻟﻌﻼﻗﺎﺕ ﺍﻟﺪﻭﻟﻴﺔ- ﺍﻟﻠﻐﺔ ﻭﺍﻵﺩﺍﺏ ﻭﺍﻟﺤﻀﺎﺭﺓ ﺍﻹﻧﻘﻠﻴﺰﻳﺔ-","",73,1,1,1,1,29,1
12103,"ﺍﻟﻤﻌﻬﺪ ﺍﻟﻌﺎﻟﻲ ﻟﻠﻌﻠﻮﻡ ﺍﻹﻧﺴﺎﻧﻴﺔ ﺑﺘﻮﻧﺲ)ﺟﺎﻣﻌﺔ ﺗﻮﻧﺲ ﺍﻟﻤﻨﺎﺭ(","7 ﺍﻟﻠﻐﺔ ﻭﺍﻵﺩﺍﺏ ﻭﺍﻟﺤﻀﺎﺭﺓ ﺍﻟﻔﺮﻧﺴﻴﺔ - ﻣﻬﻦ ﺍﻟﺜﻘﺎﻓﺔ-","",84,1,1,1,1,15,1
12104,"ﺍﻟﻤﻌﻬﺪ ﺍﻟﻌﺎﻟﻲ ﻟﻠﻐﺎﺕ ﺑﺘﻮﻧﺲ)ﺟﺎﻣﻌﺔ ﻗﺮﻃﺎﺝ(","ﺍﻟﻠﻐﺔ، ﻭﺍﻵﺩﺍﺏ، ﻭﺍﻟﻮﺳﺎﻃﺔ ﺑﻴﻦ ﺍﻟﺜﻘﺎﻓﺎﺕ-","",50,1,1,2,2,12,2
12105,"ﺍﻟﻤﻌﻬﺪ ﺍﻟﻌﺎﻟﻲ ﻟﻠﻐﺎﺕ ﺑﺘﻮﻧﺲ)ﺟﺎﻣﻌﺔ ﻗﺮﻃﺎﺝ(","12 ﺍﻟﻠﻐﺔ، ﻭﺍﻵﺩﺍﺏ، ﻭﺍﻟﻮﺳﺎﻃﺔ ﺑﻴﻦ ﺍﻟﺜﻘﺎﻓﺎﺕ-","ﺍﻹﺟﺎﺯﺓ ﻓﻲ ﺍﻹﻳﻄﺎﻟﻴﺔ ﺳﻨﻮﺍﺕ)ﺃﻣﺪ(3 ﺇﻳﻄﺎﻟﻴﺔ ﺇﺟﺒﺎﺭﻳﺔ",63,1,1,2,2,15,2
12106,"ﺍﻟﻤﻌﻬﺪ ﺍﻟﻌﺎﻟﻲ ﻟﻠﻐﺎﺕ ﺑﺘﻮﻧﺲ)ﺟﺎﻣﻌﺔ ﻗﺮﻃﺎﺝ(","14 ﺍﻟﻠﻐﺔ، ﻭﺍﻵﺩﺍﺏ، ﻭﺍﻟﻮﺳﺎﻃﺔ ﺑﻴﻦ ﺍﻟﺜﻘﺎﻓﺎﺕ-","",56,2,2,4,3,21,4
12311,"ﺍﻟﻤﺪﺭﺳﺔ ﺍﻟﻌﻠﻴﺎ ﻟﻺﻗﺘﺼﺎﺩ ﺍﻟﺮﻗﻤﻲ ﺑﻤﻨﻮﺑﺔ)ﺟﺎﻣﻌﺔ ﻣﻨﻮﺑﺔ(","68 ﺍﻷﻋﻤﺎﻝ ﺍﻹﻟﻜﺘﺮﻭﻧﻴﺔ- ﺫﻛﺎﺀ ﺍﻷﻋﻤﺎﻝ- ﻧﻈﻢ ﻣﻌﻠﻮﻣﺎﺕ ﺍﻷﻋﻤﺎﻝ-","",,16,11,85,2,105,
12312,"ﺍﻟﻤﺪﺭﺳﺔ ﺍﻟﻌﻠﻴﺎ ﻟﻠﺘﺠﺎﺭﺓ ﺑﻤﻨﻮﺑﺔ)ﺟﺎﻣﻌﺔ ﻣﻨﻮﺑﺔ(","ﺍﻗﺘﺼﺎﺩ ﺍﻟﻨﻘﻞ ﻭﺍﻟﻠﻮﺟﺴﺘﻴﻚ- ﺍﻟﺘﺠﺎﺭﺓ ﻭﺍﻟﺘﻤﻮﻳﻞ ﺍﻟﺪﻭﻟﻲ- ﺍﻟﻨﻘﺪ ﻭﺍﻟﻤﺎﻟﻴﺔ ﻭﺍﻟﺒﻨﻚ ﻭﺍﻟﺘﺄﻣﻴﻦ- ﻋﻠﻢ ﺍﻟﺒﻴﺎﻧﺎﺕ ﻟﻼﻗﺘﺼﺎﺩ ﻭﺍﻟﻤﺎﻟﻴﺔ-","",,30,30,,,121,
12318,"ﺍﻟﻤﺪﺭﺳﺔ ﺍﻟﻌﻠﻴﺎ ﻟﻠﺘﺠﺎﺭﺓ ﺑﻤﻨﻮﺑﺔ)ﺟﺎﻣﻌﺔ ﻣﻨﻮﺑﺔ(","ﺇﺩﺍﺭﺓ ﺍﻷﻋﻤﺎﻝ- ﺍﻟﺘﺴﻮﻳﻖ- ﺍﻟﻤﺎﻟﻴﺔ-","",,30,30,5,1,312,
12511,"ﺍﻟﻤﻌﻬﺪ ﺍﻟﻌﺎﻟﻲ ﻟﻠﺒﻴﻮﺗﻜﻨﻮﻟﻮﺟﻴﺎ ﺑﺴﻴﺪﻱ ﺛﺎﺑﺖ)ﺟﺎﻣﻌﺔ ﻣﻨﻮﺑﺔ(","ﺍﻟﻤﻌﻠﻮﻣﺎﺗﻴﺔ ﺍﻟﺤﻴﻮﻳﺔ-","",,3,47,,,,
12518,"ﺍﻟﻤﻌﻬﺪ ﺍﻟﻌﺎﻟﻲ ﻟﻔﻨﻮﻥ ﺍﻟﻤﻠﺘﻤﻴﺪﻳﺎ ﺑﻤﻨﻮﺑﺔ)ﺟﺎﻣﻌﺔ ﻣﻨﻮﺑﺔ(","ﻣﺮﺣﻠﺔ ﺗﺤﻀﻴﺮﻳﺔ ﻣﻨﺪﻣﺠﺔ ﻓﻲ ﺍﻟﺮﻳﺎﺿﻴﺎﺕ- (MPI).– ﺍﻟﻔﻴﺰﻳﺎﺀ – ﺍﻹﻋﻼﻣﻴﺔ","",,12,9,13,9,,
12523,"ﻛﻠﻴﺔ ﺍﻟﻌﻠﻮﻡ ﺑﺘﻮﻧﺲ)ﺟﺎﻣﻌﺔ ﺗﻮﻧﺲ ﺍﻟﻤﻨﺎﺭ(","ﻫﻨﺪﺳﺔ ﺍﻟﺒﺮﻣﺠﻴﺎﺕ ﻭﻧﻈﻢ ﺍﻟﻤﻌﻠﻮﻣﺎﺕ-","",,8,9,29,1,,
12524,"ﺍﻟﻤﻌﻬﺪ ﺍﻟﻌﺎﻟﻲ ﻟﺘﻜﻨﻮﻟﻮﺟﻴﺎ ﺍﻟﻤﻌﻠﻮﻣﺎﺕ ﻭﺍﻹﺗﺼﺎﻝ ﺑﺒﺮﺝ ﺍﻟﺴﺪﺭﻳﺔ)ﺟﺎﻣﻌﺔ ﻗﺮﻃﺎﺝ(","ﺍﻟﻨﻈﻢ ﺍﻟﻤﺤﻤﻮﻟﺔ ﻭﺍﻧﺘﺮﻧﺎﺕ ﺍﻷﺷﻴﺎﺀ- ﻫﻨﺪﺳﺔ ﺍﻟﺸﺒﻜﺎﺕ ﻭﺍﻟﻨﻈﻢ-","",,20,22,67,3,,
12629,"ﺍﻟﻤﻌﻬﺪ ﺍﻟﻌﺎﻟﻲ ﻟﺘﻜﻨﻮﻟﻮﺟﻴﺎ ﺍﻟﻤﻌﻠﻮﻣﺎﺕ ﻭﺍﻹﺗﺼﺎﻝ ﺑﺒﺮﺝ ﺍﻟﺴﺪﺭﻳﺔ)ﺟﺎﻣﻌﺔ ﻗﺮﻃﺎﺝ(","ﺍﻵﻟﻴﺔ ﻭﺍﻹﻋﻼﻣﻴﺔ ﺍﻟﺼﻨﺎﻋﻴﺔ-","",,8,16,1,71,,
12832,"ﺍﻟﻤﻌﻬﺪ ﺍﻟﻌﺎﻟﻰ ﻟﻠﺪﺭﺍﺳﺎﺕ ﺍﻟﺘﺤﻀﻴﺮﻳﺔ ﻓﻲ ﺍﻟﺒﻴﻮﻟﻮﺟﻴﺎ ﻭ ﺍﻟﺠﻮﻟﻮﺟﻴﺎ ﺑﺴﻜﺮﺓ)ﺟﺎﻣﻌﺔ ﻗﺮﻃﺎﺝ(","ﺟﻴﻮﻟﻮﺟﻴﺎ- ﺑﻴﻮﻟﻮﺟﻴﺎ-","",,11,188,,,,
13101,"ﺍﻟﻤﻌﻬﺪ ﺍﻟﻌﺎﻟﻲ ﻟﻠﻐﺎﺕ ﺑﺘﻮﻧﺲ)ﺟﺎﻣﻌﺔ ﻗﺮﻃﺎﺝ(","ﺍﻟﻠﻐﺔ ﻭﺍﻵﺩﺍﺏ ﻭﺍﻟﺤﻀﺎﺭﺓ ﺍﻟﻌﺮﺑﻴﺔ-","",92,1,1,2,,16,
13102,"ﺍﻟﻤﻌﻬﺪ ﺍﻟﻌﺎﻟﻲ ﻟﻠﻐﺎﺕ ﺑﺘﻮﻧﺲ)ﺟﺎﻣﻌﺔ ﻗﺮﻃﺎﺝ(","3 ﺍﻟﻠﻐﺔ ﻭﺍﻵﺩﺍﺏ ﻭﺍﻟﺤﻀﺎﺭﺓ ﺍﻹﻧﻘﻠﻴﺰﻳﺔ-","ﺍﻹﺟﺎﺯﺓ ﻓﻲ ﺍﻹﻧﻘﻠﻴﺰﻳﺔ ﺳﻨﻮﺍﺕ)ﺃﻣﺪ(3",219,2,2,4,3,87,4
13103,"ﺍﻟﻤﻌﻬﺪ ﺍﻟﻌﺎﻟﻲ ﻟﻠﻐﺎﺕ ﺑﺘﻮﻧﺲ)ﺟﺎﻣﻌﺔ ﻗﺮﻃﺎﺝ(","ﺍﻟﻠﻐﺔ ﻭﺍﻵﺩﺍﺏ ﻭﺍﻟﺘﺮﺟﻤﺔ - ﺍﻟﻠﻐﺔ ﻭﺍﻵﺩﺍﺏ ﻭﺍﻟﺘﻮﺍﺻﻞ-","ﺍﻹﺟﺎﺯﺓ ﻓﻲ ﺍﻟﻔﺮﻧﺴﻴﺔ ﺳﻨﻮﺍﺕ)ﺃﻣﺪ(3",84,1,1,1,1,15,1
13311,"ﻛﻠﻴﺔ ﺍﻟﻌﻠﻮﻡ ﺍﻹﻗﺘﺼﺎﺩﻳﺔ ﻭﺍﻟﺘﺼﺮﻑ ﺑﺘﻮﻧﺲ)ﺟﺎﻣﻌﺔ ﺗﻮﻧﺲ ﺍﻟﻤﻨﺎﺭ(","ﺍﻷﻋﻤﺎﻝ ﺍﻹﻟﻜﺘﺮﻭﻧﻴﺔ - ﺫﻛﺎﺀ ﺍﻷﻋﻤﺎﻝ-","ﺍﻹﺟﺎﺯﺓ ﻓﻲ ﺇﻋﻼﻣﻴﺔ ﺍﻟﺘـﺼـﺮﻑ ﺳﻨﻮﺍﺕ)ﺃﻣﺪ(3",,11,7,54,1,67,
13312,"ﻛﻠﻴﺔ ﺍﻟﻌﻠﻮﻡ ﺍﻹﻗﺘﺼﺎﺩﻳﺔ ﻭﺍﻟﺘﺼﺮﻑ ﺑﺘﻮﻧﺲ)ﺟﺎﻣﻌﺔ ﺗﻮﻧﺲ ﺍﻟﻤﻨﺎﺭ(","ﺍﻟﺘﺠﺎﺭﺓ ﻭﺍﻟﻤﺎﻟﻴﺔ ﺍﻟﺪﻭﻟﻴﺔ- ﺍﻟﺬﻛﺎﺀ ﻭﺍﻟﺘﻘﻴﻴﻢ ﺍﻻﻗﺘﺼﺎﺩﻱ- ﺍﻟﻨﻘﺪ ﻭﺍﻟﻤﺎﻟﻴﺔ ﻭﺍﻟﺒﻨﻚ ﻭﺍﻟﺘﺄﻣﻴﻦ- ﻋﻠﻢ ﺍﻟﺒﻴﺎﻧﺎﺕ ﻟﻼﻗﺘﺼﺎﺩ ﻭﺍﻟﻤﺎﻟﻴﺔ-","",,30,30,,,279,
13314,"ﻛﻠﻴﺔ ﺍﻟﻌﻠﻮﻡ ﺍﻹﻗﺘﺼﺎﺩﻳﺔ ﻭﺍﻟﺘﺼﺮﻑ ﺑﺘﻮﻧﺲ)ﺟﺎﻣﻌﺔ ﺗﻮﻧﺲ ﺍﻟﻤﻨﺎﺭ(","ﺗﺤﻠﻴﻼﺕ ﺍﻷﻋﻤﺎﻝ ﻭﺍﻻﻗﺘﺼﺎﺩ-","ﺍﻹﺟﺎﺯﺓ ﻓﻲ ﺗﺤﻠﻴﻼﺕ ﺍﻷﻋﻤﺎﻝ ﻭﺍﻻﻗﺘﺼﺎﺩ ﺳﻨﻮﺍﺕ)ﺃﻣﺪ(3 ﻟﻐﺔ ﺍﻟﺘﺪﺭﻳﺲ:ﺍﻹﻧﻘﻠﻴﺰﻳﺔ، ﻭﻋﺪﺩ ﻣﺎﺩﺓ 14<=ﺍﻹﻧﻘﻠﻴﺰﻳﺔ",,10,10,1,4,25,
13318,"ﻛﻠﻴﺔ ﺍﻟﻌﻠﻮﻡ ﺍﻹﻗﺘﺼﺎﺩﻳﺔ ﻭﺍﻟﺘﺼﺮﻑ ﺑﺘﻮﻧﺲ)ﺟﺎﻣﻌﺔ ﺗﻮﻧﺲ ﺍﻟﻤﻨﺎﺭ(","ﺍﻟﺘﺼﺮﻑ ﻓﻲ ﺍﻟﻤﻮﺍﺭﺩ ﺍﻟﺒﺸﺮﻳﺔ- ﺇﺩﺍﺭﺓ ﺍﻷﻋﻤﺎﻝ- ﺍﻟﺘﺴﻮﻳﻖ- ﺍﻟﻤﺎﻟﻴﺔ- ﺍﻟﻤﺤﺎﺳﺒﺔ-","",,30,30,5,1,357,
13510,"ﺍﻟﻤﻌﻬﺪ ﺍﻟﻌﺎﻟﻲ ﻟﻌﻠﻮﻡ ﻭ ﺗﻜﻨﻮﻟﻮﺟﻴﺎﺕ ﺍﻟﺒﻴﺌﺔ ﺑﺒﺮﺝ ﺍﻟﺴﺪﺭﻳﺔ)ﺟﺎﻣﻌﺔ ﻗﺮﻃﺎﺝ(","ﻋﻠﻮﻡ ﺍﻟﻤﻴﺎﻩ ﺍﻟﺠﻮﻓﻴﺔ ﻭﺍﻟﺘﻜﻴﻒ ﺍﻟﻤﻨﺎﺧﻲ-","",,3,50,,3,,
13518,"ﺍﻟﻤﻌﻬﺪ ﺍﻟﻌﺎﻟﻲ ﻟﻼﻋﻼﻣﻴﺔ)ﺟﺎﻣﻌﺔ ﺗﻮﻧﺲ ﺍﻟﻤﻨﺎﺭ(","ﻣﺮﺣﻠﺔ ﺗﺤﻀﻴﺮﻳﺔ ﻣﻨﺪﻣﺠﺔ ﻓﻲ ﺍﻻﻋﻼﻣﻴﺔ -","",,30,22,25,17,,
13522,"ﺍﻟﻤﻌﻬﺪ ﺍﻟﺘﺤﻀﻴﺮﻱ ﻟﻠﺪﺭﺍﺳﺎﺕ ﺍﻟﻬﻨﺪﺳﻴﺔ ﺑﺎﻟﻤﻨﺎﺭ)ﺟﺎﻣﻌﺔ ﺗﻮﻧﺲ ﺍﻟﻤﻨﺎﺭ(","ﻛﻴﻤﻴﺎﺀ- ﻓﻴﺰﻳﺎﺀ/ﻓﻴﺰﻳﺎﺀ- ﺭﻳﺎﺿﻴﺎﺕ-","",,134,77,10,,,
13523,"ﺍﻟﻤﻌﻬﺪ ﺍﻟﻌﺎﻟﻲ ﻟﺘﻜﻨﻮﻟﻮﺟﻴﺎ ﺍﻟﻤﻌﻠﻮﻣﺎﺕ ﻭﺍﻹﺗﺼﺎﻝ ﺑﺒﺮﺝ ﺍﻟﺴﺪﺭﻳﺔ)ﺟﺎﻣﻌﺔ ﻗﺮﻃﺎﺝ(","ﻫﻨﺪﺳﺔ ﺍﻟﺒﺮﻣﺠﻴﺎﺕ ﻭﻧﻈﻢ ﺍﻟﻤﻌﻠﻮﻣﺎﺕ-","",,25,27,86,3,,
14311,"ﻣﻌﻬﺪ ﺍﻟﺪﺭﺍﺳﺎﺕ ﺍﻟﻌﻠﻴﺎ ﺍﻟﺘﺠﺎﺭﻳﺔ ﺑﻘﺮﻃﺎﺝ)ﺟﺎﻣﻌﺔ ﻗﺮﻃﺎﺝ(","ﺗﺤﻠﻴﻞ ﺑﻴﺎﻧﺎﺕ ﺍﻷﻋﻤﺎﻝ-","",,60,30,70,1,60,
14318,"ﻣﻌﻬﺪ ﺍﻟﺪﺭﺍﺳﺎﺕ ﺍﻟﻌﻠﻴﺎ ﺍﻟﺘﺠﺎﺭﻳﺔ ﺑﻘﺮﻃﺎﺝ)ﺟﺎﻣﻌﺔ ﻗﺮﻃﺎﺝ(","ﺍﻟﺪﺭﺍﺳﺎﺕ ﺍﻟﺘﺠﺎﺭﻳﺔ ﺍﻟﻌﻠﻴﺎ- ﺍﻟﻤﺤﺎﺳﺒﺔ-","",,150,90,5,1,200,
15312,"ﺍﻟﻤﻌﻬﺪ ﺍﻟﻌﺎﻟﻲ ﻟﻠﻤﺤﺎﺳﺒﺔ ﻭ ﺇﺩﺍﺭﺓ ﺍﻟﻤﺆﺳـﺴﺎﺕ ﺑﻤﻨﻮﺑﺔ)ﺟﺎﻣﻌﺔ ﻣﻨﻮﺑﺔ(","ﺍﻟﺘﺠﺎﺭﺓ ﻭﺍﻟﻤﺎﻟﻴﺔ ﺍﻟﺪﻭﻟﻴﺔ-","",,30,30,,,37,
15318,"ﺍﻟﻤﻌﻬﺪ ﺍﻟﻌﺎﻟﻲ ﻟﻠﻤﺤﺎﺳﺒﺔ ﻭ ﺇﺩﺍﺭﺓ ﺍﻟﻤﺆﺳـﺴﺎﺕ ﺑﻤﻨﻮﺑﺔ)ﺟﺎﻣﻌﺔ ﻣﻨﻮﺑﺔ(","ﺍﻟﺘﺼﺮﻑ ﻓﻲ ﺍﻟﻤﻮﺍﺭﺩ ﺍﻟﺒﺸﺮﻳﺔ- ﺇﺩﺍﺭﺓ ﺍﻷﻋﻤﺎﻝ- ﺍﻟﻤﺎﻟﻴﺔ- ﺍﻟﻤﺤﺎﺳﺒﺔ-","",,30,30,6,1,424,
16318,"ﺍﻟﻤﻌﻬﺪ ﺍﻟﻮﻃﻨﻲ ﻟﻠﺸﻐﻞ ﻭﺍﻟﺪﺭﺍﺳﺎﺕ ﺍﻹﺟﺘﻤﺎﻋﻴﺔ ﺑﺘﻮﻧﺲ)ﺟﺎﻣﻌﺔ ﻣﻨﻮﺑﺔ(","59 ﺍﻟﺘﺼﺮﻑ ﻓﻲ ﺍﻟﻤﻮﺍﺭﺩ ﺍﻟﺒﺸﺮﻳﺔ-","",,3,1,1,1,89,
17318,"ﺍﻟﻤﻌﻬﺪ ﺍﻟﻌﺎﻟﻲ ﻟﻠﺪﺭﺍﺳﺎﺕ ﺍﻟﺘﻜﻨﻮﻟﻮﺟﻴﺔ ﺑﺎﻟﺸﺮﻗﻴﺔ)ﺍﻹﺩﺍﺭﺓ ﺍﻟﻌﺎﻣﺔ ﻟﻠﺪﺭﺍﺳﺎﺕ ﺍﻟﺘﻜﻨﻮﻟﻮﺟﻴﺔ(","ﺇﺩﺍﺭﺓ ﺍﻷﻋﻤﺎﻝ - ﺍﻟﺘﺼﺮﻑ ﺍﻟﺼﻨﺎﻋﻲ- ﺍﻟﻨﻘﻞ ﻭﺍﻟﺨﺪﻣﺎﺕ ﺍﻟﻠﻮﺟﺴﺘﻴﺔ-","ﺍﻹﺟﺎﺯﺓ ﻓﻲ ﻋﻠﻮﻡ ﺍﻟﺘﺼﺮﻑ ﺳﻨﻮﺍﺕ)ﺃﻣﺪ(3",,1,2,1,1,99,
19318,"ﺍﻟﻤﻌﻬﺪ ﺍﻟﻌﺎﻟﻲ ﻟﻠﺪﺭﺍﺳﺎﺕ ﺍﻟﺘﻜﻨﻮﻟﻮﺟﻴﺔ ﺑﺮﺍﺩﺱ)ﺍﻹﺩﺍﺭﺓ ﺍﻟﻌﺎﻣﺔ ﻟﻠﺪﺭﺍﺳﺎﺕ ﺍﻟﺘﻜﻨﻮﻟﻮﺟﻴﺔ(","ﺇﺩﺍﺭﺓ ﺍﻟﺴﻠﺴﻠﺔ ﺍﻟﻠﻮﺟﺴﺘﻴﺔ- ﺍﻟﺘﺴﻮﻳﻖ ﻭﺍﻻﺑﺘﻜﺎﺭ ﺍﻟﺮﻗﻤﻲ- ﺗﻘﻨﻴﺎﺕ ﺍﻟﺘﺠﺎﺭﺓ ﺍﻟﺪﻭﻟﻴﺔ- ﺗﻘﻨﻴﺎﺕ ﺍﻟﺘﺠﺎﺭﺓ ﻭﺍﻟﺘﻮﺯﻳﻊ- ﻣﺤﺎﺳﺒﺔ ﻭﻣﺎﻟﻴﺔ-","",,8,4,4,1,223,
20311,"ﺍﻟﻤﻌﻬﺪ ﺍﻟﻌﺎﻟﻲ ﻟﻠﺘﺼﺮﻑ ﺑﺒﻨﺰﺭﺕ)ﺟﺎﻣﻌﺔ ﻗﺮﻃﺎﺝ(","ﺫﻛﺎﺀ ﺍﻷﻋﻤﺎﻝ-","",,6,5,35,1,43,
20312,"ﺍﻟﻤﻌﻬﺪ ﺍﻟﻌﺎﻟﻲ ﻟﻠﺘﺼﺮﻑ ﺑﺒﻨﺰﺭﺕ)ﺟﺎﻣﻌﺔ ﻗﺮﻃﺎﺝ(","ﻋﻠﻢ ﺍﻟﺒﻴﺎﻧﺎﺕ ﻟﻼﻗﺘﺼﺎﺩ ﻭﺍﻟﻤﺎﻟﻴﺔ-","",,15,15,,,93,
20318,"ﺍﻟﻤﻌﻬﺪ ﺍﻟﻌﺎﻟﻲ ﻟﻠﺘﺼﺮﻑ ﺑﺒﻨﺰﺭﺕ)ﺟﺎﻣﻌﺔ ﻗﺮﻃﺎﺝ(","ﺇﺩﺍﺭﺓ ﺍﻷﻋﻤﺎﻝ- ﺍﻟﺘﺴﻮﻳﻖ- ﺍﻟﺘﺼﺮﻑ ﺍﻟﻠﻮﺟﺴﺘﻲ ﻭﺍﻻﻧﺘﺎﺝ- ﺍﻟﻤﺎﻟﻴﺔ- ﺍﻟﻤﺤﺎﺳﺒﺔ-","",,15,15,4,1,268,
20501,"ﻛﻠﻴﺔ ﺍﻟﻌﻠﻮﻡ ﺑﺒﻨﺰﺭﺕ)ﺟﺎﻣﻌﺔ ﻗﺮﻃﺎﺝ(","ﺍﻟﻜﻴﻤﻴﺎﺀ ﺍﻟﺪﻗﻴﻘﺔ- ﺍﻟﻜﻴﻤﻴﺎﺀ ﺍﻟﺼﻨﺎﻋﻴﺔ- ﺑﺤﺚ-ﺍﻟﻜﻴﻤﻴﺎﺀ-","",,7,94,,7,,
20502,"ﻛﻠﻴﺔ ﺍﻟﻌﻠﻮﻡ ﺑﺒﻨﺰﺭﺕ)ﺟﺎﻣﻌﺔ ﻗﺮﻃﺎﺝ(","72 ﺍﻟﻔﻴﺰﻳﺎﺀ ﻭﺍﻟﻜﻴﻤﻴﺎﺀ-","ﺍﻹﺟﺎﺯﺓ ﻓﻲ ﺍﻟﻔﻴﺰﻳﺎﺀ ﻭ ﺍﻟﻜﻴﻤﻴﺎﺀ ﺳﻨﻮﺍﺕ)ﺃﻣﺪ(3",,7,69,,2,,
20503,"ﻛﻠﻴﺔ ﺍﻟﻌﻠﻮﻡ ﺑﺒﻨﺰﺭﺕ)ﺟﺎﻣﻌﺔ ﻗﺮﻃﺎﺝ(","ﺍﻟﻔﻴﺰﻳﺎﺀ ﺍﻟﺮﻗﻤﻴﺔ- ﻓﻴﺰﻳﺎﺀ ﺍﻟﻤﻮﺍﺩ ﻭﺍﻟﻨﺎﻧﻮ ﺗﻜﻨﻮﻟﻮﺟﻴﺎ-","",,8,70,,9,,
20504,"ﻛﻠﻴﺔ ﺍﻟﻌﻠﻮﻡ ﺑﺒﻨﺰﺭﺕ)ﺟﺎﻣﻌﺔ ﻗﺮﻃﺎﺝ(","ﺍﻟﻔﻴﺰﻳﺎﺀ ﻭﺍﻟﻄﺎﻗﺔ- ﺍﻟﻬﻨﺪﺳﺔ ﺍﻟﻔﻴﺰﻳﺎﺋﻴﺔ-","",,5,26,,31,,
20505,"ﻛﻠﻴﺔ ﺍﻟﻌﻠﻮﻡ ﺑﺒﻨﺰﺭﺕ)ﺟﺎﻣﻌﺔ ﻗﺮﻃﺎﺝ(","ﺍﺍﻟﺬﻛﺎﺀ ﺍﻹﺻﻄﻨﺎﻋﻲ- ﺍﻟﺮﻳﺎﺿﻴﺎﺕ- ﺍﻟﺮﻳﺎﺿﻴﺎﺕ ﻭﻋﻠﻮﻡ ﺍﻟﺤﺎﺳﻮﺏ-","",,34,18,6,10,,
20507,"ﻛﻠﻴﺔ ﺍﻟﻌﻠﻮﻡ ﺑﺒﻨﺰﺭﺕ)ﺟﺎﻣﻌﺔ ﻗﺮﻃﺎﺝ(","ﺍﻟﺮﻳﺎﺿﻴﺎﺕ ﺍﻷﺳﺎﺳﻴﺔ-","",,121,36,4,3,,
20508,"ﻛﻠﻴﺔ ﺍﻟﻌﻠﻮﻡ ﺑﺒﻨﺰﺭﺕ)ﺟﺎﻣﻌﺔ ﻗﺮﻃﺎﺝ(","ﺍﻟﻜﻴﻤﻴﺎﺀ ﻭﺍﻟﺒﻴﻮﻟﻮﺟﻴﺎ-","ﺑﻴﻮﻟﻮﺟﻴﺎ-ﺍﻹﺟﺎﺯﺓ ﻓﻲ ﺍﻟﻜﻴﻤﻴﺎﺀ ﺳﻨﻮﺍﺕ)ﺃﻣﺪ(3",,4,31,,,,
20509,"ﻛﻠﻴﺔ ﺍﻟﻌﻠﻮﻡ ﺑﺒﻨﺰﺭﺕ)ﺟﺎﻣﻌﺔ ﻗﺮﻃﺎﺝ(","ﺍﻟﺒﻴﻮﻟﻮﺟﻴﺎ ﺍﻟﺠﺰﺋﻴﺔ ﻭﺍﻟﺨﻠﻮﻳﺔ-","",,3,40,,,,
20510,"ﻛﻠﻴﺔ ﺍﻟﻌﻠﻮﻡ ﺑﺒﻨﺰﺭﺕ)ﺟﺎﻣﻌﺔ ﻗﺮﻃﺎﺝ(","ﺍﻟﺒﻴﺌﺔ ﻭﺍﻟﺘﻨﻤﻴﺔ ﺍﻟﻤﺴﺘﺪﺍﻣﺔ- ﺍﻟﻤﻮﺍﺭﺩ ﺍﻟﺠﻴﻮﻟﻮﺟﻴﺔ-","",,4,57,,4,,
20512,"ﻛﻠﻴﺔ ﺍﻟﻌﻠﻮﻡ ﺑﺒﻨﺰﺭﺕ)ﺟﺎﻣﻌﺔ ﻗﺮﻃﺎﺝ(","ﺍﻟﻤﺮﺍﻗﺒﺔ ﺍﻟﺒﻴﻮﻟﻮﺟﻴﺔ ﻟﻠﺒﻴﺌﺔ-","",,2,33,,,,
20513,"ﻛﻠﻴﺔ ﺍﻟﻌﻠﻮﻡ ﺑﺒﻨﺰﺭﺕ)ﺟﺎﻣﻌﺔ ﻗﺮﻃﺎﺝ(","ﻋﻠﻮﻡ ﺍﻟﺤﻴﺎﺓ ﻭﺍﻷﺭﺽ-","",,2,33,,,,
20518,"ﻛﻠﻴﺔ ﺍﻟﻌﻠﻮﻡ ﺑﺒﻨﺰﺭﺕ)ﺟﺎﻣﻌﺔ ﻗﺮﻃﺎﺝ(","ﺍﻹﻋﻼﻣﻴﺔ-","",,22,16,25,14,,
20522,"ﺍﻟﻤﻌﻬﺪ ﺍﻟﺘﺤﻀﻴﺮﻱ ﻟﻠﺪﺭﺍﺳﺎﺕ ﺍﻟﻬﻨﺪﺳﻴﺔ ﺑﺒﻨﺰﺭﺕ)ﺟﺎﻣﻌﺔ ﻗﺮﻃﺎﺝ(","ﻛﻴﻤﻴﺎﺀ- ﻓﻴﺰﻳﺎﺀ/ﻓﻴﺰﻳﺎﺀ- ﺭﻳﺎﺿﻴﺎﺕ-","",,120,60,11,,,
20523,"ﻛﻠﻴﺔ ﺍﻟﻌﻠﻮﻡ ﺑﺒﻨﺰﺭﺕ)ﺟﺎﻣﻌﺔ ﻗﺮﻃﺎﺝ(","ﻫﻨﺪﺳﺔ ﺍﻟﺒﺮﻣﺠﻴﺎﺕ ﻭﻧﻈﻢ ﺍﻟﻤﻌﻠﻮﻣﺎﺕ-","",,10,11,35,2,,
20524,"ﻛﻠﻴﺔ ﺍﻟﻌﻠﻮﻡ ﺑﺒﻨﺰﺭﺕ)ﺟﺎﻣﻌﺔ ﻗﺮﻃﺎﺝ(","ﺍﻟﻨﻈﻢ ﺍﻟﻤﺤﻤﻮﻟﺔ ﻭﺍﻧﺘﺮﻧﺎﺕ ﺍﻷﺷﻴﺎﺀ-","",,7,7,23,1,,
20546,"ﻛﻠﻴﺔ ﺍﻟﻌﻠﻮﻡ ﺑﺒﻨﺰﺭﺕ)ﺟﺎﻣﻌﺔ ﻗﺮﻃﺎﺝ(","ﻣﺮﺍﻗﺒﺔ ﺟﻮﺩﺓ ﺍﻷﻏﺬﻳﺔ ﻭﺣﻔﻆ ﺍﻟﺼﺤﺔ-","",,4,54,,,,
20573,"ﻛﻠﻴﺔ ﺍﻟﻌﻠﻮﻡ ﺑﺒﻨﺰﺭﺕ)ﺟﺎﻣﻌﺔ ﻗﺮﻃﺎﺝ(","ﺍﻻﺗﺼﺎﻻﺕ ﻭﺍﻟﻨﻈﻢ ﺍﻟﻤﺤﻤﻮﻟﺔ-","",,14,20,65,7,,
20603,"ﻛﻠﻴﺔ ﺍﻟﻌﻠﻮﻡ ﺑﺒﻨﺰﺭﺕ)ﺟﺎﻣﻌﺔ ﻗﺮﻃﺎﺝ(","104 ﺍﻟﻬﻨﺪﺳﺔ ﺍﻟﻄﺎﻗﻴﺔ-","ﺍﻹﺟﺎﺯﺓ ﻓﻲ ﺍﻟﻬﻨﺪﺳﺔ ﺍﻟﻄﺎﻗﻴﺔ ﺳﻨﻮﺍﺕ)ﺃﻣﺪ(3",,3,38,,18,,
20629,"ﻛﻠﻴﺔ ﺍﻟﻌﻠﻮﻡ ﺑﺒﻨﺰﺭﺕ)ﺟﺎﻣﻌﺔ ﻗﺮﻃﺎﺝ(","ﺍﻵﻟﻴﺔ ﻭﺍﻹﻋﻼﻣﻴﺔ ﺍﻟﺼﻨﺎﻋﻴﺔ-","",,6,11,1,48,,
20832,"ﺍﻟﻤﻌﻬﺪ ﺍﻟﺘﺤﻀﻴﺮﻱ ﻟﻠﺪﺭﺍﺳﺎﺕ ﺍﻟﻬﻨﺪﺳﻴﺔ ﺑﺒﻨﺰﺭﺕ)ﺟﺎﻣﻌﺔ ﻗﺮﻃﺎﺝ(","ﺟﻴﻮﻟﻮﺟﻴﺎ- ﺑﻴﻮﻟﻮﺟﻴﺎ-","",,4,67,,,,
20844,"ﺍﻟﻤﺪﺭﺳﺔ ﺍﻟﻌﻠﻴﺎ ﻟﻠﻔﻼﺣﺔ ﺑﻤﻘﺮﻥ)ﺟﺎﻣﻌﺔ ﻗﺮﻃﺎﺝ(","ﺇﺩﺍﺭﺓ ﻭﺑﻌﺚ ﺍﻟﻤﺆﺳﺴﺎﺕ ﺍﻟﻔﻼﺣﻴﺔ-","ﺍﻹﺟﺎﺯﺓ ﻓﻲ ﺍﻟﻌﻠﻮﻡ ﺍﻟﻔﻼﺣﻴﺔ ﺳﻨﻮﺍﺕ)ﺃﻣﺪ(3",,4,51,,3,,
20846,"ﺍﻟﻤﻌﻬﺪ ﺍﻟﻌﺎﻟﻲ ﻟﻌﻠﻮﻡ ﺍﻟﺒﺤﺎﺭ ﺑﺒﻨﺰﺭﺕ)ﺟﺎﻣﻌﺔ ﻗﺮﻃﺎﺝ(","125 ﻋﻠﻮﻡ ﺍﻟﺒﺤﺎﺭ: ﺍﻟﺘﻜﻨﻮﻟﻮﺟﻴﺎ ﻭﺍﻟﺤﻮﻛﻤﺔ-","ﺍﻹﺟﺎﺯﺓ ﻓﻲ ﻋﻠﻮﻡ ﺍﻟﺒﺤﺎﺭ ﺳﻨﻮﺍﺕ)ﺃﻣﺪ(3",,2,90,,19,,
21318,"ﺍﻟﻤﻌﻬﺪ ﺍﻟﻌﺎﻟﻲ ﻟﻠﺪﺭﺍﺳﺎﺕ ﺍﻟﺘﻜﻨﻮﻟﻮﺟﻴﺔ ﺑﺒﻨﺰﺭﺕ)ﺍﻹﺩﺍﺭﺓ ﺍﻟﻌﺎﻣﺔ ﻟﻠﺪﺭﺍﺳﺎﺕ ﺍﻟﺘﻜﻨﻮﻟﻮﺟﻴﺔ(","ﺍﻟﺘﺴﻮﻳﻖ ﺍﻟﺮﻗﻤﻲ- ﺍﻟﺘﻘﻨﻴﺎﺕ ﺍﻟﻤﺎﻟﻴﺔ- ﺇﺩﺍﺭﺓ ﺍﻷﻋﻤﺎﻝ- ﺍﻟﻠﻮﺟﺴﺘﻴﺔ ﻭﺍﻟﻨﻘﻞ- ﺗﻘﻨﻴﺎﺕ ﺍﻟﺒﻴﻊ ﻭﺍﻟﻌﻼﻗﺔ ﻣﻊ ﺍﻟﺤﺮﻓﺎﺀ- ﺗﻘﻨﻴﺎﺕ ﺍﻟﻤﺤﺎﺳﺒﺔ ﻭﺍﻟﻤﺮﺍﻗﺒﺔ ﻭﺍﻟﺘﺪﻗﻴﻖ-","",,6,3,2,1,161,
21523,"ﺍﻟﻤﻌﻬﺪ ﺍﻟﻌﺎﻟﻲ ﻟﻠﻌﻠﻮﻡ ﺍﻟﺘﻄﺒﻴﻘﻴﺔ ﻭ ﺍﻟﺘﻜﻨﻮﻟﻮﺟﻴﺎ ﺑﻤﺎﻃﺮ)ﺟﺎﻣﻌﺔ ﻗﺮﻃﺎﺝ(","80 ﻫﻨﺪﺳﺔ ﺍﻟﺒﺮﻣﺠﻴﺎﺕ ﻭﻧﻈﻢ ﺍﻟﻤﻌﻠﻮﻣﺎﺕ-","",,15,16,52,2,,
21524,"ﺍﻟﻤﻌﻬﺪ ﺍﻟﻌﺎﻟﻲ ﻟﻠﻌﻠﻮﻡ ﺍﻟﺘﻄﺒﻴﻘﻴﺔ ﻭ ﺍﻟﺘﻜﻨﻮﻟﻮﺟﻴﺎ ﺑﻤﺎﻃﺮ)ﺟﺎﻣﻌﺔ ﻗﺮﻃﺎﺝ(","ﺍﻟﻨﻈﻢ ﺍﻟﻤﺤﻤﻮﻟﺔ ﻭﺍﻧﺘﺮﻧﺎﺕ ﺍﻷﺷﻴﺎﺀ- ﻫﻨﺪﺳﺔ ﺍﻟﺸﺒﻜﺎﺕ ﻭﺍﻟﻨﻈﻢ-","",,15,16,50,3,,
21566,"ﺍﻟﻤﻌﻬﺪ ﺍﻟﻌﺎﻟﻲ ﻟﻠﺪﺭﺍﺳﺎﺕ ﺍﻟﺘﻜﻨﻮﻟﻮﺟﻴﺔ ﺑﺒﻨﺰﺭﺕ)ﺍﻹﺩﺍﺭﺓ ﺍﻟﻌﺎﻣﺔ ﻟﻠﺪﺭﺍﺳﺎﺕ ﺍﻟﺘﻜﻨﻮﻟﻮﺟﻴﺔ(","ﺗﻄﻮﻳﺮ ﺍﻟﺒﺮﻣﺠﻴﺎﺕ ﻷﻧﺘﺮﻧﺖ ﺍﻷﺷﻴﺎﺀ- ﺗﻄﻮﻳﺮ ﺍﻟﺒﺮﻣﺠﻴﺎﺕ- ﺍﻟﺒﻴﺎﻧﺎﺕ ﺍﻟﺬﻛﻴﺔ- ﺍﻟﺸﺒﻜﺎﺕ ﻭﺍﻟﺤﻮﺳﺒﺔ ﺍﻟﺴﺤﺎﺑﻴﺔ-","",,9,21,55,9,19,
21570,"ﺍﻟﻤﻌﻬﺪ ﺍﻟﻌﺎﻟﻲ ﻟﻠﺪﺭﺍﺳﺎﺕ ﺍﻟﺘﻜﻨﻮﻟﻮﺟﻴﺔ ﺑﺒﻨﺰﺭﺕ)ﺍﻹﺩﺍﺭﺓ ﺍﻟﻌﺎﻣﺔ ﻟﻠﺪﺭﺍﺳﺎﺕ ﺍﻟﺘﻜﻨﻮﻟﻮﺟﻴﺔ(","ﺍﻟﺼﻴﺎﻧﺔ ﺍﻟﺼﻨﺎﻋﻴﺔ- ﺍﻟﺘﺼﻤﻴﻢ ﻭﺍﻟﺘﺼﻨﻴﻊ ﺍﻟﻤﻴﻜﺎﻧﻴﻜﻲ-","",,1,3,1,62,,
21571,"ﺍﻟﻤﻌﻬﺪ ﺍﻟﻌﺎﻟﻲ ﻟﻠﺪﺭﺍﺳﺎﺕ ﺍﻟﺘﻜﻨﻮﻟﻮﺟﻴﺔ ﺑﺒﻨﺰﺭﺕ)ﺍﻹﺩﺍﺭﺓ ﺍﻟﻌﺎﻣﺔ ﻟﻠﺪﺭﺍﺳﺎﺕ ﺍﻟﺘﻜﻨﻮﻟﻮﺟﻴﺔ(","97 ﺍﻷﺗﻤﺘﺔ ﻭﺍﻹﻋﻼﻣﻴﺔ ﺍﻟﺼﻨﺎﻋﻴﺔ - ﺍﻹﻟﻜﺘﺮﻭﻧﻴﻚ ﻭﺍﻟﻨﻈﻢ ﺍﻟﻤﺤﻤﻮﻟﺔ- ﺍﻟﻜﻬﺮﺑﺎﺀ ﻭﺍﻟﻄﺎﻗﺎﺕ ﺍﻟﻤﺘﺠﺪﺩﺓ-","ﺍﻹﺟﺎﺯﺓ ﻓﻲ ﺍﻟﻬﻨﺪﺳـﺔ ﺍﻟﻜﻬـﺮﺑـﺎﺋـﻴــﺔ ﺳﻨﻮﺍﺕ)ﺃﻣﺪ(3",,1,4,1,78,,
21573,"ﺍﻟﻤﻌﻬﺪ ﺍﻟﻌﺎﻟﻲ ﻟﻠﻌﻠﻮﻡ ﺍﻟﺘﻄﺒﻴﻘﻴﺔ ﻭ ﺍﻟﺘﻜﻨﻮﻟﻮﺟﻴﺎ ﺑﻤﺎﻃﺮ)ﺟﺎﻣﻌﺔ ﻗﺮﻃﺎﺝ(","100 ﺍﻹﺗﺼﺎﻻﺕ-","ﺍﻹﺟﺎﺯﺓ ﻓﻲ ﺗﻜﻨﻮﻟﻮﺟﻴﺎﺕ ﺍﻟﻤﻌﻠﻮﻣﺎﺕ ﻭﺍﻻﺗﺼﺎﻻﺕ ﺳﻨﻮﺍﺕ)ﺃﻣﺪ(3",,11,16,53,6,,
21597,"ﺍﻟﻤﻌﻬﺪ ﺍﻟﻌﺎﻟﻲ ﻟﻠﺪﺭﺍﺳﺎﺕ ﺍﻟﺘﻜﻨﻮﻟﻮﺟﻴﺔ ﺑﺒﻨﺰﺭﺕ)ﺍﻹﺩﺍﺭﺓ ﺍﻟﻌﺎﻣﺔ ﻟﻠﺪﺭﺍﺳﺎﺕ ﺍﻟﺘﻜﻨﻮﻟﻮﺟﻴﺔ(","ﺍﻷﺳﺎﻟﻴﺐ ﺍﻟﺼﻴﺪﻻﻧﻴﺔ- ﺍﻷﺳﺎﻟﻴﺐ ﺍﻟﻜﻴﻤﻴﺎﺋﻴﺔ- ﺍﻷﺳﺎﻟﻴﺐ ﺍﻟﻐﺬﺍﺋﻴﺔ-","ﺍﻹﺟﺎﺯﺓ ﻓﻲ ﻫﻨﺪﺳﺔ ﺍﻷﺳﺎﻟﻴﺐ ﺳﻨﻮﺍﺕ)ﺃﻣﺪ(3",,5,79,,2,,
21629,"ﺍﻟﻤﻌﻬﺪ ﺍﻟﻌﺎﻟﻲ ﻟﻠﻌﻠﻮﻡ ﺍﻟﺘﻄﺒﻴﻘﻴﺔ ﻭ ﺍﻟﺘﻜﻨﻮﻟﻮﺟﻴﺎ ﺑﻤﺎﻃﺮ)ﺟﺎﻣﻌﺔ ﻗﺮﻃﺎﺝ(","ﺍﻵﻟﻴﺔ ﻭﺍﻹﻋﻼﻣﻴﺔ ﺍﻟﺼﻨﺎﻋﻴﺔ- ﺍﻷﻧﻈﻤﺔ ﺍﻟﺼﻨﺎﻋﻴﺔ ﻭﺍﻟﻄﺎﻗﺎﺕ ﺍﻟﻤﺘﺠﺪﺩﺓ- ﺍﻟﻨﻈﻢ ﺍﻟﻤﺤﻤﻮﻟﺔ- ﺍﻟﻜﺘﺮﻭﻧﻴﻚ ﺍﻟﺴﻴﺎﺭﺍﺕ-","",,12,21,2,94,,
21844,"ﺍﻟﻤﺪﺭﺳﺔ ﺍﻟﻌﻠﻴﺎ ﻟﻠﻔﻼﺣﺔ ﺑﻤﺎﻃﺮ)ﺟﺎﻣﻌﺔ ﻗﺮﻃﺎﺝ(","ﺍﻹﻧﺘﺎﺝ ﺍﻟﺤﻴﻮﺍﻧﻲ ﻭ ﺍﻟﻤﻮﺍﺭﺩ ﺍﻟﻌﻠﻔﻴﺔ-","",,3,45,,2,,
22101,"ﺍﻟﻤﻌﻬﺪ ﺍﻟﻌﺎﻟﻲ ﻟﻠﻐﺎﺕ ﺑﻨﺎﺑﻞ)ﺟﺎﻣﻌﺔ ﻗﺮﻃﺎﺝ(","ﺍﻟﻠﻐﺔ ﻭﺍﻵﺩﺍﺏ ﻭﺍﻟﺤﻀﺎﺭﺓ ﺍﻟﻌﺮﺑﻴﺔ-","",57,1,1,1,,10,
22102,"ﺍﻟﻤﻌﻬﺪ ﺍﻟﻌﺎﻟﻲ ﻟﻠﻐﺎﺕ ﺑﻨﺎﺑﻞ)ﺟﺎﻣﻌﺔ ﻗﺮﻃﺎﺝ(","ﺍﻟﻠﻐﺔ ﻭﺍﻵﺩﺍﺏ ﻭﺍﻟﺤﻀﺎﺭﺓ ﺍﻹﻧﻘﻠﻴﺰﻳﺔ-","",91,1,1,1,1,36,1
22103,"ﺍﻟﻤﻌﻬﺪ ﺍﻟﻌﺎﻟﻲ ﻟﻠﻐﺎﺕ ﺑﻨﺎﺑﻞ)ﺟﺎﻣﻌﺔ ﻗﺮﻃﺎﺝ(","ﺍﻟﻠﻐﺔ ﻭﺍﻵﺩﺍﺏ ﻭﺍﻟﺜﻘﺎﻓﺔ-","",84,1,1,1,1,15,1
22105,"ﺍﻟﻤﻌﻬﺪ ﺍﻟﻌﺎﻟﻲ ﻟﻠﻐﺎﺕ ﺑﻨﺎﺑﻞ)ﺟﺎﻣﻌﺔ ﻗﺮﻃﺎﺝ(","ﺍﻟﺘﻮﺍﺻﻞ ﻭﺍﻟﺤﻀﺎﺭﺓ ﺍﻹﻳﻄﺎﻟﻴﺔ-","",51,1,1,2,2,12,2
22202,"ﺍﻟﻤﻌﻬﺪ ﺍﻟﻌﺎﻟﻰ ﻟﻠﻔﻨﻮﻥ ﺍﻟﺠﻤﻴﻠﺔ ﺑﻨﺎﺑﻞ)ﺟﺎﻣﻌﺔ ﻗﺮﻃﺎﺝ(","ﺣﻔﺮ- ﺧﺰﻑ- ﺭﺳﻢ- ﻓﻮﺗﻮﻏﺮﺍﻓﻴﺎ- ﻧﺤﺖ-","",112,11,10,22,14,85,21
22207,"ﺍﻟﻤﻌﻬﺪ ﺍﻟﻌﺎﻟﻰ ﻟﻠﻔﻨﻮﻥ ﺍﻟﺠﻤﻴﻠﺔ ﺑﻨﺎﺑﻞ)ﺟﺎﻣﻌﺔ ﻗﺮﻃﺎﺝ(","ﻫﻨﺪﺳﺔ ﺩﺍﺧﻠﻴﺔ-","ﺍﻹﺟﺎﺯﺓ ﻓﻲ ﺗﺼﻤﻴﻢ ﺍﻟﻔﻀﺎﺀ ﺳﻨﻮﺍﺕ)ﺃﻣﺪ(3",6,1,2,11,17,36,1
22208,"ﺍﻟﻤﻌﻬﺪ ﺍﻟﻌﺎﻟﻰ ﻟﻠﻔﻨﻮﻥ ﺍﻟﺠﻤﻴﻠﺔ ﺑﻨﺎﺑﻞ)ﺟﺎﻣﻌﺔ ﻗﺮﻃﺎﺝ(","ﺗﺼﻤﻴﻢ ﺍﻻﺛﺎﺙ-","",3,2,2,20,18,39,1
22209,"ﺍﻟﻤﻌﻬﺪ ﺍﻟﻌﺎﻟﻰ ﻟﻠﻔﻨﻮﻥ ﺍﻟﺠﻤﻴﻠﺔ ﺑﻨﺎﺑﻞ)ﺟﺎﻣﻌﺔ ﻗﺮﻃﺎﺝ(","ﺇﺷﻬﺎﺭ ﺳﻤﻌﻲ ﺑﺼﺮﻱ- ﺇﺷﻬﺎﺭ ﺧﻄﻲ-","",6,3,2,20,14,34,1
22311,"ﻛﻠﻴﺔ ﺍﻟﻌﻠﻮﻡ ﺍﻹﻗﺘﺼﺎﺩﻳﺔ ﻭﺍﻟﺘﺼﺮﻑ ﺑﻨﺎﺑﻞ)ﺟﺎﻣﻌﺔ ﻗﺮﻃﺎﺝ(","ﺍﻷﻋﻤﺎﻝ ﺍﻹﻟﻜﺘﺮﻭﻧﻴﺔ- ﺫﻛﺎﺀ ﺍﻷﻋﻤﺎﻝ- ﻧﻈﻢ ﻣﻌﻠﻮﻣﺎﺕ ﺍﻷﻋﻤﺎﻝ-","",,18,13,97,2,118,
22312,"ﻛﻠﻴﺔ ﺍﻟﻌﻠﻮﻡ ﺍﻹﻗﺘﺼﺎﺩﻳﺔ ﻭﺍﻟﺘﺼﺮﻑ ﺑﻨﺎﺑﻞ)ﺟﺎﻣﻌﺔ ﻗﺮﻃﺎﺝ(","ﺍﻟﺘﺠﺎﺭﺓ ﻭﺍﻟﻤﺎﻟﻴﺔ ﺍﻟﺪﻭﻟﻴﺔ- ﺍﻻﻗﺘﺼﺎﺩ ﺍﻟﺒﻴﺌﻲ ﻭ ﺍﻟﺘﻨﻤﻴﺔ ﺍﻟﻤﺴﺘﺪﺍﻣﺔ- ﺍﻟﻨﻘﺪ ﻭﺍﻟﻤﺎﻟﻴﺔ ﻭﺍﻟﺒﻨﻚ ﻭﺍﻟﺘﺄﻣﻴﻦ-","",,30,30,,,250,
22318,"ﻛﻠﻴﺔ ﺍﻟﻌﻠﻮﻡ ﺍﻹﻗﺘﺼﺎﺩﻳﺔ ﻭﺍﻟﺘﺼﺮﻑ ﺑﻨﺎﺑﻞ)ﺟﺎﻣﻌﺔ ﻗﺮﻃﺎﺝ(","ﺍﻟﺘﺼﺮﻑ ﻓﻲ ﺍﻟﻤﻮﺍﺭﺩ ﺍﻟﺒﺸﺮﻳﺔ- ﺇﺩﺍﺭﺓ ﺍﻷﻋﻤﺎﻝ- ﺍﻟﺘﺴﻮﻳﻖ- ﺍﻟﻤﺎﻟﻴﺔ- ﺍﻟﻤﺤﺎﺳﺒﺔ-","",,15,15,6,2,400,
22522,"ﺍﻟﻤﻌﻬﺪ ﺍﻟﺘﺤﻀﻴﺮﻱ ﻟﻠﺪﺭﺍﺳﺎﺕ ﺍﻟﻬﻨﺪﺳﻴﺔ ﺑﻨﺎﺑﻞ)ﺟﺎﻣﻌﺔ ﻗﺮﻃﺎﺝ(","ﻛﻴﻤﻴﺎﺀ- ﻓﻴﺰﻳﺎﺀ/ﻓﻴﺰﻳﺎﺀ- ﺭﻳﺎﺿﻴﺎﺕ-","",,161,80,11,,,
22532,"ﺍﻟﻤﻌﻬﺪ ﺍﻟﺘﺤﻀﻴﺮﻱ ﻟﻠﺪﺭﺍﺳﺎﺕ ﺍﻟﻬﻨﺪﺳﻴﺔ ﺑﻨﺎﺑﻞ)ﺟﺎﻣﻌﺔ ﻗﺮﻃﺎﺝ(","ﺗﻜﻨﻮﻟﻮﺟﻴﺎ-","",,,,,111,,
22566,"ﺍﻟﻤﻌﻬﺪ ﺍﻟﻌﺎﻟﻲ ﻟﻠﺪﺭﺍﺳﺎﺕ ﺍﻟﺘﻜﻨﻮﻟﻮﺟﻴﺔ ﺑﻨﺎﺑﻞ)ﺍﻹﺩﺍﺭﺓ ﺍﻟﻌﺎﻣﺔ ﻟﻠﺪﺭﺍﺳﺎﺕ ﺍﻟﺘﻜﻨﻮﻟﻮﺟﻴﺔ(","87 ﺗﻄﻮﻳﺮ ﺍﻟﺒﺮﻣﺠﻴﺎﺕ ﻷﻧﺘﺮﻧﺖ ﺍﻷﺷﻴﺎﺀ- ﺗﻄﻮﻳﺮ ﺍﻟﺒﺮﻣﺠﻴﺎﺕ- ﺍﻟﺒﻴﺎﻧﺎﺕ ﺍﻟﺬﻛﻴﺔ- ﺍﻟﺸﺒﻜﺎﺕ ﻭﺍﻟﺤﻮﺳﺒﺔ ﺍﻟﺴﺤﺎﺑﻴﺔ-","ﺍﻹﺟﺎﺯﺓ ﻓﻲ ﺗﻜﻨﻮﻟﻮﺟﻴﺎﺕ ﺍﻹﻋﻼﻣﻴﺔ ﺳﻨﻮﺍﺕ)ﺃﻣﺪ(3",,10,22,58,10,20,
22568,"ﺍﻟﻤﻌﻬﺪ ﺍﻟﻌﺎﻟﻲ ﻟﻠﺪﺭﺍﺳﺎﺕ ﺍﻟﺘﻜﻨﻮﻟﻮﺟﻴﺔ ﺑﻨﺎﺑﻞ)ﺍﻹﺩﺍﺭﺓ ﺍﻟﻌﺎﻣﺔ ﻟﻠﺪﺭﺍﺳﺎﺕ ﺍﻟﺘﻜﻨﻮﻟﻮﺟﻴﺔ(","91 ﺃﺷﻐﺎﻝ ﻋﻤﻮﻣﻴﺔ- ﺍﻟﺒﻨﺎﺀ- ﻗﻴﺲ ﺍﻷﺭﺍﺿﻲ ﻭ ﺍﻟﺠﻐﺮﻓﺔ ﺍﻟﺮﻗﻤﻴﺔ- ﻫﻨﺪﺳﺔ ﻣﺪﻧﻴﺔ-","ﺍﻹﺟﺎﺯﺓ ﻓﻲ ﺍﻟﻬﻨﺪﺳـﺔ ﺍﻟﻤﺪﻧﻴﺔ ﺳﻨﻮﺍﺕ)ﺃﻣﺪ(3",,2,4,1,94,,
22570,"ﺍﻟﻤﻌﻬﺪ ﺍﻟﻌﺎﻟﻲ ﻟﻠﺪﺭﺍﺳﺎﺕ ﺍﻟﺘﻜﻨﻮﻟﻮﺟﻴﺔ ﺑﻨﺎﺑﻞ)ﺍﻹﺩﺍﺭﺓ ﺍﻟﻌﺎﻣﺔ ﻟﻠﺪﺭﺍﺳﺎﺕ ﺍﻟﺘﻜﻨﻮﻟﻮﺟﻴﺔ(","ﺍﻟﻄﺎﻗﻴﺔ- ﺻﻴﺎﻧﺔ ﻭﺗﺸﺨﻴﺺ ﺍﻟﻤﺮﻛﺒﺎﺕ ﻭﺍﻵﻟﻴﺎﺕ- ﺍﻟﺼﻴﺎﻧﺔ ﺍﻟﺼﻨﺎﻋﻴﺔ- ﺍﻹﻧﺘﺎﺝ ﺍﻟﺼﻨﺎﻋﻲ- ﺍﻟﺘﺼﻤﻴﻢ ﻭﺍﻟﺘﺼﻨﻴﻊ ﺍﻟﻤﻴﻜﺎﻧﻴﻜﻲ-","",,2,5,2,116,,
22571,"ﺍﻟﻤﻌﻬﺪ ﺍﻟﻌﺎﻟﻲ ﻟﻠﺪﺭﺍﺳﺎﺕ ﺍﻟﺘﻜﻨﻮﻟﻮﺟﻴﺔ ﺑﻨﺎﺑﻞ)ﺍﻹﺩﺍﺭﺓ ﺍﻟﻌﺎﻣﺔ ﻟﻠﺪﺭﺍﺳﺎﺕ ﺍﻟﺘﻜﻨﻮﻟﻮﺟﻴﺔ(","ﺍﻷﺗﻤﺘﺔ ﻭﺍﻹﻋﻼﻣﻴﺔ ﺍﻟﺼﻨﺎﻋﻴﺔ- ﺍﻹﻟﻜﺘﺮﻭﻧﻴﻚ ﻭﺍﻟﻨﻈﻢ ﺍﻟﻤﺤﻤﻮﻟﺔ- ﻛﻬﺮﺑﺎﺀ ﻭﻃﺎﻗﺎﺕ ﻣﺘﺠﺪﺩﺓ-","",,2,4,1,98,,
23566,"ﺍﻟﻤﻌﻬﺪ ﺍﻟﻌﺎﻟﻲ ﻟﻠﺪﺭﺍﺳﺎﺕ ﺍﻟﺘﻜﻨﻮﻟﻮﺟﻴﺔ ﺑﻘﻠﻴﺒﻴﺔ)ﺍﻹﺩﺍﺭﺓ ﺍﻟﻌﺎﻣﺔ ﻟﻠﺪﺭﺍﺳﺎﺕ ﺍﻟﺘﻜﻨﻮﻟﻮﺟﻴﺔ(","ﺗﻄﻮﻳﺮ ﺍﻟﺒﺮﻣﺠﻴﺎﺕ ﻷﻧﺘﺮﻧﺖ ﺍﻷﺷﻴﺎﺀ- ﺗﻄﻮﻳﺮ ﺍﻟﺒﺮﻣﺠﻴﺎﺕ- ﺍﻟﺒﻴﺎﻧﺎﺕ ﺍﻟﺬﻛﻴﺔ- ﺍﻟﺸﺒﻜﺎﺕ ﻭﺍﻟﺤﻮﺳﺒﺔ ﺍﻟﺴﺤﺎﺑﻴﺔ-","",,14,31,83,14,29,
23570,"ﺍﻟﻤﻌﻬﺪ ﺍﻟﻌﺎﻟﻲ ﻟﻠﺪﺭﺍﺳﺎﺕ ﺍﻟﺘﻜﻨﻮﻟﻮﺟﻴﺔ ﺑﻘﻠﻴﺒﻴﺔ)ﺍﻹﺩﺍﺭﺓ ﺍﻟﻌﺎﻣﺔ ﻟﻠﺪﺭﺍﺳﺎﺕ ﺍﻟﺘﻜﻨﻮﻟﻮﺟﻴﺔ(","ﺍﻟﺼﻴﺎﻧﺔ ﺍﻟﺼﻨﺎﻋﻴﺔ- ﺍﻟﺘﺼﻤﻴﻢ ﻭﺍﻟﺘﺼﻨﻴﻊ ﻓﻲ ﺑﻨﺎﺀ ﺍﻟﺴﻔﻦ-","",,3,6,2,140,,
23597,"ﺍﻟﻤﻌﻬﺪ ﺍﻟﻌﺎﻟﻲ ﻟﻠﺪﺭﺍﺳﺎﺕ ﺍﻟﺘﻜﻨﻮﻟﻮﺟﻴﺔ ﺑﻘﻠﻴﺒﻴﺔ)ﺍﻹﺩﺍﺭﺓ ﺍﻟﻌﺎﻣﺔ ﻟﻠﺪﺭﺍﺳﺎﺕ ﺍﻟﺘﻜﻨﻮﻟﻮﺟﻴﺔ(","ﺍﻷﺳﺎﻟﻴﺐ ﺍﻟﻐﺬﺍﺋﻴﺔ-","",,4,59,,1,,
24318,"ﺍﻟﻤﻌﻬﺪ ﺍﻟﻌﺎﻟﻰ ﻟﻠﺪﺭﺍﺳﺎﺕ ﺍﻟﺘﻜﻨﻮﻟﻮﺟﻴﺔ ﺑﺰﻏﻮﺍﻥ)ﺍﻹﺩﺍﺭﺓ ﺍﻟﻌﺎﻣﺔ ﻟﻠﺪﺭﺍﺳﺎﺕ ﺍﻟﺘﻜﻨﻮﻟﻮﺟﻴﺔ(","60 ﺍﻟﺘﺴﻮﻳﻖ ﺍﻟﺮﻗﻤﻲ- ﺍﻟﺘﻘﻨﻴﺎﺕ ﺍﻟﻤﺎﻟﻴﺔ- ﺍﻟﺘﺼﺮﻑ ﺍﻟﺼﻨﺎﻋﻲ- ﺍﻟﺘﺼﺮﻑ ﻓﻲ ﺍﻟﺠﻮﺩﺓ ﻭﺍﻟﺼﺤﺔ ﻭﺍﻟﺴﻼﻣﺔ- ﻭﺍﻟﺒﻴﺌﺔ ﺗﻘﻨﻴﺎﺕ ﺍﻟﺒﻴﻊ ﻭﺍﻟﻌﻼﻗﺔ ﻣﻊ ﺍﻟﺤﺮﻓﺎﺀ-","ﺍﻹﺟﺎﺯﺓ ﻓﻲ ﻋﻠﻮﻡ ﺍﻟﺘﺼﺮﻑ ﺳﻨﻮﺍﺕ)ﺃﻣﺪ(3",,8,4,4,1,232,
24477,"ﺍﻟﻤﻌﻬﺪ ﺍﻟﻌﺎﻟﻲ ﻟﻠﺪﺭﺍﺳﺎﺕ ﺍﻟﺘﻄﺒﻴﻘﻴﺔ ﻓﻲ ﺍﻹﻧﺴﺎﻧﻴﺎﺕ ﺑﺰﻏﻮﺍﻥ)ﺟﺎﻣﻌﺔ ﺗﻮﻧﺲ(","ﺍﻟﺘﺮﺑﻴﺔ ﻭﺍﻟﺘﻌﻠﻴﻢ-","ﺍﻹﺟﺎﺯﺓ ﻓﻲ ﺍﻟﺘﺮﺑﻴﺔ ﻭﺍﻟﺘﻌﻠﻴﻢ ﺳﻨﻮﺍﺕ)ﺃﻣﺪ(3 ﺳﻨﺔ ﻓﻲ ﻏﺮﺓ21 ﺍﻟﺴﻦ ﺍﻟﻘﺼﻮﻯ ﺃﻛﺘﻮﺑﺮ ﺷﻌﺒﺔ ﺗﺘﻄﻠﺐ ﺍﺧﺘﺒﺎﺭ",64,22,21,4,6,13,
24479,"ﺍﻟﻤﻌﻬﺪ ﺍﻟﻌﺎﻟﻲ ﻟﻠﺪﺭﺍﺳﺎﺕ ﺍﻟﺘﻄﺒﻴﻘﻴﺔ ﻓﻲ ﺍﻹﻧﺴﺎﻧﻴﺎﺕ ﺑﺰﻏﻮﺍﻥ)ﺟﺎﻣﻌﺔ ﺗﻮﻧﺲ(","32 ﺍﻟﻬﻨﺪﺳﺔ ﺍﻟﺒﻴﺪﺍﻏﻮﺟﻴﺔ ﻭﺍﻟﺘﻘﻨﻴﺎﺕ ﺍﻟﻤﺒﺘﻜﺮﺓ-","ﺍﻹﺟﺎﺯﺓ ﻓﻲ ﺍﻟﻬﻨﺪﺳﺔ ﺍﻟﺒﻴﺪﺍﻏﻮﺟﻴﺔ ﻭﺍﻟﺘﻘﻨﻴﺎﺕ ﺍﻟﻤﺒﺘﻜﺮﺓ ﺳﻨﻮﺍﺕ)ﺃﻣﺪ(3",17,5,5,1,2,4,
24566,"ﺍﻟﻤﻌﻬﺪ ﺍﻟﻌﺎﻟﻰ ﻟﻠﺪﺭﺍﺳﺎﺕ ﺍﻟﺘﻜﻨﻮﻟﻮﺟﻴﺔ ﺑﺰﻏﻮﺍﻥ)ﺍﻹﺩﺍﺭﺓ ﺍﻟﻌﺎﻣﺔ ﻟﻠﺪﺭﺍﺳﺎﺕ ﺍﻟﺘﻜﻨﻮﻟﻮﺟﻴﺔ(","ﺗﻄﻮﻳﺮ ﺍﻟﺒﺮﻣﺠﻴﺎﺕ ﻷﻧﺘﺮﻧﺖ ﺍﻷﺷﻴﺎﺀ- ﺗﻄﻮﻳﺮ ﺍﻟﺒﺮﻣﺠﻴﺎﺕ- ﺍﻟﺒﻴﺎﻧﺎﺕ ﺍﻟﺬﻛﻴﺔ- ﺍﻟﺸﺒﻜﺎﺕ ﻭﺍﻟﺤﻮﺳﺒﺔ ﺍﻟﺴﺤﺎﺑﻴﺔ-","",,9,21,55,9,19,
24597,"ﺍﻟﻤﻌﻬﺪ ﺍﻟﻌﺎﻟﻰ ﻟﻠﺪﺭﺍﺳﺎﺕ ﺍﻟﺘﻜﻨﻮﻟﻮﺟﻴﺔ ﺑﺰﻏﻮﺍﻥ)ﺍﻹﺩﺍﺭﺓ ﺍﻟﻌﺎﻣﺔ ﻟﻠﺪﺭﺍﺳﺎﺕ ﺍﻟﺘﻜﻨﻮﻟﻮﺟﻴﺔ(","ﺃﺳﺎﻟﻴﺐ ﻏﺬﺍﺋﻴﺔ- ﺃﺳﺎﻟﻴﺐ ﻛﻴﻤﻴﺎﺋﻴﺔ-","",,6,99,,2,,
25318,"ﺍﻟﻤﻌﻬﺪ ﺍﻟﻌﺎﻟﻲ ﻟﻠﺪﺭﺍﺳﺎﺕ ﺍﻟﺘﻜﻨﻮﻟﻮﺟﻴﺔ ﺑﻨﺎﺑﻞ)ﺍﻹﺩﺍﺭﺓ ﺍﻟﻌﺎﻣﺔ ﻟﻠﺪﺭﺍﺳﺎﺕ ﺍﻟﺘﻜﻨﻮﻟﻮﺟﻴﺔ(","ﺍﻟﺘﺴﻮﻳﻖ ﺍﻟﺮﻗﻤﻲ- ﺍﻟﺘﻘﻨﻴﺎﺕ ﺍﻟﻤﺎﻟﻴﺔ- ﺇﺩﺍﺭﺓ ﺍﻟﺠﻮﺩﺓ ﻭﺍﻟﺴﻼﻣﺔ ﻭﺍﻟﺒﻴﺌﺔ- ﺍﻟﺘﺼﺮﻑ ﺍﻟﺼﻨﺎﻋﻲ- ﺗﻘﻨﻴﺎﺕ ﺍﻟﻤﺤﺎﺳﺒﺔ ﻭﺍﻟﻤﺮﺍﻗﺒﺔ ﻭﺍﻟﺘﺪﻗﻴﻖ-","",,6,3,2,1,161,
30101,"ﻛﻠﻴﺔ ﺍﻵﺩﺍﺏ ﻭﺍﻟﻌﻠﻮﻡ ﺍﻹﻧﺴﺎﻧﻴﺔ ﺑﺴﻮﺳﺔ)ﺟﺎﻣﻌﺔ ﺳﻮﺳﺔ(","1 ﺍﻟﻠﻐﺔ ﻭﺍﻵﺩﺍﺏ ﻭﺍﻟﺤﻀﺎﺭﺓ ﺍﻟﻌﺮﺑﻴﺔ-","ﺍﻹﺟﺎﺯﺓ ﻓﻲ ﺍﻟﻌﺮﺑﻴﺔ ﺳﻨﻮﺍﺕ)ﺃﻣﺪ(3",106,1,1,2,,50,
30102,"ﻛﻠﻴﺔ ﺍﻵﺩﺍﺏ ﻭﺍﻟﻌﻠﻮﻡ ﺍﻹﻧﺴﺎﻧﻴﺔ ﺑﺴﻮﺳﺔ)ﺟﺎﻣﻌﺔ ﺳﻮﺳﺔ(","ﺍﻟﻠﻐﺔ ﻭﺍﻵﺩﺍﺏ ﻭﺍﻟﺤﻀﺎﺭﺓ ﺍﻹﻧﻘﻠﻴﺰﻳﺔ-","",164,1,1,2,2,65,2
30103,"ﻛﻠﻴﺔ ﺍﻵﺩﺍﺏ ﻭﺍﻟﻌﻠﻮﻡ ﺍﻹﻧﺴﺎﻧﻴﺔ ﺑﺴﻮﺳﺔ)ﺟﺎﻣﻌﺔ ﺳﻮﺳﺔ(","ﺍﻟﻠﻐﺔ ﻭﺍﻵﺩﺍﺏ ﻭﺍﻟﺤﻀﺎﺭﺓ ﺍﻟﻔﺮﻧﺴﻴﺔ-","",154,1,1,2,2,26,2
30118,"ﻛﻠﻴﺔ ﺍﻵﺩﺍﺏ ﻭﺍﻟﻌﻠﻮﻡ ﺍﻹﻧﺴﺎﻧﻴﺔ ﺑﺴﻮﺳﺔ)ﺟﺎﻣﻌﺔ ﺳﻮﺳﺔ(","ﺍﻷﻧﺘﺮﻭﺑﻮﻟﻮﺟﻴﺎ-","",29,1,1,1,1,29,1
30123,"ﻛﻠﻴﺔ ﺍﻵﺩﺍﺏ ﻭﺍﻟﻌﻠﻮﻡ ﺍﻹﻧﺴﺎﻧﻴﺔ ﺑﺴﻮﺳﺔ)ﺟﺎﻣﻌﺔ ﺳﻮﺳﺔ(","24 ﺍﻵﺛﺎﺭ ﻭﺍﻟﺘﺮﺍﺙ- ﺍﻟﺘﺪﺭﻳﺲ ﻭﺍﻟﺒﺤﺚ ﻓﻲ ﺍﻟﺘﺎﺭﻳﺦ-","ﺍﻹﺟﺎﺯﺓ ﻓﻲ ﺍﻟﺘﺎﺭﻳﺦ ﺳﻨﻮﺍﺕ)ﺃﻣﺪ(3",103,1,1,2,2,20,2
30124,"ﻛﻠﻴﺔ ﺍﻵﺩﺍﺏ ﻭﺍﻟﻌﻠﻮﻡ ﺍﻹﻧﺴﺎﻧﻴﺔ ﺑﺴﻮﺳﺔ)ﺟﺎﻣﻌﺔ ﺳﻮﺳﺔ(","ﺍﻟﺘﺮﺍﺏ ﻭﺍﻟﻤﺨﺎﻃﺮ- ﺍﻟﺘﻨﻤﻴﺔ ﺍﻟﺘﺮﺍﺑﻴﺔ ﻭﺍﻟﺠﻤﺎﻋﺎﺕ ﺍﻟﻤﺤﻠﻴﺔ-","",83,1,1,2,2,53,
30162,"ﺍﻟﻤﻌﻬﺪ ﺍﻟﻌﺎﻟﻰ ﻟﻠﻔﻨﻮﻥ ﺍﻟﺠﻤﻴﻠﺔ ﺑﺴﻮﺳﺔ)ﺟﺎﻣﻌﺔ ﺳﻮﺳﺔ(","ﺍﻟﻔﺴﻴﻔﺴﺎﺀ ﻭﺍﻻﺳﻄﺢ ﺍﻟﻤﺰﺧﺮﻓﺔ-","",13,1,1,1,1,13,1
30201,"ﺍﻟﻤﻌﻬﺪ ﺍﻟﻌﺎﻟﻲ ﻟﻠﻤﻮﺳﻴﻘﻰ ﺑﺴﻮﺳﺔ)ﺟﺎﻣﻌﺔ ﺳﻮﺳﺔ(","ﺍﻟﻤﻮﺳﻴﻘﻰ ﻭ ﺍﻟﻌﻠﻮﻡ ﺍﻟﻤﻮﺳﻴﻘﻴﺔ- ﺍﻟﻤﻮﺳﻴﻘﻰ ﻭﺍﻷﺩﺍﺀ-","",31,3,5,10,6,67,9
30202,"ﺍﻟﻤﻌﻬﺪ ﺍﻟﻌﺎﻟﻰ ﻟﻠﻔﻨﻮﻥ ﺍﻟﺠﻤﻴﻠﺔ ﺑﺴﻮﺳﺔ)ﺟﺎﻣﻌﺔ ﺳﻮﺳﺔ(","ﻓﻮﺗﻮﻏﺮﺍﻓﻴﺎ- ﺣﻔﺮ- ﺧﺰﻑ- ﺭﺳﻢ- ﻓﻨﻮﻥ ﻭﺳﺎﺋﻄﻴﺔ- ﻧﺤﺖ-","",60,6,5,11,7,46,11
30207,"ﺍﻟﻤﻌﻬﺪ ﺍﻟﻌﺎﻟﻰ ﻟﻠﻔﻨﻮﻥ ﺍﻟﺠﻤﻴﻠﺔ ﺑﺴﻮﺳﺔ)ﺟﺎﻣﻌﺔ ﺳﻮﺳﺔ(","ﻫﻨﺪﺳﺔ ﺩﺍﺧﻠﻴﺔ-","",10,3,4,18,27,58,1
30208,"ﺍﻟﻤﻌﻬﺪ ﺍﻟﻌﺎﻟﻰ ﻟﻠﻔﻨﻮﻥ ﺍﻟﺠﻤﻴﻠﺔ ﺑﺴﻮﺳﺔ)ﺟﺎﻣﻌﺔ ﺳﻮﺳﺔ(","ﺇﺑﺘﻜﺎﺭ ﺻﻨﺎﻋﻲ-","",3,2,3,12,20,44,1
30209,"ﺍﻟﻤﻌﻬﺪ ﺍﻟﻌﺎﻟﻰ ﻟﻠﻔﻨﻮﻥ ﺍﻟﺠﻤﻴﻠﺔ ﺑﺴﻮﺳﺔ)ﺟﺎﻣﻌﺔ ﺳﻮﺳﺔ(","49 ﺇﺷﻬﺎﺭ ﺳﻤﻌﻲ ﺑﺼﺮﻱ- ﺇﺷﻬﺎﺭ ﺧﻄﻲ-","",9,4,4,30,24,55,2
30246,"ﺍﻟﻤﻌﻬﺪ ﺍﻟﻌﺎﻟﻲ ﻟﻠﻤﻮﺳﻴﻘﻰ ﺑﺴﻮﺳﺔ)ﺟﺎﻣﻌﺔ ﺳﻮﺳﺔ(","ﻫﻨﺪﺳﺔ ﻭﺗﻘﻨﻴﺎﺕ ﺍﻟﺼﻮﺕ-","ﺍﻻﺟﺎﺯﺓ ﻓﻲ ﻫﻨﺪﺳﺔ ﻭﺗﻘﻨﻴﺎﺕ ﺍﻟﺼﻮﺕ ﺳﻨﻮﺍﺕ)ﺃﻣﺪ(3 ﺷﻌﺒﺔ ﺗﺘﻄﻠﺐ ﺍﺧﺘﺒﺎﺭ",,8,16,19,18,,
30301,"ﻛﻠﻴﺔ ﺍﻟﺤﻘﻮﻕ ﻭﺍﻟﻌﻠﻮﻡ ﺍﻟﺴﻴﺎﺳﻴﺔ ﺑﺴﻮﺳﺔ)ﺟﺎﻣﻌﺔ ﺳﻮﺳﺔ(","ﺍﻟﻘﺎﻧﻮﻥ ﺍﻟﺨﺎﺹ- ﺍﻟﻘﺎﻧﻮﻥ ﺍﻟﻌﺎﻡ-","",237,9,15,2,2,100,13
30311,"ﺍﻟﻤﻌﻬﺪ ﺍﻟﻌﺎﻟﻰ ﻟﻠﺘﺼﺮﻑ ﺑﺴﻮﺳﺔ)ﺟﺎﻣﻌﺔ ﺳﻮﺳﺔ(","ﺫﻛﺎﺀ ﺍﻷﻋﻤﺎﻝ-","",,16,11,85,2,105,
30312,"ﺍﻟﻤﻌﻬﺪ ﺍﻟﻌﺎﻟﻰ ﻟﻠﺘﺼﺮﻑ ﺑﺴﻮﺳﺔ)ﺟﺎﻣﻌﺔ ﺳﻮﺳﺔ(","ﺍﻗﺘﺼﺎﺩ ﺍﻷﻋﻤﺎﻝ ﻭﺍﺳﺘﺮﺍﺗﻴﺠﻴﺎﺕ ﺍﻻﺑﺘﻜﺎﺭ- ﺍﻟﺼﻨﺎﻋﻲ ﻋﻠﻢ ﺍﻟﺒﻴﺎﻧﺎﺕ ﻓﻲ ﺍﻻﻗﺘﺼﺎﺩ ﻭﺍﻟﺘﻤﻮﻳﻞ- ()ﺍﻟﻄﺮﻕ ﺍﻟﻜﻤﻴﺔ","",,30,30,,,140,
30315,"ﻣﻌﻬﺪ ﺍﻟﺪﺭﺍﺳﺎﺕ ﺍﻟﺘﺠﺎﺭﻳﺔ ﺍﻟﻌﻠﻴﺎ ﺑﺴﻮﺳﺔ)ﺟﺎﻣﻌﺔ ﺳﻮﺳﺔ(","ﺗﺤﻠﻴﻞ ﺍﻷﻋﻤﺎﻝ-","ﺍﻹﺟﺎﺯﺓ ﻓﻲ ﺗﺤﻠﻴﻞ ﺍﻷﻋﻤﺎﻝ ﺳﻨﻮﺍﺕ)ﺃﻣﺪ(3",,3,1,1,,89,
30318,"ﺍﻟﻤﻌﻬﺪ ﺍﻟﻌﺎﻟﻰ ﻟﻠﺘﺼﺮﻑ ﺑﺴﻮﺳﺔ)ﺟﺎﻣﻌﺔ ﺳﻮﺳﺔ(","ﺇﺩﺍﺭﺓ ﺍﻷﻋﻤﺎﻝ- ﺍﻟﺘﺴﻮﻳﻖ- ﺍﻟﻤﺎﻟﻴﺔ- ﺍﻟﻤﺤﺎﺳﺒﺔ-","",,30,30,4,1,268,
30501,"ﺍﻟﻤﺪﺭﺳﺔ ﺍﻟﻌﻠﻴﺎ ﻟﻠﻌﻠﻮﻡ ﻭﺍﻟﺘﻜﻨﻮﻟﻮﺟﻴﺎ ﺑﺤﻤﺎﻡ ﺳﻮﺳﺔ)ﺟﺎﻣﻌﺔ ﺳﻮﺳﺔ(","ﺍﻟﻜﻴﻤﻴﺎﺀ ﺍﻟﺼﻨﺎﻋﻴﺔ- ﺍﻟﻜﻴﻤﻴﺎﺀ ﺍﻟﻄﺒﻴﺔ ﻭ ﺍﻟﻤﻮﺍﺩ ﺍﻟﻄﺒﻴﻌﻴﺔ-","",,5,62,,4,,
30507,"ﺍﻟﻤﺪﺭﺳﺔ ﺍﻟﻌﻠﻴﺎ ﻟﻠﻌﻠﻮﻡ ﻭﺍﻟﺘﻜﻨﻮﻟﻮﺟﻴﺎ ﺑﺤﻤﺎﻡ ﺳﻮﺳﺔ)ﺟﺎﻣﻌﺔ ﺳﻮﺳﺔ(","ﺍﻻﻋﻼﻣﻴﺔ- ﺍﻟﺮﻳﺎﺿﻴﺎﺕ-","",,37,11,1,1,,
30518,"ﺍﻟﻤﻌﻬﺪ ﺍﻟﻌﺎﻟﻲ ﻟﻼﻋﻼﻣﻴﺔ ﻭ ﺗﻜﻨﻮﻟﻮﺟﻴﺎﺕ ﺍﻻﺗﺼﺎﻝ ﺑﺴﻮﺳﺔ)ﺟﺎﻣﻌﺔ ﺳﻮﺳﺔ(","ﻣﺮﺣﻠﺔ ﺗﺤﻀﻴﺮﻳﺔ ﻣﻨﺪﻣﺠﺔ ﻓﻲ ﺍﻹﻋﻼﻣﻴﺔ- (PII)","",,17,12,19,11,,
30519,"ﺍﻟﻤﻌﻬﺪ ﺍﻟﻌﺎﻟﻲ ﻟﻠﻌﻠﻮﻡ ﺍﻟﺘﻄﺒﻴﻘﻴﺔ ﻭ ﺍﻟﺘﻜﻨﻮﻟﻮﺟﻴﺎ ﺑﺴﻮﺳﺔ)ﺟﺎﻣﻌﺔ ﺳﻮﺳﺔ(","(ﻣﺮﺣﻠﺔ ﺗﺤﻀﻴﺮﻳﺔ ﻣﻨﺪﻣﺠﺔ )ﻋﻠﻤﻴﺔ-","ﻋﻠﻤﻴﺔ-ﻣﺮﺣﻠﺔ ﺗﺤﻀﻴﺮﻳﺔ ﻣﻨﺪﻣﺠﺔ ﺳﻨﻮﺍﺕ3 + ﺳﻨﺘﺎﻥ",,40,40,25,29,,
30522,"ﺍﻟﻤﺪﺭﺳﺔ ﺍﻟﻌﻠﻴﺎ ﻟﻠﻌﻠﻮﻡ ﻭﺍﻟﺘﻜﻨﻮﻟﻮﺟﻴﺎ ﺑﺤﻤﺎﻡ ﺳﻮﺳﺔ)ﺟﺎﻣﻌﺔ ﺳﻮﺳﺔ(","ﻛﻴﻤﻴﺎﺀ- ﻓﻴﺰﻳﺎﺀ/ﻓﻴﺰﻳﺎﺀ- ﺭﻳﺎﺿﻴﺎﺕ-","",,90,62,7,,,
30523,"ﺍﻟﻤﻌﻬﺪ ﺍﻟﻌﺎﻟﻲ ﻟﻼﻋﻼﻣﻴﺔ ﻭ ﺗﻜﻨﻮﻟﻮﺟﻴﺎﺕ ﺍﻻﺗﺼﺎﻝ ﺑﺴﻮﺳﺔ)ﺟﺎﻣﻌﺔ ﺳﻮﺳﺔ(","ﺍﻹﻋﻼﻣﻴﺔ ﻭﺍﻟﻮﺳﺎﺋﻂ ﺍﻟﻤﺘﻌﺪﺩﺓ-","ﺍﻹﺟﺎﺯﺓ ﻓﻲ ﻋﻠﻮﻡ ﺍﻹﻋﻼﻣﻴﺔ ﺳﻨﻮﺍﺕ)ﺃﻣﺪ(3",,12,13,41,2,,
30524,"ﺍﻟﻤﻌﻬﺪ ﺍﻟﻌﺎﻟﻲ ﻟﻼﻋﻼﻣﻴﺔ ﻭ ﺗﻜﻨﻮﻟﻮﺟﻴﺎﺕ ﺍﻻﺗﺼﺎﻝ ﺑﺴﻮﺳﺔ)ﺟﺎﻣﻌﺔ ﺳﻮﺳﺔ(","ﺍﻟﻨﻈﻢ ﺍﻟﻤﺤﻤﻮﻟﺔ ﻭﺍﻧﺘﺮﻧﺎﺕ ﺍﻷﺷﻴﺎﺀ-","",,12,13,40,2,,
30533,"ﺍﻟﻤﺪﺭﺳﺔ ﺍﻟﻌﻠﻴﺎ ﻟﻠﻌﻠﻮﻡ ﻭﺍﻟﺘﻜﻨﻮﻟﻮﺟﻴﺎ ﺑﺤﻤﺎﻡ ﺳﻮﺳﺔ)ﺟﺎﻣﻌﺔ ﺳﻮﺳﺔ(","86 ﺍﻷﻟﻴﺎﻑ ﺍﻟﺒﺼﺮﻳﺔ ﻭ ﺗﻜﻨﻮﻟﻮﺟﻴﺎ ﺍﻟﻠﻴﺰﺭ- ﺍﻟﺘﺼﻮﻳﺮ ﻭ ﺍﻷﺟﻬﺰﺓ ﺍﻟﺒﺼﺮﻳﺔ-","ﺍﻹﺟﺎﺯﺓ ﻓﻲ ﺍﻟﺘﺼﻮﻳﺮ ﻭﺍﻟﻀﻮﺋﻴﺎﺕ ﺳﻨﻮﺍﺕ)ﺃﻣﺪ(3",,8,70,,9,,
30566,"ﺍﻟﻤﻌﻬﺪ ﺍﻟﻌﺎﻟﻲ ﻟﻠﺪﺭﺍﺳﺎﺕ ﺍﻟﺘﻜﻨﻮﻟﻮﺟﻴﺔ ﺑﺴﻮﺳﺔ)ﺍﻹﺩﺍﺭﺓ ﺍﻟﻌﺎﻣﺔ ﻟﻠﺪﺭﺍﺳﺎﺕ ﺍﻟﺘﻜﻨﻮﻟﻮﺟﻴﺔ(","ﺗﻄﻮﻳﺮ ﺍﻟﺒﺮﻣﺠﻴﺎﺕ ﻷﻧﺘﺮﻧﺖ ﺍﻷﺷﻴﺎﺀ- ﺗﻄﻮﻳﺮ ﺍﻟﺒﺮﻣﺠﻴﺎﺕ- ﺍﻟﺒﻴﺎﻧﺎﺕ ﺍﻟﺬﻛﻴﺔ- ﺍﻟﺸﺒﻜﺎﺕ ﻭﺍﻟﺤﻮﺳﺒﺔ ﺍﻟﺴﺤﺎﺑﻴﺔ-","",,10,23,60,10,21,
30568,"ﺍﻟﻤﻌﻬﺪ ﺍﻟﻌﺎﻟﻲ ﻟﻠﻌﻠﻮﻡ ﺍﻟﺘﻄﺒﻴﻘﻴﺔ ﻭ ﺍﻟﺘﻜﻨﻮﻟﻮﺟﻴﺎ ﺑﺴﻮﺳﺔ)ﺟﺎﻣﻌﺔ ﺳﻮﺳﺔ(","ﺍﻟﺒﻨﺎﺀ- ﺍﻟﺠﺴﻮﺭ ﻭﺍﻟﻄﺮﻗﺎﺕ-","",,1,3,1,70,,
30570,"ﺍﻟﻤﻌﻬﺪ ﺍﻟﻌﺎﻟﻲ ﻟﻠﻌﻠﻮﻡ ﺍﻟﺘﻄﺒﻴﻘﻴﺔ ﻭ ﺍﻟﺘﻜﻨﻮﻟﻮﺟﻴﺎ ﺑﺴﻮﺳﺔ)ﺟﺎﻣﻌﺔ ﺳﻮﺳﺔ(","ﺍﻟﻬﻨﺪﺳـﺔ ﺍﻟﻤﻴﻜﺎﻧـﻴـﻜـﻴـﺔ-","",,1,3,1,62,,
30571,"ﺍﻟﻤﻌﻬﺪ ﺍﻟﻌﺎﻟﻲ ﻟﻠﺪﺭﺍﺳﺎﺕ ﺍﻟﺘﻜﻨﻮﻟﻮﺟﻴﺔ ﺑﺴﻮﺳﺔ)ﺍﻹﺩﺍﺭﺓ ﺍﻟﻌﺎﻣﺔ ﻟﻠﺪﺭﺍﺳﺎﺕ ﺍﻟﺘﻜﻨﻮﻟﻮﺟﻴﺔ(","ﺍﻷﺗﻤﺘﺔ ﻭﺍﻹﻋﻼﻣﻴﺔ ﺍﻟﺼﻨﺎﻋﻴﺔ- ﺍﻹﻟﻜﺘﺮﻭﻧﻴﻚ ﻭﺍﻟﻨﻈﻢ ﺍﻟﻤﺤﻤﻮﻟﺔ- ﺍﻟﻜﻬﺮﺑﺎﺀ ﻭﺍﻟﻄﺎﻗﺎﺕ ﺍﻟﻤﺘﺠﺪﺩﺓ-","",,2,4,1,94,,
30573,"ﺍﻟﻤﻌﻬﺪ ﺍﻟﻌﺎﻟﻲ ﻟﻼﻋﻼﻣﻴﺔ ﻭ ﺗﻜﻨﻮﻟﻮﺟﻴﺎﺕ ﺍﻻﺗﺼﺎﻝ ﺑﺴﻮﺳﺔ)ﺟﺎﻣﻌﺔ ﺳﻮﺳﺔ(","ﺍﻹﺗﺼﺎﻻﺕ-","",,9,13,41,4,,
30580,"ﺍﻟﻤﻌﻬﺪ ﺍﻟﻌﺎﻟﻲ ﻟﻠﻨﻘﻞ ﻭﺍﻟﻠﻮﺟﺴﺘﻴﺔ ﺑﺴﻮﺳﺔ)ﺟﺎﻣﻌﺔ ﺳﻮﺳﺔ(","ﺍﻟﻨﻘﻞ ﺍﻟﺒﺤﺮﻱ- ﺍﻟﻨﻘﻞ ﺍﻟﺒﺮﻱ- ﺗﺸﺨﻴﺺ ﻭﺻﻴﺎﻧﺔ ﺃﻧﻈﻤﺔ ﺍﻟﻨﻘﻞ-","ﺍﻹﺟﺎﺯﺓ ﻓﻲ ﺗﻜﻨﻮﻟﻮﺟﻴﺎ ﻭﻫﻨﺪﺳﺔ ﺍﻟﻨﻘﻞ ﻭﺍﻟﻠﻮﺟﺴﺘﻴﺔ ﺳﻨﻮﺍﺕ)ﺃﻣﺪ(3",,25,29,,88,,
30603,"ﺍﻟﻤﻌﻬﺪ ﺍﻟﻌﺎﻟﻲ ﻟﻠﻌﻠﻮﻡ ﺍﻟﺘﻄﺒﻴﻘﻴﺔ ﻭ ﺍﻟﺘﻜﻨﻮﻟﻮﺟﻴﺎ ﺑﺴﻮﺳﺔ)ﺟﺎﻣﻌﺔ ﺳﻮﺳﺔ(","ﺍﻟﺘﺒﺮﻳﺪ ﻭﺍﻟﺘﻜﻴﻴﻒ- ﺍﻟﻬﻨﺪﺳﺔ ﺍﻟﻄﺎﻗﻴﺔ ﻭﺍﻟﺒﻴﺌﻴﺔ-","",,4,48,,23,,
30629,"ﺍﻟﻤﻌﻬﺪ ﺍﻟﻌﺎﻟﻲ ﻟﻠﻌﻠﻮﻡ ﺍﻟﺘﻄﺒﻴﻘﻴﺔ ﻭ ﺍﻟﺘﻜﻨﻮﻟﻮﺟﻴﺎ ﺑﺴﻮﺳﺔ)ﺟﺎﻣﻌﺔ ﺳﻮﺳﺔ(","ﺍﻵﻟﻴﺔ ﻭﺍﻹﻋﻼﻣﻴﺔ ﺍﻟﺼﻨﺎﻋﻴﺔ- ﺍﻟﻨﻈﻢ ﺍﻟﻤﺤﻤﻮﻟﺔ- ﺍﻟﺘﺤﻜﻢ ﺍﻟﻤﺪﻣﺞ ﻟﻸﻧﻈﻤﺔ ﺍﻟﺼﻨﺎﻋﻴﺔ-","",,12,21,2,94,,
30671,"ﺍﻟﻤﻌﻬﺪ ﺍﻟﻌﺎﻟﻲ ﻟﻠﻌﻠﻮﻡ ﺍﻟﺘﻄﺒﻴﻘﻴﺔ ﻭ ﺍﻟﺘﻜﻨﻮﻟﻮﺟﻴﺎ ﺑﺴﻮﺳﺔ)ﺟﺎﻣﻌﺔ ﺳﻮﺳﺔ(","ﺍﻟﻤﻴﻜﺎﺗﺮﻭﻧﻴﻚ ﺍﻟﺼﻨﺎﻋﻲ - ﻣﻴﻜﺎﺗﺮﻭﻧﻴﻚ ﺍﻟﺴﻴﺎﺭﺍﺕ-","ﺍﻹﺟﺎﺯﺓ ﻓﻲ ﺍﻹﻟﻜﺘﺮﻭﻣﻴﻜﺎﻧﻴﻚ ﺳﻨﻮﺍﺕ)ﺃﻣﺪ(3",,6,16,2,48,,
30672,"ﺍﻟﻤﻌﻬﺪ ﺍﻟﻌﺎﻟﻲ ﻟﻠﻨﻘﻞ ﻭﺍﻟﻠﻮﺟﺴﺘﻴﺔ ﺑﺴﻮﺳﺔ)ﺟﺎﻣﻌﺔ ﺳﻮﺳﺔ(","ﺍﻟﺘﻮﺯﻳﻊ ﻭﺇﺩﺍﺭﺓ ﺳﻠﺴﻠﺔ ﺍﻹﻣﺪﺍﺩ- ﺍﻟﻠﻮﺟﺴﺘﻴﺔ ﺍﻟﺼﻨﺎﻋﻴﺔ- ﻟﻮﺟﺴﺘﻴﺔ ﺍﻟﻌﻤﻠﻴﺎﺕ ﺍﻟﺪﻭﻟﻴﺔ-","ﺍﻹﺟﺎﺯﺓ ﻓﻲ ﺍﻟﻬﻨﺪﺳﺔ ﺍﻟﻠﻮﺟﺴﺘﻴﺔ ﺳﻨﻮﺍﺕ)ﺃﻣﺪ(3",,25,31,13,77,,
30673,"ﺍﻟﻤﻌﻬﺪ ﺍﻟﻌﺎﻟﻲ ﻟﻠﻨﻘﻞ ﻭﺍﻟﻠﻮﺟﺴﺘﻴﺔ ﺑﺴﻮﺳﺔ)ﺟﺎﻣﻌﺔ ﺳﻮﺳﺔ(","ﺍﻟﺸﺆﻭﻥ ﺍﻟﺒﺤﺮﻳﺔ ﻭﺍﻟﻤﻮﺍﻧﻲ- ﺍﻟﻨﻘﻞ ﻣﺘﻌﺪﺩ ﺍﻟﻮﺳﺎﺋﻂ ﻭﺍﻟﻠﻮﺟﺴﺘﻴﺔ- ﺍﻟﺸﺎﻣﻠﺔ ﺍﻟﻨﻘﻞ ﻭﺍﻟﺘﺨﻄﻴﻂ ﺍﻟﺤﻀﺮﻱ-","ﺍﻻﺟﺎﺯﺓ ﻓﻲ ﻋﻠﻮﻡ ﺍﻟﻨﻘﻞ ﺳﻨﻮﺍﺕ)ﺃﻣﺪ(3",,24,20,48,29,43,
30700,"ﻛﻠﻴﺔ ﺍﻟﻄﺐ ﺑﺴﻮﺳﺔ)ﺟﺎﻣﻌﺔ ﺳﻮﺳﺔ(","ﺍﻟـﻄــﺐ-","",1,87,161,,,,1
30739,"ﺍﻟﻤﺪﺭﺳﺔ ﺍﻟﻌﻠﻴﺎ ﻟﻌﻠﻮﻡ ﻭ ﺗﻘﻨﻴﺎﺕ ﺍﻟﺼﺤﺔ ﺑﺴﻮﺳﺔ)ﺟﺎﻣﻌﺔ ﺳﻮﺳﺔ(","ﻣﺒﺤﺚ ﻭﺗﺪﺭﻳﻢ ﺍﻟﻘﺪﻡ-","ﺍﻹﺟﺎﺯﺓ ﻓﻲ ﻣﺒﺤﺚ ﻭﺗﺪﺭﻳﻢ ﺍﻟﻘﺪﻡ ﺳﻨﻮﺍﺕ)ﺃﻣﺪ(3",,2,18,,2,,
30750,"ﺍﻟﻤﺪﺭﺳﺔ ﺍﻟﻌﻠﻴﺎ ﻟﻌﻠﻮﻡ ﻭ ﺗﻘﻨﻴﺎﺕ ﺍﻟﺼﺤﺔ ﺑﺴﻮﺳﺔ)ﺟﺎﻣﻌﺔ ﺳﻮﺳﺔ(","ﺃﺩﻭﺍﺗﻴﺔ ﻗﺎﻋﺔ ﺍﻟﻌﻤﻠﻴﺎﺕ ﺍﻟﺠﺮﺍﺣﻴﺔ-","",,4,21,,,,
30754,"ﺍﻟﻤﺪﺭﺳﺔ ﺍﻟﻌﻠﻴﺎ ﻟﻌﻠﻮﻡ ﻭ ﺗﻘﻨﻴﺎﺕ ﺍﻟﺼﺤﺔ ﺑﺴﻮﺳﺔ)ﺟﺎﻣﻌﺔ ﺳﻮﺳﺔ(","ﺍﻟﺮﻋـﺎﻳـﺔ ﺍﻟﺼﺤﻴﺔ ﻟﻠﻄﻔﻞ-","",1,2,20,,,,2
30760,"ﺍﻟﻤﺪﺭﺳﺔ ﺍﻟﻌﻠﻴﺎ ﻟﻌﻠﻮﻡ ﻭ ﺗﻘﻨﻴﺎﺕ ﺍﻟﺼﺤﺔ ﺑﺴﻮﺳﺔ)ﺟﺎﻣﻌﺔ ﺳﻮﺳﺔ(","ﺍﻟﺮﻋﺎﻳﺔ ﺍﻟﺼﺤﻴﺔ ﻭﺍﻻﺳﺘﻌﺠﺎﻟﻴﺔ ﻭﺍﻹﻧﻌﺎﺵ-","ﺍﻹﺟﺎﺯﺓ ﻓﻲ ﺍﻟﺮﻋﺎﻳﺔ ﺍﻟﺼﺤﻴﺔ ﺍﻹﺳﺘﻌﺠﺎﻟﻴﺔ ﻭﺍﻻﻧﻌﺎﺵ ﺳﻨﻮﺍﺕ)ﺃﻣﺪ(3 (+)ﻋﻠﻮﻡ ﺍﻟﺤﻴﺎﺓ ﻭﺍﻷﺭﺽ ﺇﺟﺒﺎﺭﻳﺔ",2,4,25,,,,2
30797,"ﺍﻟﻤﻌﻬﺪ ﺍﻟﻌﺎﻟﻲ ﻟﻌﻠﻮﻡ ﺍﻟﺘﻤﺮﻳﺾ ﺑﺴﻮﺳﺔ)ﺟﺎﻣﻌﺔ ﺳﻮﺳﺔ(","ﻋﻠﻮﻡ ﺍﻟﺘﻤﺮﻳﺾ-","",2,10,72,,,,2
30847,"ﺍﻟﻤﻌﻬﺪ ﺍﻟﻌﺎﻟﻲ ﻟﻠﻌﻠﻮﻡ ﺍﻟﻔﻼﺣﻴﺔ ﺑﺸﻂ ﻣﺮﻳﻢ)ﺟﺎﻣﻌﺔ ﺳﻮﺳﺔ(","ﺍﻟﺘﻬﻴﺌﺔ ﻭﺍﻟﺘﺼﺮﻑ ﺍﻟﻤﺴﺘﺪﺍﻡ ﻓﻲ- ﺍﻟﻤﺴﺎﺣﺎﺕ ﺍﻟﺨﻀﺮﺍﺀ","ﺍﻹﺟﺎﺯﺓ ﻓﻲ ﺍﻟﺘﻬﻴﺌﺔ ﻭﺍﻟﺘﺼﺮﻑ ﺍﻟﻤﺴﺘﺪﺍﻡ ﻓﻲ ﺍﻟﻤﺴﺎﺣﺎﺕ ﺍﻟﺨﻀﺮﺍﺀ ﺳﻨﻮﺍﺕ)ﺃﻣﺪ(3",,3,45,,2,,
30848,"ﺍﻟﻤﻌﻬﺪ ﺍﻟﻌﺎﻟﻲ ﻟﻠﻌﻠﻮﻡ ﺍﻟﻔﻼﺣﻴﺔ ﺑﺸﻂ ﻣﺮﻳﻢ)ﺟﺎﻣﻌﺔ ﺳﻮﺳﺔ(","ﺍﻟﺒﺴﺘﻨﺔ ﺍﻟﻤﻨﺪﻣﺠﺔ-","ﺍﻹﺟﺎﺯﺓ ﻓﻲ ﺍﻟﺒﺴﺘﻨﺔ ﺍﻟﻤﻨﺪﻣﺠﺔ ﺳﻨﻮﺍﺕ)ﺃﻣﺪ(3",,3,45,,2,,
30849,"ﺍﻟﻤﻌﻬﺪ ﺍﻟﻌﺎﻟﻲ ﻟﻠﻌﻠﻮﻡ ﺍﻟﻔﻼﺣﻴﺔ ﺑﺸﻂ ﻣﺮﻳﻢ)ﺟﺎﻣﻌﺔ ﺳﻮﺳﺔ(","ﺍﻟﺘﻜﻨﻮﻟﻮﺟﻴﺎﺕ ﻭﺍﻹﺑﺘﻜﺎﺭﺍﺕ ﻓﻲ ﺍﻟﻌﻠﻮﻡ- ﺍﻟﻔﻼﺣﻴﺔ","ﺍﻹﺟﺎﺯﺓ ﻓﻲ ﺍﻟﺘﻜﻨﻮﻟﻮﺟﻴﺎﺕ ﻭﺍﻹﺑﺘﻜﺎﺭﺍﺕ ﻓﻲ ﺍﻟﻌﻠﻮﻡ ﺍﻟﻔﻼﺣﻴﺔ ﺳﻨﻮﺍﺕ)ﺃﻣﺪ(3",,3,45,,2,,
31312,"ﻣﻌﻬﺪ ﺍﻟﺪﺭﺍﺳﺎﺕ ﺍﻟﺘﺠﺎﺭﻳﺔ ﺍﻟﻌﻠﻴﺎ ﺑﺴﻮﺳﺔ)ﺟﺎﻣﻌﺔ ﺳﻮﺳﺔ(","56 ﺇﻗﺘﺼﺎﺩ ﺍﻷﻋﻤﺎﻝ -","",,30,30,,,83,
31318,"ﻣﻌﻬﺪ ﺍﻟﺪﺭﺍﺳﺎﺕ ﺍﻟﺘﺠﺎﺭﻳﺔ ﺍﻟﻌﻠﻴﺎ ﺑﺴﻮﺳﺔ)ﺟﺎﻣﻌﺔ ﺳﻮﺳﺔ(","ﺍﻟﺘﺼﺮﻑ ﻓﻲ ﺍﻟﻤﻮﺍﺭﺩ ﺍﻟﺒﺸﺮﻳﺔ- ﺍﻟﺘﺴﻮﻳﻖ- ﺍﻟﺪﺭﺍﺳﺎﺕ ﺍﻟﺘﺠﺎﺭﻳﺔ ﺍﻟﻌﻠﻴﺎ- ﺍﻟﻤﺎﻟﻴﺔ- ﺍﻟﻤﺤﺎﺳﺒﺔ-","",,30,30,4,1,223,
31505,"ﺍﻟﻤﺪﺭﺳﺔ ﺍﻟﻌﻠﻴﺎ ﻟﻠﻌﻠﻮﻡ ﻭﺍﻟﺘﻜﻨﻮﻟﻮﺟﻴﺎ ﺑﺤﻤﺎﻡ ﺳﻮﺳﺔ)ﺟﺎﻣﻌﺔ ﺳﻮﺳﺔ(","74 ﺍﻟﻤﺴﺎﻋﺪﺓ ﻗﻲ ﺇﺗﺨﺎﺫ ﺍﻟﻘﺮﺍﺭ-","ﺍﻻﺟﺎﺯﺓ ﻓﻲ ﺍﻟﺮﻳﺎﺿﻴﺎﺕ ﺍﻟﺘﻄﺒﻴﻘﻴﺔ ﺳﻨﻮﺍﺕ)ﺃﻣﺪ(3",,34,18,6,10,,
31523,"ﺍﻟﻤﻌﻬﺪ ﺍﻟﻌﺎﻟﻲ ﻟﻠﻌﻠﻮﻡ ﺍﻟﺘﻄﺒﻴﻘﻴﺔ ﻭ ﺍﻟﺘﻜﻨﻮﻟﻮﺟﻴﺎ ﺑﺴﻮﺳﺔ)ﺟﺎﻣﻌﺔ ﺳﻮﺳﺔ(","ﻫﻨﺪﺳﺔ ﺍﻟﺒﺮﻣﺠﻴﺎﺕ ﻭﻧﻈﻢ ﺍﻟﻤﻌﻠﻮﻣﺎﺕ-","",,15,16,52,2,,
31524,"ﺍﻟﻤﻌﻬﺪ ﺍﻟﻌﺎﻟﻲ ﻟﻠﻌﻠﻮﻡ ﺍﻟﺘﻄﺒﻴﻘﻴﺔ ﻭ ﺍﻟﺘﻜﻨﻮﻟﻮﺟﻴﺎ ﺑﺴﻮﺳﺔ)ﺟﺎﻣﻌﺔ ﺳﻮﺳﺔ(","84 ﺍﻟﻨﻈﻢ ﺍﻟﻤﺤﻤﻮﻟﺔ ﻭﺍﻧﺘﺮﻧﺎﺕ ﺍﻷﺷﻴﺎﺀ-","",,15,16,50,3,,
31570,"ﺍﻟﻤﻌﻬﺪ ﺍﻟﻌﺎﻟﻲ ﻟﻠﺪﺭﺍﺳﺎﺕ ﺍﻟﺘﻜﻨﻮﻟﻮﺟﻴﺔ ﺑﺴﻮﺳﺔ)ﺍﻹﺩﺍﺭﺓ ﺍﻟﻌﺎﻣﺔ ﻟﻠﺪﺭﺍﺳﺎﺕ ﺍﻟﺘﻜﻨﻮﻟﻮﺟﻴﺔ(","93 ﺍﻟﻬﻨﺪﺳﺔ ﺍﻟﻤﺘﻘﺪﻣﺔ ﻓﻲ ﺍﻟﺼﻨﺎﻋﺎﺕ- ﺍﻟﺒﻼﺳﺘﻴﻜﻴﺔ ﺍﻟﺼﻴﺎﻧﺔ ﺍﻟﺼﻨﺎﻋﻴﺔ - ﺍﻟﺘﺼﻤﻴﻢ ﻭﺍﻟﺘﺼﻨﻴﻊ ﺍﻟﻤﻴﻜﺎﻧﻴﻜﻲ-","",,2,4,2,101,,
31603,"ﺍﻟﻤﺪﺭﺳﺔ ﺍﻟﻌﻠﻴﺎ ﻟﻠﻌﻠﻮﻡ ﻭﺍﻟﺘﻜﻨﻮﻟﻮﺟﻴﺎ ﺑﺤﻤﺎﻡ ﺳﻮﺳﺔ)ﺟﺎﻣﻌﺔ ﺳﻮﺳﺔ(","ﺍﻟﻄﺎﻗﺎﺕ ﺍﻟﻤﺘﺠﺪﺩﺓ-","",,4,43,,20,,
31629,"ﺍﻟﻤﺪﺭﺳﺔ ﺍﻟﻌﻠﻴﺎ ﻟﻠﻌﻠﻮﻡ ﻭﺍﻟﺘﻜﻨﻮﻟﻮﺟﻴﺎ ﺑﺤﻤﺎﻡ ﺳﻮﺳﺔ)ﺟﺎﻣﻌﺔ ﺳﻮﺳﺔ(","106 ﺍﻟﻨﻈﻢ ﺍﻟﻤﺤﻤﻮﻟﺔ- ﺍﻟﺼﻴﺎﻧﺔ ﺍﻟﺼﻨﺎﻋﻴﺔ- ﺍﻟﻨﻈﻢ ﺍﻟﺼﻨﺎﻋﻴﺔ ﻭ ﺍﻟﻄﺎﻗﺎﺕ ﺍﻟﻤﺘﺠﺪﺩﺓ-","ﺍﻹﺟﺎﺯﺓ ﻓﻲ ﺍﻹﻟﻜﺘﺮﻭﻧﻴﻚ ﻭﺍﻟﻜﻬﺮﻭﺗﻘﻨﻴﺔ ﻭﺍﻵﻟﻴﺔ ﺳﻨﻮﺍﺕ)ﺃﻣﺪ(3",,6,12,1,54,,
31797,"ﺍﻟﻤﻌﻬﺪ ﺍﻟﻌﺎﻟﻲ ﻟﻌﻠﻮﻡ ﺍﻟﺘﻤﺮﻳﺾ ﺑﺴﻮﺳﺔ)ﺟﺎﻣﻌﺔ ﺳﻮﺳﺔ(","ﻋﻠﻮﻡ ﺍﻟﺘﻤﺮﻳﺾ-","",2,10,72,,,,2
32312,"ﺍﻟﻤﻌﻬﺪ ﺍﻟﻌﺎﻟﻲ ﻟﻠﻤﺎﻟﻴﺔ ﻭ ﺍﻟﺠﺒﺎﻳﺔ ﺑﺴﻮﺳﺔ)ﺟﺎﻣﻌﺔ ﺳﻮﺳﺔ(","ﺍﻟﺘﺠﺎﺭﺓ ﺍﻟﺪﻭﻟﻴﺔ ﻭﺍﻟﺘﻘﻨﻴﺎﺕ ﺍﻟﺠﻤﺮﻛﻴﺔ- ﻭﺍﻟﺠﺒﺎﺋﻴﺔ","ﺍﻻﺟﺎﺯﺓ ﻓﻲ ﺍﻟﻌﻠﻮﻡ ﺍﻻﻗﺘﺼﺎﺩﻳﺔ ﺳﻨﻮﺍﺕ)ﺃﻣﺪ(3",,2,1,,,112,
32318,"ﺍﻟﻤﻌﻬﺪ ﺍﻟﻌﺎﻟﻲ ﻟﻠﻤﺎﻟﻴﺔ ﻭ ﺍﻟﺠﺒﺎﻳﺔ ﺑﺴﻮﺳﺔ)ﺟﺎﻣﻌﺔ ﺳﻮﺳﺔ(","ﺍﻟﻤﺎﻟﻴﺔ- ﺍﻟﻤﺤﺎﺳﺒﺔ-","",,4,2,1,1,116,
32523,"ﺍﻟﻤﺪﺭﺳﺔ ﺍﻟﻌﻠﻴﺎ ﻟﻠﻌﻠﻮﻡ ﻭﺍﻟﺘﻜﻨﻮﻟﻮﺟﻴﺎ ﺑﺤﻤﺎﻡ ﺳﻮﺳﺔ)ﺟﺎﻣﻌﺔ ﺳﻮﺳﺔ(","ﻫﻨﺪﺳﺔ ﺍﻟﺒﺮﻣﺠﻴﺎﺕ ﻭﻧﻈﻢ ﺍﻟﻤﻌﻠﻮﻣﺎﺕ-","",,20,21,70,3,,
33312,"ﻛﻠﻴﺔ ﺍﻟﻌﻠﻮﻡ ﺍﻹﻗﺘﺼﺎﺩﻳﺔ ﻭﺍﻟﺘﺼﺮﻑ ﺑﺴﻮﺳﺔ)ﺟﺎﻣﻌﺔ ﺳﻮﺳﺔ(","ﺍﻟﺘﺠﺎﺭﺓ ﻭﺍﻟﻤﺎﻟﻴﺔ ﺍﻟﺪﻭﻟﻴﺔ - ﺍﻗﺘﺼﺎﺩ ﺍﻟﺒﻴﺌﺔ ﻭﺍﻟﺘﻨﻤﻴﺔ ﺍﻟﻤﺴﺘﺪﺍﻣﺔ- ﺍﻗﺘﺼﺎﺩ ﺍﻟﻨﻘﻞ ﻭﺍﻟﻠﻮﺟﺴﺘﻴﻚ- ﺍﻟﻨﻘﺪ ﻭﺍﻟﻤﺎﻟﻴﺔ ﻭﺍﻟﺒﻨﻚ ﻭﺍﻟﺘﺄﻣﻴﻦ- ﻋﻠﻢ ﺍﻟﺒﻴﺎﻧﺎﺕ ﻟﻼﻗﺘﺼﺎﺩ ﻭﺍﻟﻤﺎﻟﻴﺔ-","",,30,30,,,419,
33318,"ﻛﻠﻴﺔ ﺍﻟﻌﻠﻮﻡ ﺍﻹﻗﺘﺼﺎﺩﻳﺔ ﻭﺍﻟﺘﺼﺮﻑ ﺑﺴﻮﺳﺔ)ﺟﺎﻣﻌﺔ ﺳﻮﺳﺔ(","61 ﺍﻟﺘﺼﺮﻑ ﻓﻲ ﺍﻟﻤﻮﺍﺭﺩ ﺍﻟﺒﺸﺮﻳﺔ- ﺇﺩﺍﺭﺓ ﺍﻷﻋﻤﺎﻝ- ﺍﻟﺘﺴﻮﻳﻖ- ﺍﻟﻤﺎﻟﻴﺔ- ﺍﻟﻤﺤﺎﺳﺒﺔ-","ﺍﻹﺟﺎﺯﺓ ﻓﻲ ﻋﻠﻮﻡ ﺍﻟﺘﺼﺮﻑ ﺳﻨﻮﺍﺕ)ﺃﻣﺪ(3",,30,30,10,2,670,
34102,"ﺍﻟﻤﻌﻬﺪ ﺍﻟﻌﺎﻟﻲ ﻟﻠﻐﺎﺕ ﺑﺎﻟﻤﻜﻨﻴﻦ)ﺟﺎﻣﻌﺔ ﺍﻟﻤﻨﺴﺘﻴﺮ(","ﺃﻧﻘﻠﻴﺰﻳﺔ ﺍﻷﻋﻤﺎﻝ-","",90,1,1,1,1,39,1
34103,"ﺍﻟﻤﻌﻬﺪ ﺍﻟﻌﺎﻟﻲ ﻟﻠﻐﺎﺕ ﺑﺎﻟﻤﻜﻨﻴﻦ)ﺟﺎﻣﻌﺔ ﺍﻟﻤﻨﺴﺘﻴﺮ(","8 ﺍﻟﻠﻐﺔ ﻭﺍﻵﺩﺍﺏ ﻭﺍﻟﺤﻀﺎﺭﺓ ﺍﻟﻔﺮﻧﺴﻴﺔ-","ﺍﻹﺟﺎﺯﺓ ﻓﻲ ﺍﻟﻔﺮﻧﺴﻴﺔ ﺳﻨﻮﺍﺕ)ﺃﻣﺪ(3",70,1,1,1,1,12,1
34104,"ﺍﻟﻤﻌﻬﺪ ﺍﻟﻌﺎﻟﻲ ﻟﻠﻐﺎﺕ ﺑﺎﻟﻤﻜﻨﻴﻦ)ﺟﺎﻣﻌﺔ ﺍﻟﻤﻨﺴﺘﻴﺮ(","11 ﺁﺩﺍﺏ، ﺗﺮﺟﻤﺔ، ﺳﻴﺎﺣﺔ ﻭﺃﻋﻤﺎﻝ-","ﺍﻹﺟﺎﺯﺓ ﻓﻲ ﺍﻹﺳﺒﺎﻧﻴﺔ ﺳﻨﻮﺍﺕ)ﺃﻣﺪ(3 ﺇﺳﺒﺎﻧﻴﺔ ﺇﺟﺒﺎﺭﻳﺔ",25,1,1,1,1,6,1
34105,"ﺍﻟﻤﻌﻬﺪ ﺍﻟﻌﺎﻟﻲ ﻟﻠﻐﺎﺕ ﺑﺎﻟﻤﻜﻨﻴﻦ)ﺟﺎﻣﻌﺔ ﺍﻟﻤﻨﺴﺘﻴﺮ(","ﺁﺩﺍﺏ، ﺗﺮﺟﻤﺔ، ﺳﻴﺎﺣﺔ ﻭﺃﻋﻤﺎﻝ-","",26,1,1,1,1,6,1
34106,"ﺍﻟﻤﻌﻬﺪ ﺍﻟﻌﺎﻟﻲ ﻟﻠﻐﺎﺕ ﺑﺎﻟﻤﻜﻨﻴﻦ)ﺟﺎﻣﻌﺔ ﺍﻟﻤﻨﺴﺘﻴﺮ(","ﺁﺩﺍﺏ، ﺗﺮﺟﻤﺔ، ﺳﻴﺎﺣﺔ ﻭﺃﻋﻤﺎﻝ-","ﺍﻹﺟﺎﺯﺓ ﻓﻲ ﺍﻷﻟﻤﺎﻧﻴﺔ ﺳﻨﻮﺍﺕ)ﺃﻣﺪ(3 ﺃﻟﻤﺎﻧﻴﺔ ﺇﺟﺒﺎﺭﻳﺔ",33,1,1,2,2,13,2
34147,"ﺍﻟﻤﻌﻬﺪ ﺍﻟﻌﺎﻟﻲ ﻟﻠﻐﺎﺕ ﺑﺎﻟﻤﻜﻨﻴﻦ)ﺟﺎﻣﻌﺔ ﺍﻟﻤﻨﺴﺘﻴﺮ(","16 ﺍﻹﻧﻘﻠﻴﺰﻳﺔ-ﺍﻟﻌﺮﺑﻴﺔ/ ﺍﻟﻔﺮﻧﺴﻴﺔ-","ﺍﻹﺟﺎﺯﺓ ﻓﻲ ﺍﻟﺘﺮﺟﻤﺔ ﺳﻨﻮﺍﺕ)ﺃﻣﺪ(3",40,1,1,1,1,16,1
34208,"ﺍﻟﻤﻌﻬﺪ ﺍﻟﻌﺎﻟﻲ ﻟﻠﻤﻮﺿﺔ ﺑﺎﻟﻤﻨﺴﺘﻴﺮ)ﺟﺎﻣﻌﺔ ﺍﻟﻤﻨﺴﺘﻴﺮ(","46 ﺍﻟﺘﺼﻤﻴﻢ ﻋﻠﻰ ﺍﻻﻗﻤﺸﺔ- ﺗﺼﻤﻴﻢ ﺍﻻﺯﻳﺎﺀ- ﺗﺼﻤﻴﻢ ﺍﻹﻛﺴﺴﻮﺍﺭﺍﺕ-","ﺍﻻﺟﺎﺯﺓ ﻓﻲ ﺗﺼﻤﻴﻢ ﺍﻟﻤﻨﺘﻮﺝ ﺳﻨﻮﺍﺕ)ﺃﻣﺪ(3",8,5,6,30,48,108,4
34318,"ﺍﻟﻤﻌﻬﺪ ﺍﻟﻌﺎﻟﻲ ﻟﻠﻤﻮﺿﺔ ﺑﺎﻟﻤﻨﺴﺘﻴﺮ)ﺟﺎﻣﻌﺔ ﺍﻟﻤﻨﺴﺘﻴﺮ(","ﺍﻟﺘﺴﻮﻳﻖ-","",,4,2,1,1,108,
34501,"ﻛﻠﻴﺔ ﺍﻟﻌﻠﻮﻡ ﺑﺎﻟﻤﻨﺴﺘﻴﺮ)ﺟﺎﻣﻌﺔ ﺍﻟﻤﻨﺴﺘﻴﺮ(","ﻛﻴﻤﻴﺎﺀ ﺍﻟﺒﺤﺚ- ﺍﻟﻜﻴﻤﻴﺎﺀ ﺍﻟﻄﺒﻴﺔ ﻭ ﺍﻟﻤﻮﺍﺩ ﺍﻟﻄﺒﻴﻌﻴﺔ- ﻛﻴﻤﻴﺎﺀ ﺍﻟﻤﻮﺍﺩ- ﺗﻜﻨﻮﻟﻮﺟﻴﺎﺕ ﺍﻟﻤﻴﺎﻩ ﻭﺍﻟﻤﺮﺍﻗﺒﺔ ﺍﻟﺒﻴﺌﻴﺔ-","",,8,70,,8,,
34502,"ﻛﻠﻴﺔ ﺍﻟﻌﻠﻮﻡ ﺑﺎﻟﻤﻨﺴﺘﻴﺮ)ﺟﺎﻣﻌﺔ ﺍﻟﻤﻨﺴﺘﻴﺮ(","ﺍﻟﻔﻴﺰﻳﺎﺀ ﻭﺍﻟﻜﻴﻤﻴﺎﺀ-","",,5,47,,2,,
34504,"ﻛﻠﻴﺔ ﺍﻟﻌﻠﻮﻡ ﺑﺎﻟﻤﻨﺴﺘﻴﺮ)ﺟﺎﻣﻌﺔ ﺍﻟﻤﻨﺴﺘﻴﺮ(","ﻓﻴﺰﻳﺎﺀ ﻭ ﻧﻈﻢ ﻃﺎﻗﻴﺔ ﻣﺘﻘﺪﻣﺔ-","",,13,63,,78,,
34505,"ﻛﻠﻴﺔ ﺍﻟﻌﻠﻮﻡ ﺑﺎﻟﻤﻨﺴﺘﻴﺮ)ﺟﺎﻣﻌﺔ ﺍﻟﻤﻨﺴﺘﻴﺮ(","ﻋﻠﻢ ﺍﻟﺒﻴﺎﻧﺎﺕ-","",,22,12,4,7,,
34507,"ﻛﻠﻴﺔ ﺍﻟﻌﻠﻮﻡ ﺑﺎﻟﻤﻨﺴﺘﻴﺮ)ﺟﺎﻣﻌﺔ ﺍﻟﻤﻨﺴﺘﻴﺮ(","ﺍﻟﺮﻳﺎﺿﻴﺎﺕ-","",,27,8,1,1,,
34509,"ﺍﻟﻤﻌﻬﺪ ﺍﻟﻌﺎﻟﻲ ﻟﻠﺒﻴﻮﺗﻜﻨﻮﻟﻮﺟﻴﺎ ﺑﺎﻟﻤﻨﺴﺘﻴﺮ)ﺟﺎﻣﻌﺔ ﺍﻟﻤﻨﺴﺘﻴﺮ(","ﺍﻟﺒﻴﻮﻟﻮﺟﻴﺎ ﺍﻟﺠﺰﺋﻴﺔ ﻭﺍﻟﺨﻠﻮﻳﺔ-","",,5,80,,,,
34512,"ﺍﻟﻤﻌﻬﺪ ﺍﻟﻌﺎﻟﻲ ﻟﻠﺒﻴﻮﺗﻜﻨﻮﻟﻮﺟﻴﺎ ﺑﺎﻟﻤﻨﺴﺘﻴﺮ)ﺟﺎﻣﻌﺔ ﺍﻟﻤﻨﺴﺘﻴﺮ(","ﺍﻟﻌﻠﻮﻡ ﺍﻟﺒﺤﺮﻳﺔ ﻭﺍﻻﻗﺘﺼﺎﺩ ﺍﻷﺯﺭﻕ-","",,2,40,,,,
34518,"ﺍﻟﻤﻌﻬﺪ ﺍﻟﻌﺎﻟﻲ ﻟﻺﻋﻼﻣﻴﺔ ﻭ ﺍﻟﺮﻳﺎﺿﻴﺎﺕ ﺑﺎﻟﻤﻨﺴﺘﻴﺮ)ﺟﺎﻣﻌﺔ ﺍﻟﻤﻨﺴﺘﻴﺮ(","112 ﺍﻹﻋﻼﻣﻴﺔ-","ﻣﺮﺣﻠﺔ ﺗﺤﻀﻴﺮﻳﺔ ﻣﻨﺪﻣﺠﺔ ﺳﻨﻮﺍﺕ3 + ﺳﻨﺘﺎﻥ",,34,24,38,23,,
34522,"ﻛﻠﻴﺔ ﺍﻟﻌﻠﻮﻡ ﺑﺎﻟﻤﻨﺴﺘﻴﺮ)ﺟﺎﻣﻌﺔ ﺍﻟﻤﻨﺴﺘﻴﺮ(","ﻛﻴﻤﻴﺎﺀ- ﻓﻴﺰﻳﺎﺀ/ﻓﻴﺰﻳﺎﺀ- ﺭﻳﺎﺿﻴﺎﺕ-","",,110,83,10,,,
34523,"ﻛﻠﻴﺔ ﺍﻟﻌﻠﻮﻡ ﺑﺎﻟﻤﻨﺴﺘﻴﺮ)ﺟﺎﻣﻌﺔ ﺍﻟﻤﻨﺴﺘﻴﺮ(","ﺍﻟﺒﻴﺎﻧﺎﺕ ﺍﻟﻀﺨﻤﺔ ﻭﺗﺤﻠﻴﻞ ﺍﻟﺒﻴﺎﻧﺎﺕ- ﻫﻨﺪﺳﺔ ﺍﻟﺒﺮﻣﺠﻴﺎﺕ ﻭﻧﻈﻢ ﺍﻟﻤﻌﻠﻮﻣﺎﺕ-","",,30,33,104,4,,
34532,"ﺍﻟﻤﻌﻬﺪ ﺍﻟﺘﺤﻀﻴﺮﻱ ﻟﻠﺪﺭﺍﺳﺎﺕ ﺍﻟﻬﻨﺪﺳﻴﺔ ﺑﺎﻟﻤﻨﺴﺘﻴﺮ)ﺟﺎﻣﻌﺔ ﺍﻟﻤﻨﺴﺘﻴﺮ(","ﺗﻜﻨﻮﻟﻮﺟﻴﺎ-","",,,,,170,,
34546,"ﺍﻟﻤﻌﻬﺪ ﺍﻟﻌﺎﻟﻲ ﻟﻠﺒﻴﻮﺗﻜﻨﻮﻟﻮﺟﻴﺎ ﺑﺎﻟﻤﻨﺴﺘﻴﺮ)ﺟﺎﻣﻌﺔ ﺍﻟﻤﻨﺴﺘﻴﺮ(","ﺗﺤﺎﻟﻴﻞ ﻭﺗﺠﺎﺭﺏ ﺑﻴﻮﻟﻮﺟﻴﺔ-","",,3,47,,,,
34570,"ﺍﻟﻤﻌﻬﺪ ﺍﻟﻌﺎﻟﻲ ﻟﻠﺪﺭﺍﺳﺎﺕ ﺍﻟﺘﻜﻨﻮﻟﻮﺟﻴﺔ ﻗﺼﺮ ﻫﻼﻝ)ﺍﻹﺩﺍﺭﺓ ﺍﻟﻌﺎﻣﺔ ﻟﻠﺪﺭﺍﺳﺎﺕ ﺍﻟﺘﻜﻨﻮﻟﻮﺟﻴﺔ(","ﺻﻴﺎﻧﺔ ﻣﻌﺪﺍﺕ ﺍﻟﻨﺴﻴﺞ - ﺍﻟﺼﻴﺎﻧﺔ ﺍﻟﺼﻨﺎﻋﻴﺔ- ﺍﻟﺘﺼﻤﻴﻢ ﻭﺍﻟﺘﺼﻨﻴﻊ ﺍﻟﻤﻴﻜﺎﻧﻴﻜﻲ-","ﺍﻹﺟﺎﺯﺓ ﻓﻲ ﺍﻟﻬﻨﺪﺳـﺔ ﺍﻟﻤﻴﻜﺎﻧـﻴـﻜـﻴـﺔ ﺳﻨﻮﺍﺕ)ﺃﻣﺪ(3",,1,4,1,86,,
34574,"ﺍﻟﻤﻌﻬﺪ ﺍﻟﻌﺎﻟﻲ ﻟﻠﺪﺭﺍﺳﺎﺕ ﺍﻟﺘﻜﻨﻮﻟﻮﺟﻴﺔ ﻗﺼﺮ ﻫﻼﻝ)ﺍﻹﺩﺍﺭﺓ ﺍﻟﻌﺎﻣﺔ ﻟﻠﺪﺭﺍﺳﺎﺕ ﺍﻟﺘﻜﻨﻮﻟﻮﺟﻴﺔ(","ﻋﻠﻮﻡ ﻭﺗﻘﻨﻴﺎﺕ ﺍﻟﻨﺴﻴﺞ- ﻛﻴﻤﻴﺎﺀ ﺍﻟﻨﺴﻴﺞ ﻭﺍﻟﺘﻨﻤﻴﺔ ﺍﻟﻤﺴﺘﺪﺍﻣﺔ-","ﺍﻹﺟﺎﺯﺓ ﻓﻲ ﻫﻨﺪﺳﺔ ﺍﻟﻨﺴﻴﺞ ﺳﻨﻮﺍﺕ)ﺃﻣﺪ(3",,4,19,1,55,30,
34575,"ﺍﻟﻤﻌﻬﺪ ﺍﻟﻌﺎﻟﻲ ﻟﻠﺪﺭﺍﺳﺎﺕ ﺍﻟﺘﻜﻨﻮﻟﻮﺟﻴﺔ ﻗﺼﺮ ﻫﻼﻝ)ﺍﻹﺩﺍﺭﺓ ﺍﻟﻌﺎﻣﺔ ﻟﻠﺪﺭﺍﺳﺎﺕ ﺍﻟﺘﻜﻨﻮﻟﻮﺟﻴﺔ(","102 ﺇﺩﺍﺭﺓ ﺍﻟﺠﻮﺩﺓ ﻭﺍﻟﻤﻄﺎﺑﻘﺔ ﻓﻲ ﺻﻨﺎﻋﺔ- ﺍﻟﻨﺴﻴﺞ ﻭﺍﻟﻤﻼﺑﺲ ﺍﻟﺘﺼﻨﻴﻊ ﻭﺍﻹﻧﺘﺎﺝ ﻓﻲ ﻗﻄﺎﻉ ﺍﻟﻤﻼﺑﺲ - ﺗﻜﻨﻮﻟﻮﺟﻴﺎ ﺍﻟﻤﻮﺿﺔ-","ﺍﻹﺟﺎﺯﺓ ﻓﻲ ﺍﻹﺩﺍﺭﺓ ﺍﻟﺼﻨﺎﻋﻴﺔ ﻟﻤﺆﺳﺴﺎﺕ ﺍﻟﻨﺴﻴﺞ ﻭﺍﻟﻤﻼﺑﺲ ﺳﻨﻮﺍﺕ)ﺃﻣﺪ(3",,1,4,1,13,7,
34588,"ﻛﻠﻴﺔ ﺍﻟﻌﻠﻮﻡ ﺑﺎﻟﻤﻨﺴﺘﻴﺮ)ﺟﺎﻣﻌﺔ ﺍﻟﻤﻨﺴﺘﻴﺮ(","ﺍﻟﺒﻴﺎﻧﺎﺕ ﺍﻟﻀﺨﻤﺔ ﻭﺗﺤﻠﻴﻞ ﺍﻟﺒﻴﺎﻧﺎﺕ-","ﺍﻹﺟﺎﺯﺓ ﻓﻲ ﻋﻠﻮﻡ ﺍﻹﻋﻼﻣﻴﺔ: ﺍﻟﺒﻴﺎﻧﺎﺕ ﺍﻟﻀﺨﻤﺔ ﻭﺗﺤﻠﻴﻞ ﺍﻟﺒﻴﺎﻧﺎﺕ ﺳﻨﻮﺍﺕ)ﺃﻣﺪ(3 ﻟﻐﺔ ﺍﻟﺘﺪﺭﻳﺲ:ﺍﻹﻧﻘﻠﻴﺰﻳﺔ، ﻭﻋﺪﺩ ﻣﺎﺩﺓ 14<=ﺍﻹﻧﻘﻠﻴﺰﻳﺔ",,7,7,23,1,,
34597,"ﺍﻟﻤﻌﻬﺪ ﺍﻟﻌﺎﻟﻲ ﻟﻠﺪﺭﺍﺳﺎﺕ ﺍﻟﺘﻜﻨﻮﻟﻮﺟﻴﺔ ﻗﺼﺮ ﻫﻼﻝ)ﺍﻹﺩﺍﺭﺓ ﺍﻟﻌﺎﻣﺔ ﻟﻠﺪﺭﺍﺳﺎﺕ","103 ﺃﺳﺎﻟﻴﺐ ﻛﻴﻤﻴﺎﺋﻴﺔ-","ﺍﻹﺟﺎﺯﺓ ﻓﻲ ﻫﻨﺪﺳﺔ ﺍﻷﺳﺎﻟﻴﺐ ﺳﻨﻮﺍﺕ)ﺃﻣﺪ(3",,2,26,,1,,
34600,"ﺍﻟﻤﻌﻬﺪ ﺍﻟﻌﺎﻟﻲ ﻟﻠﺪﺭﺍﺳﺎﺕ ﺍﻟﺘﻜﻨﻮﻟﻮﺟﻴﺔ ﻗﺼﺮ ﻫﻼﻝ)ﺍﻹﺩﺍﺭﺓ ﺍﻟﻌﺎﻣﺔ ﻟﻠﺪﺭﺍﺳﺎﺕ ﺍﻟﺘﻜﻨﻮﻟﻮﺟﻴﺔ(","ﺍﻟﻄﺎﻗﺔ ﻭﺍﻟﺒﻴﺌﺔ-","ﺍﻹﺟﺎﺯﺓ ﻓﻲ ﺍﻟﻄﺎﻗﺔ ﻭﺍﻟﺴﻼﻣﺔ ﻭﺍﻟﺒﻴﺌﺔ ﺳﻨﻮﺍﺕ)ﺃﻣﺪ(3",,1,19,,9,,
34629,"ﻛﻠﻴﺔ ﺍﻟﻌﻠﻮﻡ ﺑﺎﻟﻤﻨﺴﺘﻴﺮ)ﺟﺎﻣﻌﺔ ﺍﻟﻤﻨﺴﺘﻴﺮ(","ﺍﻻﻟﻜﺘﺮﻭﻧﻴﻚ ﺍﻟﺼﻨﺎﻋﻲ- ﺍﻟﻘﻴﺎﺳﺎﺕ ﻭﺍﻷﺩﻭﺍﺗﻴﺔ- ﺍﻟﻨﻈﻢ ﺍﻟﻤﺤﻤﻮﻟﺔ-","",,20,36,4,160,,
34700,"ﻛﻠﻴﺔ ﺍﻟﻄﺐ ﺑﺎﻟﻤﻨﺴﺘﻴﺮ)ﺟﺎﻣﻌﺔ ﺍﻟﻤﻨﺴﺘﻴﺮ(","ﺍﻟـﻄــﺐ-","",1,82,155,,,,1
34701,"ﻛﻠﻴﺔ ﺍﻟﺼﻴﺪﻟﺔ ﺑﺎﻟﻤﻨﺴﺘﻴﺮ)ﺟﺎﻣﻌﺔ ﺍﻟﻤﻨﺴﺘﻴﺮ(","117 ﺍﻟـﺼـﻴــــﺪﻟــــﺔ-","ﺍﻟـﺼـﻴــــﺪﻟــــﺔ ﺳﻨﻮﺍﺕ6 (+)ﻋﻠﻮﻡ ﺍﻟﺤﻴﺎﺓ ﻭﺍﻷﺭﺽ ﺇﺟﺒﺎﺭﻳﺔ",1,69,128,,,,1
34702,"ﻛﻠﻴﺔ ﻃﺐ ﺍﻷﺳﻨﺎﻥ ﺑﺎﻟﻤﻨﺴﺘﻴﺮ)ﺟﺎﻣﻌﺔ ﺍﻟﻤﻨﺴﺘﻴﺮ(","ﻃـــﺐ ﺍﻷﺳـﻨـــﺎﻥ-","ﻃـــﺐ ﺍﻷﺳـﻨـــﺎﻥ ﺳﻨﻮﺍﺕ6 (+)ﻋﻠﻮﻡ ﺍﻟﺤﻴﺎﺓ ﻭﺍﻷﺭﺽ ﺇﺟﺒﺎﺭﻳﺔ",1,55,101,,,,1
34740,"ﺍﻟﻤﺪﺭﺳﺔ ﺍﻟﻌﻠﻴﺎ ﻟﻌﻠﻮﻡ ﻭﺗﻘﻨﻴﺎﺕ ﺍﻟﺼﺤﺔ ﺑﺎﻟﻤﻨﺴﺘﻴﺮ)ﺟﺎﻣﻌﺔ ﺍﻟﻤﻨﺴﺘﻴﺮ(","ﺍﻟﺘﺒﻨﻴﺞ ﻭﺍﻹﻧﻌﺎﺵ-","",,6,51,,,,
34741,"ﺍﻟﻤﺪﺭﺳﺔ ﺍﻟﻌﻠﻴﺎ ﻟﻌﻠﻮﻡ ﻭﺗﻘﻨﻴﺎﺕ ﺍﻟﺼﺤﺔ ﺑﺎﻟﻤﻨﺴﺘﻴﺮ)ﺟﺎﻣﻌﺔ ﺍﻟﻤﻨﺴﺘﻴﺮ(","ﺍﻟﺘﺼﻮﻳﺮ ﺍﻟﻄﺒﻲ ﻭﺍﻟﻤﺪﺍﻭﺍﺓ ﺑﺎﻷﺷﻌﺔ-","",,8,48,,,,
34743,"ﺍﻟﻤﺪﺭﺳﺔ ﺍﻟﻌﻠﻴﺎ ﻟﻌﻠﻮﻡ ﻭﺗﻘﻨﻴﺎﺕ ﺍﻟﺼﺤﺔ ﺑﺎﻟﻤﻨﺴﺘﻴﺮ)ﺟﺎﻣﻌﺔ ﺍﻟﻤﻨﺴﺘﻴﺮ(","ﺍﻟﺒﻴﻮﻟﻮﺟﻴﺎ ﺍﻟﻄﺒﻴﺔ-","",,5,45,,,,
34744,"ﺍﻟﻤﺪﺭﺳﺔ ﺍﻟﻌﻠﻴﺎ ﻟﻌﻠﻮﻡ ﻭﺗﻘﻨﻴﺎﺕ ﺍﻟﺼﺤﺔ ﺑﺎﻟﻤﻨﺴﺘﻴﺮ)ﺟﺎﻣﻌﺔ ﺍﻟﻤﻨﺴﺘﻴﺮ(","ﺍﻟﻌﻼﺝ ﺍﻟﻄﺒﻴﻌﻲ-","",3,6,38,,,,5
34752,"ﺍﻟﻤﺪﺭﺳﺔ ﺍﻟﻌﻠﻴﺎ ﻟﻌﻠﻮﻡ ﻭﺗﻘﻨﻴﺎﺕ ﺍﻟﺼﺤﺔ ﺑﺎﻟﻤﻨﺴﺘﻴﺮ)ﺟﺎﻣﻌﺔ ﺍﻟﻤﻨﺴﺘﻴﺮ(","ﺑﺪﺍﺋﻞ ﺍﻷﺳـﻨـﺎﻥ-","ﺍﻹﺟﺎﺯﺓ ﻓﻲ ﺑﺪﺍﺋﻞ ﺍﻷﺳـﻨـﺎﻥ ﺳﻨﻮﺍﺕ)ﺃﻣﺪ(3 (+)ﻋﻠﻮﻡ ﺍﻟﺤﻴﺎﺓ ﻭﺍﻷﺭﺽ ﺇﺟﺒﺎﺭﻳﺔ",2,5,48,,,,2
34799,"ﺍﻟﻤﺪﺭﺳﺔ ﺍﻟﻌﻠﻴﺎ ﻟﻌﻠﻮﻡ ﻭﺗﻘﻨﻴﺎﺕ ﺍﻟﺼﺤﺔ ﺑﺎﻟﻤﻨﺴﺘﻴﺮ)ﺟﺎﻣﻌﺔ ﺍﻟﻤﻨﺴﺘﻴﺮ(","ﻗﺎﺑﻠﺔ- ﻋﻠﻮﻡ ﺍﻟـﺘــﻮﻟـﻴـــﺪ-","",2,6,48,,,,2
34841,"ﺍﻟﻤﻌﻬﺪ ﺍﻟﻌﺎﻟﻲ ﻟﻠﺒﻴﻮﺗﻜﻨﻮﻟﻮﺟﻴﺎ ﺑﺎﻟﻤﻨﺴﺘﻴﺮ)ﺟﺎﻣﻌﺔ ﺍﻟﻤﻨﺴﺘﻴﺮ(","124 ﻣﺮﺍﻗﺒﺔ ﺟﻮﺩﺓ ﺍﻷﻏﺬﻳﺔ ﻭﺣﻔﻆ ﺍﻟﺼﺤﺔ-","ﺍﻹﺟﺎﺯﺓ ﻓﻲ ﻋﻠﻮﻡ ﻭﺗﻘﻨﻴﺎﺕ ﺍﻷﻏﺬﻳﺔ ﺳﻨﻮﺍﺕ)ﺃﻣﺪ(3",,3,47,,,,
35318,"ﺍﻟﻤﻌﻬﺪ ﺍﻟﻌﺎﻟﻲ ﻟﻠﺪﺭﺍﺳﺎﺕ ﺍﻟﺘﻜﻨﻮﻟﻮﺟﻴﺔ ﺑﺴﻮﺳﺔ)ﺍﻹﺩﺍﺭﺓ ﺍﻟﻌﺎﻣﺔ ﻟﻠﺪﺭﺍﺳﺎﺕ ﺍﻟﺘﻜﻨﻮﻟﻮﺟﻴﺔ(","ﺇﺩﺍﺭﺓ ﺍﻷﻋﻤﺎﻝ-","",,2,1,1,1,62,
35505,"ﺍﻟﻤﻌﻬﺪ ﺍﻟﻌﺎﻟﻲ ﻟﻺﻋﻼﻣﻴﺔ ﻭ ﺍﻟﺮﻳﺎﺿﻴﺎﺕ ﺑﺎﻟﻤﻨﺴﺘﻴﺮ)ﺟﺎﻣﻌﺔ ﺍﻟﻤﻨﺴﺘﻴﺮ(","ﺍﻟﺮﻳﺎﺿﻴﺎﺕ ﻭﺍﻹﻋﻼﻣﻴﺔ-","",,19,10,4,6,,
35522,"ﺍﻟﻤﻌﻬﺪ ﺍﻟﺘﺤﻀﻴﺮﻱ ﻟﻠﺪﺭﺍﺳﺎﺕ ﺍﻟﻬﻨﺪﺳﻴﺔ ﺑﺎﻟﻤﻨﺴﺘﻴﺮ)ﺟﺎﻣﻌﺔ ﺍﻟﻤﻨﺴﺘﻴﺮ(","ﻛﻴﻤﻴﺎﺀ- ﻓﻴﺰﻳﺎﺀ/ﻓﻴﺰﻳﺎﺀ- ﺭﻳﺎﺿﻴﺎﺕ-","",,240,90,17,,,
35523,"ﺍﻟﻤﻌﻬﺪ ﺍﻟﻌﺎﻟﻲ ﻟﻺﻋﻼﻣﻴﺔ ﻭ ﺍﻟﺮﻳﺎﺿﻴﺎﺕ ﺑﺎﻟﻤﻨﺴﺘﻴﺮ)ﺟﺎﻣﻌﺔ ﺍﻟﻤﻨﺴﺘﻴﺮ(","ﻫﻨﺪﺳﺔ ﺍﻟﺒﺮﻣﺠﻴﺎﺕ ﻭﻧﻈﻢ ﺍﻟﻤﻌﻠﻮﻣﺎﺕ-","",,30,33,104,4,,
35573,"ﺍﻟﻤﻌﻬﺪ ﺍﻟﻌﺎﻟﻲ ﻟﻺﻋﻼﻣﻴﺔ ﻭ ﺍﻟﺮﻳﺎﺿﻴﺎﺕ ﺑﺎﻟﻤﻨﺴﺘﻴﺮ)ﺟﺎﻣﻌﺔ ﺍﻟﻤﻨﺴﺘﻴﺮ(","ﺍﻟﺸﺒﻜﺎﺕ ﻭ ﺃﻧﺘﺮﻧﺎﺕ ﺍﻷﺷﻴﺎﺀ-","",,15,22,71,8,,
35574,"ﺍﻟﻤﻌﻬﺪ ﺍﻟﻌﺎﻟﻲ ﻟﻠﻤﻮﺿﺔ ﺑﺎﻟﻤﻨﺴﺘﻴﺮ)ﺟﺎﻣﻌﺔ ﺍﻟﻤﻨﺴﺘﻴﺮ(","ﺻﻨﺎﻋﺔ ﺍﻟﻤﻼﺑﺲ-","",,4,18,1,51,27,
35629,"ﺍﻟﻤﻌﻬﺪ ﺍﻟﻌﺎﻟﻲ ﻟﻺﻋﻼﻣﻴﺔ ﻭ ﺍﻟﺮﻳﺎﺿﻴﺎﺕ ﺑﺎﻟﻤﻨﺴﺘﻴﺮ)ﺟﺎﻣﻌﺔ ﺍﻟﻤﻨﺴﺘﻴﺮ(","ﺍﻟﻨﻈﻢ ﺍﻟﻤﺤﻤﻮﻟﺔ-","",,7,13,1,60,,
36207,"ﺍﻟﻤﻌﻬﺪ ﺍﻟﻌﺎﻟﻲ ﻟﻠﻔﻨﻮﻥ ﻭ ﺍﻟﺤﺮﻑ ﺑﺎﻟﻤﻬﺪﻳﺔ)ﺟﺎﻣﻌﺔ ﺍﻟﻤﻨﺴﺘﻴﺮ(","ﺳﻴﻨﻮﻏﺮﺍﻓﻴﺎ- ﻫﻨﺪﺳﺔ ﺩﺍﺧﻠﻴﺔ-","",11,3,5,20,31,67,1
36208,"ﺍﻟﻤﻌﻬﺪ ﺍﻟﻌﺎﻟﻲ ﻟﻠﻔﻨﻮﻥ ﻭ ﺍﻟﺤﺮﻑ ﺑﺎﻟﻤﻬﺪﻳﺔ)ﺟﺎﻣﻌﺔ ﺍﻟﻤﻨﺴﺘﻴﺮ(","ﺗﺼﻤﻴﻢ ﺍﻟﻤﺼﻮﻍ ﻭﺍﻟﻤﺠﻮﻫﺮﺍﺕ- ﺗﺼﻤﻴﻢ ﺻﻨﺎﻋﻲ-","",4,3,4,16,26,58,2
36209,"ﺍﻟﻤﻌﻬﺪ ﺍﻟﻌﺎﻟﻲ ﻟﻠﻔﻨﻮﻥ ﻭ ﺍﻟﺤﺮﻑ ﺑﺎﻟﻤﻬﺪﻳﺔ)ﺟﺎﻣﻌﺔ ﺍﻟﻤﻨﺴﺘﻴﺮ(","ﺇﺷﻬﺎﺭ ﺳﻤﻌﻲ ﺑﺼﺮﻱ - ﺇﺷﻬﺎﺭ ﺧﻄﻲ-","ﺍﻻﺟﺎﺯﺓ ﻓﻲ ﺗﺼﻤﻴﻢ ﺍﻟﺼﻮﺭﺓ ﺳﻨﻮﺍﺕ)ﺃﻣﺪ(3",9,4,4,24,22,50,2
36311,"ﻛﻠﻴﺔ ﺍﻟﻌﻠﻮﻡ ﺍﻹﻗﺘﺼﺎﺩﻳﺔ ﻭﺍﻟﺘﺼﺮﻑ ﺑﺎﻟﻤﻬﺪﻳﺔ)ﺟﺎﻣﻌﺔ ﺍﻟﻤﻨﺴﺘﻴﺮ(","69 ﺫﻛﺎﺀ ﺍﻷﻋﻤﺎﻝ-","ﺍﻹﺟﺎﺯﺓ ﻓﻲ ﺇﻋﻼﻣﻴﺔ ﺍﻟﺘـﺼـﺮﻑ ﺳﻨﻮﺍﺕ)ﺃﻣﺪ(3",,8,6,47,1,57,
36312,"ﻛﻠﻴﺔ ﺍﻟﻌﻠﻮﻡ ﺍﻹﻗﺘﺼﺎﺩﻳﺔ ﻭﺍﻟﺘﺼﺮﻑ ﺑﺎﻟﻤﻬﺪﻳﺔ)ﺟﺎﻣﻌﺔ ﺍﻟﻤﻨﺴﺘﻴﺮ(","ﺍﻟﺘﺠﺎﺭﺓ ﻭﺍﻟﻤﺎﻟﻴﺔ ﺍﻟﺪﻭﻟﻴﺔ- ﺍﻟﻨﻘﺪ ﻭﺍﻟﻤﺎﻟﻴﺔ ﻭﺍﻟﺒﻨﻚ ﻭﺍﻟﺘﺄﻣﻴﻦ- ﻋﻠﻢ ﺍﻟﺒﻴﺎﻧﺎﺕ ﻟﻼﻗﺘﺼﺎﺩ ﻭﺍﻟﻤﺎﻟﻴﺔ-","",,5,4,,,279,
36318,"ﻛﻠﻴﺔ ﺍﻟﻌﻠﻮﻡ ﺍﻹﻗﺘﺼﺎﺩﻳﺔ ﻭﺍﻟﺘﺼﺮﻑ ﺑﺎﻟﻤﻬﺪﻳﺔ)ﺟﺎﻣﻌﺔ ﺍﻟﻤﻨﺴﺘﻴﺮ(","ﺇﺩﺍﺭﺓ ﺍﻷﻋﻤﺎﻝ- ﺍﻟﺘﺴﻮﻳﻖ- ﺍﻟﻤﺎﻟﻴﺔ- ﺍﻟﻤﺤﺎﺳﺒﺔ-","",,11,6,5,1,322,
36322,"ﺍﻟﻤﻌﻬﺪ ﺍﻟﻌﺎﻟﻲ ﻟﻠﻌﻠﻮﻡ ﺍﻟﺘﻄﺒﻴﻘﻴﺔ ﻭ ﺍﻟﺘﻜﻨﻮﻟﻮﺟﻴﺎ ﺑﺎﻟﻤﻬﺪﻳﺔ)ﺟﺎﻣﻌﺔ ﺍﻟﻤﻨﺴﺘﻴﺮ(","ﺭﻳﺎﺿﻴﺎﺕ ﻓﻴﺰﻳﺎﺀ-","ﺍﻟﻤﺮﺣﻠﺔ ﺍﻟﺘﺤﻀﻴﺮﻳﺔ ﺍﻟﻌﻠﻤﻴﺔ:ﺭﻳﺎﺿﻴﺎﺕ ﻓﻴﺰﻳﺎﺀ- ﺳﻨﺘﺎﻥ",,160,34,17,,,
36477,"ﺍﻟﻤﻌﻬﺪ ﺍﻟﻌﺎﻟﻲ ﻟﻠﺪﺭﺍﺳﺎﺕ ﺍﻟﺘﻄﺒﻴﻘﻴﺔ ﻓﻲ ﺍﻻﻧﺴﺎﻧﻴﺎﺕ ﺑﺎﻟﻤﻬﺪﻳﺔ)ﺟﺎﻣﻌﺔ ﺍﻟﻤﻨﺴﺘﻴﺮ(","ﺍﻟﺘﺮﺑﻴﺔ ﻭﺍﻟﺘﻌﻠﻴﻢ-","",69,24,23,4,6,14,
36512,"ﺍﻟﻤﻌﻬﺪ ﺍﻟﻌﺎﻟﻲ ﻟﻠﻌﻠﻮﻡ ﺍﻟﺘﻄﺒﻴﻘﻴﺔ ﻭ ﺍﻟﺘﻜﻨﻮﻟﻮﺟﻴﺎ ﺑﺎﻟﻤﻬﺪﻳﺔ)ﺟﺎﻣﻌﺔ ﺍﻟﻤﻨﺴﺘﻴﺮ(","ﺗﻜﻨﻮﻟﻮﺟﻴﺎﺕ ﺍﻟﺒﻴﺌﺔ ﻭﺗﺜﻤﻴﻦ ﺍﻟﻨﻔﺎﻳﺎﺕ-","",,3,47,,,,
36523,"ﺍﻟﻤﻌﻬﺪ ﺍﻟﻌﺎﻟﻲ ﻟﻺﻋﻼﻣﻴﺔ ﺑﺎﻟﻤﻬﺪﻳﺔ)ﺟﺎﻣﻌﺔ ﺍﻟﻤﻨﺴﺘﻴﺮ(","ﻫﻨﺪﺳﺔ ﺍﻟﺒﺮﻣﺠﻴﺎﺕ ﻭﺍﻷﻧﻈﻤﺔ ﺍﻟﺬﻛﻴﺔ- ﺍﻟﺒﻴﺎﻧﺎﺕ ﺍﻟﻀﺨﻤﺔ ﻭﺗﺤﻠﻴﻞ ﺍﻟﺒﻴﺎﻧﺎﺕ-","",,25,27,86,3,,
36524,"ﺍﻟﻤﻌﻬﺪ ﺍﻟﻌﺎﻟﻲ ﻟﻺﻋﻼﻣﻴﺔ ﺑﺎﻟﻤﻬﺪﻳﺔ)ﺟﺎﻣﻌﺔ ﺍﻟﻤﻨﺴﺘﻴﺮ(","ﺍﻟﺸﺒﻜﺎﺕ ﻭﺍﻷﻣﻦ ﺍﻟﺴﻴﺒﺮﺍﻧﻲ - ﺍﻟﻨﻈﻢ ﺍﻟﻤﺤﻤﻮﻟﺔ ﻭﺍﻧﺘﺮﻧﺎﺕ ﺍﻷﺷﻴﺎﺀ- ﻫﻨﺪﺳﺔ ﺍﻟﺒﺮﻣﺠﻴﺎﺕ ﻭﺍﻷﻧﻈﻤﺔ ﺍﻟﺬﻛﻴﺔ-","ﺍﻹﺟﺎﺯﺓ ﻓﻲ ﻫﻨﺪﺳﺔ ﻧﻈﻢ ﺍﻹﻋﻼﻣﻴﺔ ﺳﻨﻮﺍﺕ)ﺃﻣﺪ(3",,34,37,113,5,,
36546,"ﺍﻟﻤﻌﻬﺪ ﺍﻟﻌﺎﻟﻲ ﻟﻠﻌﻠﻮﻡ ﺍﻟﺘﻄﺒﻴﻘﻴﺔ ﻭ ﺍﻟﺘﻜﻨﻮﻟﻮﺟﻴﺎ ﺑﺎﻟﻤﻬﺪﻳﺔ)ﺟﺎﻣﻌﺔ ﺍﻟﻤﻨﺴﺘﻴﺮ(","ﻣﺮﺍﻗﺒﺔ ﺟﻮﺩﺓ ﺍﻷﻏﺬﻳﺔ ﻭﺣﻔﻆ ﺍﻟﺼﺤﺔ-","",,3,47,,,,
36566,"ﺍﻟﻤﻌﻬﺪ ﺍﻟﻌﺎﻟﻲ ﻟﻠﺪﺭﺍﺳﺎﺕ ﺍﻟﺘﻜﻨﻮﻟﻮﺟﻴﺔ ﺑﺎﻟﻤﻬﺪﻳﺔ)ﺍﻹﺩﺍﺭﺓ ﺍﻟﻌﺎﻣﺔ ﻟﻠﺪﺭﺍﺳﺎﺕ ﺍﻟﺘﻜﻨﻮﻟﻮﺟﻴﺔ(","ﺗﻄﻮﻳﺮ ﺍﻟﺒﺮﻣﺠﻴﺎﺕ ﻷﻧﺘﺮﻧﺖ ﺍﻷﺷﻴﺎﺀ- ﺍﻟﺒﻴﺎﻧﺎﺕ ﺍﻟﺬﻛﻴﺔ-","",,9,21,55,9,19,
36570,"ﺍﻟﻤﻌﻬﺪ ﺍﻟﻌﺎﻟﻲ ﻟﻠﺪﺭﺍﺳﺎﺕ ﺍﻟﺘﻜﻨﻮﻟﻮﺟﻴﺔ ﺑﺎﻟﻤﻬﺪﻳﺔ)ﺍﻹﺩﺍﺭﺓ ﺍﻟﻌﺎﻣﺔ ﻟﻠﺪﺭﺍﺳﺎﺕ ﺍﻟﺘﻜﻨﻮﻟﻮﺟﻴﺔ(","ﺍﻟﺼﻴﺎﻧﺔ ﺍﻟﺼﻨﺎﻋﻴﺔ- ﺍﻟﺘﺼﻤﻴﻢ ﻭﺍﻟﺘﺼﻨﻴﻊ ﺍﻟﻤﻴﻜﺎﻧﻴﻜﻲ-","",,2,4,1,94,,
36571,"ﺍﻟﻤﻌﻬﺪ ﺍﻟﻌﺎﻟﻲ ﻟﻠﺪﺭﺍﺳﺎﺕ ﺍﻟﺘﻜﻨﻮﻟﻮﺟﻴﺔ ﺑﺎﻟﻤﻬﺪﻳﺔ)ﺍﻹﺩﺍﺭﺓ ﺍﻟﻌﺎﻣﺔ ﻟﻠﺪﺭﺍﺳﺎﺕ ﺍﻟﺘﻜﻨﻮﻟﻮﺟﻴﺔ(","ﺍﻷﺗﻤﺘﺔ ﻭﺍﻹﻋﻼﻣﻴﺔ ﺍﻟﺼﻨﺎﻋﻴﺔ- ﺍﻹﻟﻜﺘﺮﻭﻧﻴﻚ ﻭﺍﻟﻨﻈﻢ ﺍﻟﻤﺤﻤﻮﻟﺔ- ﺍﻟﻜﻬﺮﺑﺎﺀ ﻭﺍﻟﻄﺎﻗﺎﺕ ﺍﻟﻤﺘﺠﺪﺩﺓ-","",,2,4,1,101,,
36573,"ﺍﻟﻤﻌﻬﺪ ﺍﻟﻌﺎﻟﻲ ﻟﻠﻌﻠﻮﻡ ﺍﻟﺘﻄﺒﻴﻘﻴﺔ ﻭ ﺍﻟﺘﻜﻨﻮﻟﻮﺟﻴﺎ ﺑﺎﻟﻤﻬﺪﻳﺔ)ﺟﺎﻣﻌﺔ ﺍﻟﻤﻨﺴﺘﻴﺮ(","ﺍﻷﻧﻈﻤﺔ ﺍﻟﺬﻛﻴﺔ، ﺍﻻﺗﺼﺎﻻﺕ ﻭﺍﻷﻣﻦ- ﺍﻟﺴﻴﺒﺮﺍﻧﻲ","",,10,14,47,5,,
36603,"ﺍﻟﻤﻌﻬﺪ ﺍﻟﻌﺎﻟﻲ ﻟﻠﻌﻠﻮﻡ ﺍﻟﺘﻄﺒﻴﻘﻴﺔ ﻭ ﺍﻟﺘﻜﻨﻮﻟﻮﺟﻴﺎ ﺑﺎﻟﻤﻬﺪﻳﺔ)ﺟﺎﻣﻌﺔ ﺍﻟﻤﻨﺴﺘﻴﺮ(","ﺍﻟﻄﺎﻗﻴﺔ ﻭﺍﻟﺒﻴﺌﺔ-","",,3,34,,16,,
36629,"ﺍﻟﻤﻌﻬﺪ ﺍﻟﻌﺎﻟﻲ ﻟﻠﻌﻠﻮﻡ ﺍﻟﺘﻄﺒﻴﻘﻴﺔ ﻭ ﺍﻟﺘﻜﻨﻮﻟﻮﺟﻴﺎ ﺑﺎﻟﻤﻬﺪﻳﺔ)ﺟﺎﻣﻌﺔ ﺍﻟﻤﻨﺴﺘﻴﺮ(","ﺍﻟﻨﻈﻢ ﺍﻟﻤﺤﻤﻮﻟﺔ ﻭﺍﻵﻟﻴﺔ ﺍﻟﺬﻛﻴﺔ-","",,6,12,1,54,,
37311,"ﺍﻟﻤﻌﻬﺪ ﺍﻟﻌﺎﻟﻲ ﻟﻺﻋﻼﻣﻴﺔ ﺑﺎﻟﻤﻬﺪﻳﺔ)ﺟﺎﻣﻌﺔ ﺍﻟﻤﻨﺴﺘﻴﺮ(","ﺫﻛﺎﺀ ﺍﻷﻋﻤﺎﻝ-","",,8,6,47,1,57,
37318,"ﺍﻟﻤﻌﻬﺪ ﺍﻟﻌﺎﻟﻲ ﻟﻠﺪﺭﺍﺳﺎﺕ ﺍﻟﺘﻜﻨﻮﻟﻮﺟﻴﺔ ﺑﺎﻟﻤﻬﺪﻳﺔ)ﺍﻹﺩﺍﺭﺓ ﺍﻟﻌﺎﻣﺔ ﻟﻠﺪﺭﺍﺳﺎﺕ ﺍﻟﺘﻜﻨﻮﻟﻮﺟﻴﺔ(","ﺇﺩﺍﺭﺓ ﺍﻷﻋﻤﺎﻝ- ﺍﻟﺘﺼﺮﻑ ﺍﻟﺼﻨﺎﻋﻲ-","",,4,2,1,1,107,
38318,"ﺍﻟﻤﻌﻬﺪ ﺍﻟﻌﺎﻟﻲ ﻟﻠﺪﺭﺍﺳﺎﺕ ﺍﻟﺘﻜﻨﻮﻟﻮﺟﻴﺔ ﻗﺼﺮ ﻫﻼﻝ)ﺍﻹﺩﺍﺭﺓ ﺍﻟﻌﺎﻣﺔ ﻟﻠﺪﺭﺍﺳﺎﺕ ﺍﻟﺘﻜﻨﻮﻟﻮﺟﻴﺔ(","62 ﺍﻟﺘﺴﻮﻳﻖ ﺍﻟﺮﻗﻤﻲ- ﺍﻟﺘﻘﻨﻴﺎﺕ ﺍﻟﻤﺎﻟﻴﺔ- ﺗﻘﻨﻴﺎﺕ ﺍﻟﺒﻴﻊ ﻭﺍﻟﻌﻼﻗﺔ ﻣﻊ ﺍﻟﺤﺮﻓﺎﺀ- ﺗﻘﻨﻴﺎﺕ ﺍﻟﻤﺤﺎﺳﺒﺔ ﻭﺍﻟﻤﺮﺍﻗﺒﺔ ﻭﺍﻟﺘﺪﻗﻴﻖ-","",,2,1,1,1,72,
40101,"ﻛﻠﻴﺔ ﺍﻵﺩﺍﺏ ﻭﺍﻟﻌﻠﻮﻡ ﺍﻹﻧﺴﺎﻧﻴﺔ ﺑﺼﻔﺎﻗﺲ)ﺟﺎﻣﻌﺔ ﺻﻔﺎﻗﺲ(","ﺍﻟﻠﻐﺔ ﻭﺍﻵﺩﺍﺏ ﻭﺍﻟﺤﻀﺎﺭﺓ ﺍﻟﻌﺮﺑﻴﺔ-","",85,1,1,2,,15,
40102,"ﻛﻠﻴﺔ ﺍﻵﺩﺍﺏ ﻭﺍﻟﻌﻠﻮﻡ ﺍﻹﻧﺴﺎﻧﻴﺔ ﺑﺼﻔﺎﻗﺲ)ﺟﺎﻣﻌﺔ ﺻﻔﺎﻗﺲ(","4 ﺍﻟﻠﻐﺔ ﻭﺍﻵﺩﺍﺏ ﻭﺍﻟﺤﻀﺎﺭﺓ ﺍﻹﻧﻘﻠﻴﺰﻳﺔ-","ﺍﻹﺟﺎﺯﺓ ﻓﻲ ﺍﻹﻧﻘﻠﻴﺰﻳﺔ ﺳﻨﻮﺍﺕ)ﺃﻣﺪ(3",152,1,1,2,2,60,2
40103,"ﻛﻠﻴﺔ ﺍﻵﺩﺍﺏ ﻭﺍﻟﻌﻠﻮﻡ ﺍﻹﻧﺴﺎﻧﻴﺔ ﺑﺼﻔﺎﻗﺲ)ﺟﺎﻣﻌﺔ ﺻﻔﺎﻗﺲ(","ﺍﻟﻠﻐﺔ ﻭﺍﻵﺩﺍﺏ ﻭﺍﻟﺤﻀﺎﺭﺓ ﺍﻟﻔﺮﻧﺴﻴﺔ-","",84,1,1,1,1,15,1
40105,"ﻛﻠﻴﺔ ﺍﻵﺩﺍﺏ ﻭﺍﻟﻌﻠﻮﻡ ﺍﻹﻧﺴﺎﻧﻴﺔ ﺑﺼﻔﺎﻗﺲ)ﺟﺎﻣﻌﺔ ﺻﻔﺎﻗﺲ(","ﺍﻟﻠﻐﺔ ﻭﺍﻵﺩﺍﺏ ﻭﺍﻟﺤﻀﺎﺭﺓ ﺍﻹﻳﻄﺎﻟﻴﺔ-","",31,1,1,1,1,7,1
40120,"ﻛﻠﻴﺔ ﺍﻵﺩﺍﺏ ﻭﺍﻟﻌﻠﻮﻡ ﺍﻹﻧﺴﺎﻧﻴﺔ ﺑﺼﻔﺎﻗﺲ)ﺟﺎﻣﻌﺔ ﺻﻔﺎﻗﺲ(","ﺳﻮﺳﻴﻮﻟﻮﺟﻴﺎ ﺍﻷﺟﻴﺎﻝ ﻭﺍﻹﺷﺮﺍﻙ - ﺍﻻﺟﺘﻤﺎﻋﻲ ﺳﻮﺳﻴﻮﻟﻮﺟﻴﺎ ﺍﻟﻮﺳﺎﻃﺔ ﻭﺍﻟﺘﺪﺧﻞ- ﺍﻻﺟﺘﻤﺎﻋﻲ ﺳﻴﺎﺳﺎﺕ ﻋﻤﻮﻣﻴﺔ ﻭﻋﻠﻮﻡ ﺍﻟﺴﻜﺎﻥ-","",72,1,6,1,1,99,
40122,"ﻛﻠﻴﺔ ﺍﻵﺩﺍﺏ ﻭﺍﻟﻌﻠﻮﻡ ﺍﻹﻧﺴﺎﻧﻴﺔ ﺑﺼﻔﺎﻗﺲ)ﺟﺎﻣﻌﺔ ﺻﻔﺎﻗﺲ(","23 ﺍﻻﺗﻴﻘﺎ ﻭﺍﻹﺳﺘﻄﻴﻘﺎ ﻭﺍﻟﺴﻴﺎﺳﺔ- Ethique, esthétique et politique ﺗﺎﺭﻳﺦ ﺍﻟﻔﻠﺴﻔﺔ ﻭﺍﻟﻔﻠﺴﻔﺔ ﺍﻟﻌﺎﻣﺔ-","ﺍﻹﺟﺎﺯﺓ ﻓﻲ ﺍﻟﻔـﻠﺴــﻔــﺔ ﺳﻨﻮﺍﺕ)ﺃﻣﺪ(3",48,1,1,1,1,6,1
40123,"ﻛﻠﻴﺔ ﺍﻵﺩﺍﺏ ﻭﺍﻟﻌﻠﻮﻡ ﺍﻹﻧﺴﺎﻧﻴﺔ ﺑﺼﻔﺎﻗﺲ)ﺟﺎﻣﻌﺔ ﺻﻔﺎﻗﺲ(","ﺍﻟﺘﺎﺭﻳﺦ- ﻋﻠﻢ ﺍﻵﺛﺎﺭ-","",90,1,1,2,2,20,2
40124,"ﻛﻠﻴﺔ ﺍﻵﺩﺍﺏ ﻭﺍﻟﻌﻠﻮﻡ ﺍﻹﻧﺴﺎﻧﻴﺔ ﺑﺼﻔﺎﻗﺲ)ﺟﺎﻣﻌﺔ ﺻﻔﺎﻗﺲ(","ﺍﻟﻤﺠﺎﻝ ﻭﺍﻟﺘﻨﻤﻴﺔ ﻭﺍﻟﺘﻬﻴﺌﺔ-","",88,1,1,2,2,57,
40125,"ﻛﻠﻴﺔ ﺍﻵﺩﺍﺏ ﻭﺍﻟﻌﻠﻮﻡ ﺍﻹﻧﺴﺎﻧﻴﺔ ﺑﺼﻔﺎﻗﺲ)ﺟﺎﻣﻌﺔ ﺻﻔﺎﻗﺲ(","26 ﺍﻟﺨﺮﺍﺋﻄﻴﺔ ﻭﻧﻈﻢ ﺍﻟﻤﻌﻠﻮﻣﺎﺕ ﺍﻟﺠﻐﺮﺍﻓﻴﺔ-","ﺍﻹﺟﺎﺯﺓ ﻓﻲ ﺍﻟﺨﺮﺍﺋﻄﻴﺔ ﻭﻧﻈﻢ ﺍﻟﻤﻌﻠﻮﻣﺎﺕ ﺍﻟﺠﻐﺮﺍﻓﻴﺔ ﺳﻨﻮﺍﺕ)ﺃﻣﺪ(3",26,1,1,1,1,16,
40126,"ﻛﻠﻴﺔ ﺍﻵﺩﺍﺏ ﻭﺍﻟﻌﻠﻮﻡ ﺍﻹﻧﺴﺎﻧﻴﺔ ﺑﺼﻔﺎﻗﺲ)ﺟﺎﻣﻌﺔ ﺻﻔﺎﻗﺲ(","ﺻﻴﺎﻧﺔ ﺍﻟﺘﺮﺍﺙ ﺍﻟﻤﺎﺩﻱ ﻭﺗﺮﻣﻴﻤﻪ-","ﺍﻹﺟﺎﺯﺓ ﻓﻲ ﺻﻴﺎﻧﺔ ﺍﻟﺘﺮﺍﺙ ﺍﻟﻤﺎﺩﻱ ﻭﺗﺮﻣﻴﻤﻪ ﺳﻨﻮﺍﺕ)ﺃﻣﺪ(3",34,1,1,1,1,7,1
40147,"ﻛﻠﻴﺔ ﺍﻵﺩﺍﺏ ﻭﺍﻟﻌﻠﻮﻡ ﺍﻹﻧﺴﺎﻧﻴﺔ ﺑﺼﻔﺎﻗﺲ)ﺟﺎﻣﻌﺔ ﺻﻔﺎﻗﺲ(","ﺍﻹﻧﻘﻠﻴﺰﻳﺔ-ﺍﻟﻌﺮﺑﻴﺔ/ ﺍﻟﻔﺮﻧﺴﻴﺔ-","",51,1,1,1,1,21,1
40168,"ﻛﻠﻴﺔ ﺍﻟﻌﻠﻮﻡ ﺑﺼﻔﺎﻗﺲ)ﺟﺎﻣﻌﺔ ﺻﻔﺎﻗﺲ(","ﺍﻟﺠﻴﻮﻣﺎﺗﻴﻚ ﺍﻟﻤﻄﺒﻘﺔ ﻋﻠﻰ ﺍﻟﻄﺒﻮﻏﺮﺍﻓﻴﺎ -","",,6,11,19,16,,
40201,"ﺍﻟﻤﻌﻬﺪ ﺍﻟﻌﺎﻟﻲ ﻟﻠﻤﻮﺳﻴﻘﻰ ﺑﺼﻔﺎﻗﺲ)ﺟﺎﻣﻌﺔ ﺻﻔﺎﻗﺲ(","ﺍﻟﻤﻮﺳﻴﻘﻰ ﻭ ﺍﻟﻌﻠﻮﻡ ﺍﻟﻤﻮﺳﻴﻘﻴﺔ- ﺍﻟﻤﻮﺳﻴﻘﻰ ﻭﺍﻷﺩﺍﺀ-","",23,2,4,7,4,49,7
40202,"ﺍﻟﻤﻌﻬﺪ ﺍﻟﻌﺎﻟﻰ ﻟﻠﻔﻨﻮﻥ ﻭ ﺍﻟﺤﺮﻑ ﺑﺼﻔﺎﻗﺲ)ﺟﺎﻣﻌﺔ ﺻﻔﺎﻗﺲ(","40 ﻓﻮﺗﻮﻏﺮﺍﻓﻴﺎ- ﺣﻔﺮ- ﺧﺰﻑ- ﺭﺳﻢ- ﻓﺴﻴﻔﺴﺎﺀ- ﻧﺴﻴﺞ- ﻧﺤﺖ-","ﺍﻹﺟﺎﺯﺓ ﻓﻲ ﺍﻟﻔﻨﻮﻥ ﺍﻟﺘﺸﻜﻴﻠﻴﺔ ﺳﻨﻮﺍﺕ)ﺃﻣﺪ(3",45,4,4,8,5,34,8
40207,"ﺍﻟﻤﻌﻬﺪ ﺍﻟﻌﺎﻟﻰ ﻟﻠﻔﻨﻮﻥ ﻭ ﺍﻟﺤﺮﻑ ﺑﺼﻔﺎﻗﺲ)ﺟﺎﻣﻌﺔ ﺻﻔﺎﻗﺲ(","43 ﻫﻨﺪﺳﺔ ﺩﺍﺧﻠﻴﺔ-","ﺍﻹﺟﺎﺯﺓ ﻓﻲ ﺗﺼﻤﻴﻢ ﺍﻟﻔﻀﺎﺀ ﺳﻨﻮﺍﺕ)ﺃﻣﺪ(3",9,3,4,17,26,54,1
40208,"ﺍﻟﻤﻌﻬﺪ ﺍﻟﻌﺎﻟﻰ ﻟﻠﻔﻨﻮﻥ ﻭ ﺍﻟﺤﺮﻑ ﺑﺼﻔﺎﻗﺲ)ﺟﺎﻣﻌﺔ ﺻﻔﺎﻗﺲ(","ﺇﻛﺴﺎﺀ- ﺇﺑﺘﻜﺎﺭ ﺻﻨﺎﻋﻲ-","",4,3,4,16,26,58,2
40209,"ﺍﻟﻤﻌﻬﺪ ﺍﻟﻌﺎﻟﻰ ﻟﻠﻔﻨﻮﻥ ﻭ ﺍﻟﺤﺮﻑ ﺑﺼﻔﺎﻗﺲ)ﺟﺎﻣﻌﺔ ﺻﻔﺎﻗﺲ(","ﺇﺷﻬﺎﺭ ﺧﻄﻲ-","",4,2,2,12,11,25,1
40247,"ﺍﻟﻤﻌﻬﺪ ﺍﻟﻌﺎﻟﻲ ﻟﻠﻤﻮﺳﻴﻘﻰ ﺑﺼﻔﺎﻗﺲ)ﺟﺎﻣﻌﺔ ﺻﻔﺎﻗﺲ(","51 ﻫﻨﺪﺳﺔ ﺍﻟﺼﻮﺕ ﻭﺍﻟﺘﻜﻨﻮﻟﻮﺟﻴﺎﺕ ﺍﻟﺤﺪﻳﺜﺔ-","ﺍﻹﺟﺎﺯﺓ ﻓﻲ ﻫﻨﺪﺳﺔ ﺍﻟﺼﻮﺕ ﻭﺍﻟﺘﻜﻨﻮﻟﻮﺟﻴﺎﺕ ﺍﻟﺤﺪﻳﺜﺔ",,6,14,24,19,,
40265,"ﺍﻟﻤﻌﻬﺪ ﺍﻟﻌﺎﻟﻰ ﻟﻠﻔﻨﻮﻥ ﻭ ﺍﻟﺤﺮﻑ ﺑﺼﻔﺎﻗﺲ)ﺟﺎﻣﻌﺔ ﺻﻔﺎﻗﺲ(","ﺍﻹﺧﺮﺍﺝ ﻭﺍﻹﻧﺘﺎﺝ-","",6,3,2,11,7,9,
40301,"ﻛﻠﻴﺔ ﺍﻟﺤﻘﻮﻕ ﺑﺼﻔﺎﻗﺲ)ﺟﺎﻣﻌﺔ ﺻﻔﺎﻗﺲ(","54 ﺍﻟﻘﺎﻧﻮﻥ ﺍﻟﺨﺎﺹ- ﺍﻟﻘﺎﻧﻮﻥ ﺍﻟﻌﺎﻡ- ﺍﻟﻘﺎﻧﻮﻥ ﺍﻟﻌﺪﻟﻲ ﺍﻟﺨﺎﺹ-","ﺍﻹﺟﺎﺯﺓ ﻓﻲ ﺍﻟﻘﺎﻧﻮﻥ ﺳﻨﻮﺍﺕ)ﺃﻣﺪ(3",230,10,16,2,2,109,14
40311,"ﻛﻠﻴﺔ ﺍﻟﻌﻠﻮﻡ ﺍﻹﻗﺘﺼﺎﺩﻳﺔ ﻭﺍﻟﺘﺼﺮﻑ ﺑﺼﻔﺎﻗﺲ)ﺟﺎﻣﻌﺔ ﺻﻔﺎﻗﺲ(","ﻧﻈﻢ ﻣﻌﻠﻮﻣﺎﺕ ﺍﻷﻋﻤﺎﻝ-","",,15,11,78,2,95,
40312,"ﻛﻠﻴﺔ ﺍﻟﻌﻠﻮﻡ ﺍﻹﻗﺘﺼﺎﺩﻳﺔ ﻭﺍﻟﺘﺼﺮﻑ ﺑﺼﻔﺎﻗﺲ)ﺟﺎﻣﻌﺔ ﺻﻔﺎﻗﺲ(","ﺍﻟﺘﺠﺎﺭﺓ ﻭﺍﻟﻤﺎﻟﻴﺔ ﺍﻟﺪﻭﻟﻴﺔ- ﺇﻗﺘﺼﺎﺩ ﺍﻷﻋﻤﺎﻝ- ﺍﻗﺘﺼﺎﺩ ﺍﻟﻨﻘﻞ ﻭﺍﻟﻠﻮﺟﺴﺘﻴﻚ- ﺍﻻﻗﺘﺼﺎﺩ ﺍﻟﺒﻴﺌﻲ ﻭ ﺍﻟﺘﻨﻤﻴﺔ ﺍﻟﻤﺴﺘﺪﺍﻣﺔ- ﺍﻟﻨﻘﺪ ﻭﺍﻟﻤﺎﻟﻴﺔ ﻭﺍﻟﺒﻨﻚ ﻭﺍﻟﺘﺄﻣﻴﻦ- ﻋﻠﻢ ﺍﻟﺒﻴﺎﻧﺎﺕ ﻟﻼﻗﺘﺼﺎﺩ ﻭﺍﻟﻤﺎﻟﻴﺔ-","",,30,30,,,559,
40318,"ﻛﻠﻴﺔ ﺍﻟﻌﻠﻮﻡ ﺍﻹﻗﺘﺼﺎﺩﻳﺔ ﻭﺍﻟﺘﺼﺮﻑ ﺑﺼﻔﺎﻗﺲ)ﺟﺎﻣﻌﺔ ﺻﻔﺎﻗﺲ(","ﺍﻟﺘﺼﺮﻑ ﻓﻲ ﺍﻟﻤﻮﺍﺭﺩ ﺍﻟﺒﺸﺮﻳﺔ - ﺇﺩﺍﺭﺓ ﺍﻷﻋﻤﺎﻝ- ﺍﻟﺘﺴﻮﻳﻖ- ﺍﻟﻤﺎﻟﻴﺔ- ﺍﻟﻤﺤﺎﺳﺒﺔ- ﺗﺤﻠﻴﻞ ﺍﻷﻋﻤﺎﻝ-","ﺍﻹﺟﺎﺯﺓ ﻓﻲ ﻋﻠﻮﻡ ﺍﻟﺘﺼﺮﻑ ﺳﻨﻮﺍﺕ)ﺃﻣﺪ(3",,30,30,8,2,580,
40450,"ﺍﻟﻤﻌﻬﺪ ﺍﻟﻌﺎﻟﻲ ﻟﻠﺮﻳﺎﺿﺔ ﻭ ﺍﻟﺘﺮﺑﻴﺔ ﺍﻟﺒﺪﻧﻴﺔ ﺑﺼﻔﺎﻗﺲ)ﺟﺎﻣﻌﺔ ﺻﻔﺎﻗﺲ(","ﺍﻷﻧﺸﻄﺔ ﺍﻟﺒﺪﻧﻴﺔ ﺍﻟﻤﻼﺋﻤﺔ ﻭﺍﻟﺼﺤﺔ- ﺍﻟﺘﺮﺑﻴﺔ ﻭﺍﻟﺤﺮﻛﻴﺔ-","",3,3,2,5,3,4,385
40501,"ﻛﻠﻴﺔ ﺍﻟﻌﻠﻮﻡ ﺑﺼﻔﺎﻗﺲ)ﺟﺎﻣﻌﺔ ﺻﻔﺎﻗﺲ(","ﺍﻟﻜﻴﻤﻴﺎﺀ- ﺗﺼﻤﻴﻢ ﺍﻟﺘﻐﻠﻴﻒ ﻭﺍﻟﺘﻌﺒﺌﺔ- ﻛﻴﻤﻴﺎﺀ ﺍﻟﻤﻮﺍﺩ- ﻣﻮﺍﺩ ﺍﻟﺘﺠﻤﻴﻞ ﻭﺍﻟﺮﻭﺍﺋﺢ ﻭﺍﻟﻌﻄﻮﺭﺍﺕ-","",,6,75,,5,,
40502,"ﻛﻠﻴﺔ ﺍﻟﻌﻠﻮﻡ ﺑﺼﻔﺎﻗﺲ)ﺟﺎﻣﻌﺔ ﺻﻔﺎﻗﺲ(","ﺍﻟﻔﻴﺰﻳﺎﺀ ﻭﺍﻟﻜﻴﻤﻴﺎﺀ-","",,3,25,,1,,
40503,"ﻛﻠﻴﺔ ﺍﻟﻌﻠﻮﻡ ﺑﺼﻔﺎﻗﺲ)ﺟﺎﻣﻌﺔ ﺻﻔﺎﻗﺲ(","ﺍﻟﻔﻴﺰﻳﺎﺀ-","",,4,35,,5,,
40504,"ﻛﻠﻴﺔ ﺍﻟﻌﻠﻮﻡ ﺑﺼﻔﺎﻗﺲ)ﺟﺎﻣﻌﺔ ﺻﻔﺎﻗﺲ(","ﺍﻟﻔﻴﺰﻳﺎﺀ ﻭﺍﻟﻄﺎﻗﺔ-","",,5,26,,31,,
40505,"ﻛﻠﻴﺔ ﺍﻟﻌﻠﻮﻡ ﺑﺼﻔﺎﻗﺲ)ﺟﺎﻣﻌﺔ ﺻﻔﺎﻗﺲ(","ﻋﻠﻢ ﺍﻟﺒﻴﺎﻧﺎﺕ-","",,22,12,4,7,,
40507,"ﻛﻠﻴﺔ ﺍﻟﻌﻠﻮﻡ ﺑﺼﻔﺎﻗﺲ)ﺟﺎﻣﻌﺔ ﺻﻔﺎﻗﺲ(","ﺍﻟﺮﻳﺎﺿﻴﺎﺕ ﺍﻻﻛﺘﻮﺍﺭﻳﺔ ﻭﺍﻟﺘﺄﻣﻴﻦ- ﻋﻠﻮﻡ ﺍﻟﺮﻳﺎﺿﻴﺎﺕ-","",,32,9,1,1,,
40508,"ﻛﻠﻴﺔ ﺍﻟﻌﻠﻮﻡ ﺑﺼﻔﺎﻗﺲ)ﺟﺎﻣﻌﺔ ﺻﻔﺎﻗﺲ(","ﺍﻟﻜﻴﻤﻴﺎﺀ ﻭﺍﻟﺒﻴﻮﻟﻮﺟﻴﺎ-","",,3,40,,,,
40509,"ﻛﻠﻴﺔ ﺍﻟﻌﻠﻮﻡ ﺑﺼﻔﺎﻗﺲ)ﺟﺎﻣﻌﺔ ﺻﻔﺎﻗﺲ(","ﺍﻟﺒﻴﻮﻟﻮﺟﻴﺎ ﺍﻟﺠﺰﺋﻴﺔ ﻭﺍﻟﺨﻠﻮﻳﺔ-","",,4,53,,,,
40510,"ﻛﻠﻴﺔ ﺍﻟﻌﻠﻮﻡ ﺑﺼﻔﺎﻗﺲ)ﺟﺎﻣﻌﺔ ﺻﻔﺎﻗﺲ(","ﺍﻟﺒﻴﺌﺔ ﻭﺍﻟﺘﻜﻴﻒ ﻣﻊ ﺍﻟﻤﻨﺎﺥ ﻭﺍﻻﻗﺘﺼﺎﺩ- ﺍﻟﺪﺍﺋﺮﻱ ﻋﻠﻮﻡ ﺍﻟﻤﻴﺎﻩ ﻭ ﻫﻨﺪﺳﺔ ﺍﻟﻤﻴﺎﻩ-","",,4,57,,4,,
40512,"ﻛﻠﻴﺔ ﺍﻟﻌﻠﻮﻡ ﺑﺼﻔﺎﻗﺲ)ﺟﺎﻣﻌﺔ ﺻﻔﺎﻗﺲ(","ﺍﻟﺒﻴﻮﻟﻮﺟﻴﺎ ﺍﻟﺒﺤﺮﻳﺔ ﻭ ﺗﺮﺑﻴﺔ ﺍﻷﺣﻴﺎﺀ- ﺍﻟﻤﺎﺋﻴﺔ ﺍﻟﺘﺼﺮﻑ ﻓﻲ ﺍﻟﻤﻮﺍﺭﺩ ﺍﻟﺒﻴﻮﻟﻮﺟﻴﺔ- ﻭﺗﺜﻤﻴﻨﻬﺎ ﻓﻲ ﺍﻟﻤﺪﻳﻨﺔ ﺍﻟﺬﻛﻴﺔ ﻋﻠﻮﻡ ﺍﻻﺣﻴﺎﺀ ﻭﺍﻟﺒﻴﺌﺔ-","",,5,80,,,,
40513,"ﻛﻠﻴﺔ ﺍﻟﻌﻠﻮﻡ ﺑﺼﻔﺎﻗﺲ)ﺟﺎﻣﻌﺔ ﺻﻔﺎﻗﺲ(","ﻋﻠﻮﻡ ﺍﻟﺤﻴﺎﺓ ﻭﺍﻷﺭﺽ-","",,3,40,,,,
40518,"ﻛﻠﻴﺔ ﺍﻟﻌﻠﻮﻡ ﺑﺼﻔﺎﻗﺲ)ﺟﺎﻣﻌﺔ ﺻﻔﺎﻗﺲ(","ﺍﻹﻋﻼﻣﻴﺔ-","",,30,25,18,15,,
40522,"ﻛﻠﻴﺔ ﺍﻟﻌﻠﻮﻡ ﺑﺼﻔﺎﻗﺲ)ﺟﺎﻣﻌﺔ ﺻﻔﺎﻗﺲ(","ﻛﻴﻤﻴﺎﺀ- ﻓﻴﺰﻳﺎﺀ/ﻓﻴﺰﻳﺎﺀ- ﺭﻳﺎﺿﻴﺎﺕ-","",,130,90,12,,,
40523,"ﻛﻠﻴﺔ ﺍﻟﻌﻠﻮﻡ ﺑﺼﻔﺎﻗﺲ)ﺟﺎﻣﻌﺔ ﺻﻔﺎﻗﺲ(","81 ﻫﻨﺪﺳﺔ ﺍﻟﺒﺮﻣﺠﻴﺎﺕ ﻭﺍﻷﻧﻈﻤﺔ ﺍﻟﺬﻛﻴﺔ-","ﺍﻹﺟﺎﺯﺓ ﻓﻲ ﻋﻠﻮﻡ ﺍﻹﻋﻼﻣﻴﺔ ﺳﻨﻮﺍﺕ)ﺃﻣﺪ(3",,30,30,58,3,,
40524,"ﻛﻠﻴﺔ ﺍﻟﻌﻠﻮﻡ ﺑﺼﻔﺎﻗﺲ)ﺟﺎﻣﻌﺔ ﺻﻔﺎﻗﺲ(","ﺍﻟﺸﺒﻜﺎﺕ ﻭﺍﻷﻣﻦ ﺍﻟﺴﻴﺒﺮﺍﻧﻲ- ﺍﻟﻨﻈﻢ ﺍﻟﻤﺤﻤﻮﻟﺔ ﻭﺍﻧﺘﺮﻧﺎﺕ ﺍﻷﺷﻴﺎﺀ-","",,17,21,38,2,,
40531,"ﻛﻠﻴﺔ ﺍﻟﻌﻠﻮﻡ ﺑﺼﻔﺎﻗﺲ)ﺟﺎﻣﻌﺔ ﺻﻔﺎﻗﺲ(","ﺍﻟﺘﻜﻨﻮﻟﻮﺟﻴﺎﺕ ﺍﻟﺒﻴﺌﻴﺔ ﻭﺍﻟﺘﻨﻤﻴﺔ ﺍﻟﻤﺴﺘﺪﺍﻣﺔ-","ﺍﻹﺟﺎﺯﺓ ﻓﻲ ﺍﻟﺘﻜﻨﻮﻟﻮﺟﻴﺎﺕ ﺍﻟﺤﺪﻳﺜﺔ ﻓﻲ ﻋﻠﻮﻡ ﺍﻟﺤﻴﺎﺓ ﺳﻨﻮﺍﺕ)ﺃﻣﺪ(3",,4,53,,,,
40532,"ﺍﻟﻤﻌﻬﺪ ﺍﻟﺘﺤﻀﻴﺮﻱ ﻟﻠﺪﺭﺍﺳﺎﺕ ﺍﻟﻬﻨﺪﺳﻴﺔ ﺑﺼﻔﺎﻗﺲ)ﺟﺎﻣﻌﺔ ﺻﻔﺎﻗﺲ(","ﺗﻜﻨﻮﻟﻮﺟﻴﺎ-","",,,,,100,,
40546,"ﻛﻠﻴﺔ ﺍﻟﻌﻠﻮﻡ ﺑﺼﻔﺎﻗﺲ)ﺟﺎﻣﻌﺔ ﺻﻔﺎﻗﺲ(","ﺍﻟﺒﻴﻮﺗﻜﻨﻮﺟﻴﺎ ﺍﻟﺠﺮﺛﻮﻣﻴﺔ- ﻣﺮﺍﻗﺒﺔ ﺟﻮﺩﺓ ﺍﻷﻏﺬﻳﺔ ﻭﺣﻔﻆ ﺍﻟﺼﺤﺔ-","",,4,53,,,,
40566,"ﺍﻟﻤﻌﻬﺪ ﺍﻟﻌﺎﻟﻲ ﻟﻠﺪﺭﺍﺳﺎﺕ ﺍﻟﺘﻜﻨﻮﻟﻮﺟﻴﺔ ﺑﺼﻔﺎﻗﺲ)ﺍﻹﺩﺍﺭﺓ ﺍﻟﻌﺎﻣﺔ ﻟﻠﺪﺭﺍﺳﺎﺕ ﺍﻟﺘﻜﻨﻮﻟﻮﺟﻴﺔ(","88 ﺗﻄﻮﻳﺮ ﺍﻟﺒﺮﻣﺠﻴﺎﺕ ﻷﻧﺘﺮﻧﺖ ﺍﻷﺷﻴﺎﺀ- ﺗﻄﻮﻳﺮ ﺍﻟﺒﺮﻣﺠﻴﺎﺕ- ﺍﻟﺒﻴﺎﻧﺎﺕ ﺍﻟﺬﻛﻴﺔ- ﺍﻟﺸﺒﻜﺎﺕ ﻭﺍﻟﺤﻮﺳﺒﺔ ﺍﻟﺴﺤﺎﺑﻴﺔ-","",,14,31,83,14,29,
40568,"ﺍﻟﻤﻌﻬﺪ ﺍﻟﻌﺎﻟﻲ ﻟﻠﺪﺭﺍﺳﺎﺕ ﺍﻟﺘﻜﻨﻮﻟﻮﺟﻴﺔ ﺑﺼﻔﺎﻗﺲ)ﺍﻹﺩﺍﺭﺓ ﺍﻟﻌﺎﻣﺔ ﻟﻠﺪﺭﺍﺳﺎﺕ ﺍﻟﺘﻜﻨﻮﻟﻮﺟﻴﺔ(","ﺃﺷﻐﺎﻝ ﻋﻤﻮﻣﻴﺔ- ﺍﻟﺒﻨﺎﺀ- ﻗﻴﺲ ﺍﻷﺭﺍﺿﻲ ﻭ ﺍﻟﺠﻐﺮﻓﺔ ﺍﻟﺮﻗﻤﻴﺔ-","",,2,4,1,94,,
40573,"ﺍﻟﻤﺪﺭﺳﺔ ﺍﻟﻮﻃﻨﻴﺔ ﻟﻺﻟﻜﺘﺮﻭﻧﻴﻚ ﻭﺍﻹﺗﺼﺎﻻﺕ ﺑﺼﻔﺎﻗﺲ)ﺟﺎﻣﻌﺔ ﺻﻔﺎﻗﺲ(","ﺍﻷﻣﻦ ﺍﻟﺴﻴﺒﺮﺍﻧﻲ - ﺃﻧﻈﻤﺔ ﺇﻧﺘﺮﻧﺖ ﺍﻷﺷﻴﺎﺀ-","",,10,14,47,5,,
40577,"ﺍﻟﻤﻌﻬﺪ ﺍﻟﻌﺎﻟﻲ ﻟﻠﺘﺼﺮﻑ ﺍﻟﺼﻨﺎﻋﻲ ﺑﺼﻔﺎﻗﺲ)ﺟﺎﻣﻌﺔ ﺻﻔﺎﻗﺲ(","ﺇﺩﺍﺭﺓ ﺍﻷﻧﻈﻤﺔ ﺍﻟﺼﻨﺎﻋﻴﺔ- ﺍﻟﺼﻨﺎﻋﺔ ﺍﻟﺮﻗﻤﻴﺔ-","ﺍﻻﺟﺎﺯﺓ ﻓﻲ ﺍﻟﻬﻨﺪﺳﺔ ﺍﻟﺼﻨﺎﻋﻴﺔ ﺳﻨﻮﺍﺕ)ﺃﻣﺪ(3",,21,23,8,42,,
40597,"ﺍﻟﻤﻌﻬﺪ ﺍﻟﻌﺎﻟﻲ ﻟﻠﺪﺭﺍﺳﺎﺕ ﺍﻟﺘﻜﻨﻮﻟﻮﺟﻴﺔ ﺑﺼﻔﺎﻗﺲ)ﺍﻹﺩﺍﺭﺓ ﺍﻟﻌﺎﻣﺔ ﻟﻠﺪﺭﺍﺳﺎﺕ ﺍﻟﺘﻜﻨﻮﻟﻮﺟﻴﺔ(","ﺍﻻﺳﺎﻟﻴﺐ ﺍﻟﺼﻨﺎﻋﻴﺔ ﺍﻟﻜﻴﻤﻴﺎﺋﻴﺔ- ﺍﻷﺳﺎﻟﻴﺐ ﺍﻟﻐﺬﺍﺋﻴﺔ-","",,4,59,,1,,
40622,"ﺍﻟﻤﻌﻬﺪ ﺍﻟﻌﺎﻟﻰ ﻟﻠﻔﻨﻮﻥ ﻭ ﺍﻟﺤﺮﻑ ﺑﺼﻔﺎﻗﺲ)ﺟﺎﻣﻌﺔ ﺻﻔﺎﻗﺲ(","ﺍﻟﺘﻮﺍﺻﻞ ﻣﺘﻌﺪﺩ ﺍﻟﻮﺳﺎﺋﻂ-","ﺍﻹﺟﺎﺯﺓ ﻓﻲ ﺍﻟﻔﻨﻮﻥ ﻭ ﺍﻟﻮﺳﺎﺋﻂ ﺳﻨﻮﺍﺕ)ﺃﻣﺪ(3",3,6,9,47,7,18,
40629,"ﻛﻠﻴﺔ ﺍﻟﻌﻠﻮﻡ ﺑﺼﻔﺎﻗﺲ)ﺟﺎﻣﻌﺔ ﺻﻔﺎﻗﺲ(","ﺍﻵﻟﻴﺔ ﻭﺍﻹﺷﺮﺍﻑ ﻭﺍﻹﻋﻼﻣﻴﺔ ﺍﻟﺼﻨﺎﻋﻴﺔ- ﺍﻷﻧﻈﻤﺔ ﺍﻟﻜﻬﺮﺑﺎﺋﻴﺔ- ﺍﻟﻨﻈﻢ ﺍﻟﻤﺤﻤﻮﻟﺔ-","",,15,27,2,90,,
40671,"ﺍﻟﻤﻌﻬﺪ ﺍﻟﻌﺎﻟﻲ ﻟﻠﺘﺼﺮﻑ ﺍﻟﺼﻨﺎﻋﻲ ﺑﺼﻔﺎﻗﺲ)ﺟﺎﻣﻌﺔ ﺻﻔﺎﻗﺲ(","ﺍﻟﺼﻴﺎﻧﺔ ﺍﻟﺼﻨﺎﻋﻴﺔ-","",,5,13,1,37,,
40672,"ﺍﻟﻤﻌﻬﺪ ﺍﻟﻌﺎﻟﻲ ﻟﻠﺘﺼﺮﻑ ﺍﻟﺼﻨﺎﻋﻲ ﺑﺼﻔﺎﻗﺲ)ﺟﺎﻣﻌﺔ ﺻﻔﺎﻗﺲ(","ﺍﻟﻠﻮﺟﺴﺘﻴﻚ ﺍﻟﺼﻨﺎﻋﻲ-","",,10,12,5,30,,
40673,"ﺍﻟﻤﻌﻬﺪ ﺍﻟﻌﺎﻟﻲ ﻟﻠﺘﺼﺮﻑ ﺍﻟﺼﻨﺎﻋﻲ ﺑﺼﻔﺎﻗﺲ)ﺟﺎﻣﻌﺔ ﺻﻔﺎﻗﺲ(","ﻫﻨﺪﺳﺔ ﻭﺇﺩﺍﺭﺓ ﺍﻟﻨﻘﻞ-","",,9,8,19,11,16,
40674,"ﻛﻠﻴﺔ ﺍﻟﻌﻠﻮﻡ ﺑﺼﻔﺎﻗﺲ)ﺟﺎﻣﻌﺔ ﺻﻔﺎﻗﺲ(","109 ﺍﻟﻤﻴﻜﺎﺗﺮﻭﻧﻴﻚ ﺍﻟﺼﻨﺎﻋﻲ- ﺍﻟﺼﻴﺎﻧﺔ ﺍﻟﺼﻨﺎﻋﻴﺔ ﻭﺍﻟﺬﻛﺎﺀ ﺍﻻﺻﻄﻨﺎﻋﻲ-","ﺍﻹﺟﺎﺯﺓ ﻓﻲ ﺍﻟﻤﻴﻜﺎﺗﺮﻭﻧﻴﻚ ﺳﻨﻮﺍﺕ)ﺃﻣﺪ(3",,6,15,2,43,,
40700,"ﻛﻠﻴﺔ ﺍﻟﻄﺐ ﺑﺼﻔﺎﻗﺲ)ﺟﺎﻣﻌﺔ ﺻﻔﺎﻗﺲ(","ﺍﻟـﻄــﺐ-","",1,104,193,,,,1
40740,"ﺍﻟﻤﺪﺭﺳﺔ ﺍﻟﻌﻠﻴﺎ ﻟﻌﻠﻮﻡ ﻭﺗﻘﻨﻴﺎﺕ ﺍﻟﺼﺤﺔ ﺑﺼﻔﺎﻗﺲ)ﺟﺎﻣﻌﺔ ﺻﻔﺎﻗﺲ(","ﺍﻟﺘﺒﻨﻴﺞ ﻭﺍﻹﻧﻌﺎﺵ-","",,4,32,,,,
40741,"ﺍﻟﻤﺪﺭﺳﺔ ﺍﻟﻌﻠﻴﺎ ﻟﻌﻠﻮﻡ ﻭﺗﻘﻨﻴﺎﺕ ﺍﻟﺼﺤﺔ ﺑﺼﻔﺎﻗﺲ)ﺟﺎﻣﻌﺔ ﺻﻔﺎﻗﺲ(","ﺍﻟﺘﺼﻮﻳﺮ ﺍﻟﻄﺒﻲ ﻭﺍﻟﻤﺪﺍﻭﺍﺓ ﺑﺎﻷﺷﻌﺔ-","",,5,31,,,,
40743,"ﺍﻟﻤﺪﺭﺳﺔ ﺍﻟﻌﻠﻴﺎ ﻟﻌﻠﻮﻡ ﻭﺗﻘﻨﻴﺎﺕ ﺍﻟﺼﺤﺔ ﺑﺼﻔﺎﻗﺲ)ﺟﺎﻣﻌﺔ ﺻﻔﺎﻗﺲ(","ﺍﻟﺒﻴﻮﻟﻮﺟﻴﺎ ﺍﻟﻄﺒﻴﺔ-","",,4,32,,,,
40744,"ﺍﻟﻤﺪﺭﺳﺔ ﺍﻟﻌﻠﻴﺎ ﻟﻌﻠﻮﻡ ﻭﺗﻘﻨﻴﺎﺕ ﺍﻟﺼﺤﺔ ﺑﺼﻔﺎﻗﺲ)ﺟﺎﻣﻌﺔ ﺻﻔﺎﻗﺲ(","ﺍﻟﻌﻼﺝ ﺍﻟﻄﺒﻴﻌﻲ-","",2,3,19,,,,2
40749,"ﺍﻟﻤﺪﺭﺳﺔ ﺍﻟﻌﻠﻴﺎ ﻟﻌﻠﻮﻡ ﻭﺗﻘﻨﻴﺎﺕ ﺍﻟﺼﺤﺔ ﺑﺼﻔﺎﻗﺲ)ﺟﺎﻣﻌﺔ ﺻﻔﺎﻗﺲ(","ﻋﻠﻮﻡ ﺍﻟﺒﺼﺮ-","ﺍﻹﺟﺎﺯﺓ ﻓﻲ ﻋﻠﻮﻡ ﺍﻟﺒﺼﺮ ﺳﻨﻮﺍﺕ)ﺃﻣﺪ(3",,11,24,,,,
40750,"ﺍﻟﻤﺪﺭﺳﺔ ﺍﻟﻌﻠﻴﺎ ﻟﻌﻠﻮﻡ ﻭﺗﻘﻨﻴﺎﺕ ﺍﻟﺼﺤﺔ ﺑﺼﻔﺎﻗﺲ)ﺟﺎﻣﻌﺔ ﺻﻔﺎﻗﺲ(","ﺃﺩﻭﺍﺗﻴﺔ ﻗﺎﻋﺔ ﺍﻟﻌﻤﻠﻴﺎﺕ ﺍﻟﺠﺮﺍﺣﻴﺔ-","",,6,30,,,,
40759,"ﺍﻟﻤﻌﻬﺪ ﺍﻟﻌﺎﻟﻲ ﻟﻠﺒﻴﻮﺗﻜﻨﻮﻟﻮﺟﻴﺎ ﺑﺼﻔﺎﻗﺲ)ﺟﺎﻣﻌﺔ ﺻﻔﺎﻗﺲ(","ﺍﻟﺼﺤﺔ ﺍﻟﺮﻗﻤﻴﺔ ﻭ ﺍﻟﻤﻌﻠﻮﻣﺎﺗﻴﺔ ﺍﻟﻄﺒﻴﺔ- ﺍﻟﻤﻌﺪﺍﺕ ﺍﻟﻄﺒﻴﺔ ﻭ ﺍﻷﻧﻈﻤﺔ ﺍﻟﺬﻛﻴﺔ- ﻫﻨﺪﺳﺔ ﻣﻌﺪﺍﺕ ﺍﻟﺘﺼﻮﻳﺮ ﺍﻟﻄﺒﻲ-","",,7,62,4,16,,
40797,"ﺍﻟﻤﻌﻬﺪ ﺍﻟﻌﺎﻟﻲ ﻟﻌﻠﻮﻡ ﺍﻟﺘﻤﺮﻳﺾ ﺑﺼﻔﺎﻗﺲ)ﺟﺎﻣﻌﺔ ﺻﻔﺎﻗﺲ(","ﻋﻠﻮﻡ ﺍﻟﺘﻤﺮﻳﺾ-","",2,11,83,,,,2
40799,"ﺍﻟﻤﺪﺭﺳﺔ ﺍﻟﻌﻠﻴﺎ ﻟﻌﻠﻮﻡ ﻭﺗﻘﻨﻴﺎﺕ ﺍﻟﺼﺤﺔ ﺑﺼﻔﺎﻗﺲ)ﺟﺎﻣﻌﺔ ﺻﻔﺎﻗﺲ(","123 ﻗﺎﺑﻠﺔ- ﻋﻠﻮﻡ ﺍﻟـﺘــﻮﻟـﻴـــﺪ- ﺍﺧﺘﻴﺎﺭﺍﺕ ﻋﻠﻰ ﺍﻷﻗﻞ06ﻳﺘﻌﻴﻦ ﻋﻠﻰ ﻛﻞ ﻣﺘﺮﺷﺢ ﺗﻌﻤﻴﺮ","",1,4,30,,,,1
40832,"ﻛﻠﻴﺔ ﺍﻟﻌﻠﻮﻡ ﺑﺼﻔﺎﻗﺲ)ﺟﺎﻣﻌﺔ ﺻﻔﺎﻗﺲ(","ﺟﻴﻮﻟﻮﺟﻴﺎ- ﺑﻴﻮﻟﻮﺟﻴﺎ-","",,4,81,,,,
40841,"ﺍﻟﻤﻌﻬﺪ ﺍﻟﻌﺎﻟﻲ ﻟﻠﺒﻴﻮﺗﻜﻨﻮﻟﻮﺟﻴﺎ ﺑﺼﻔﺎﻗﺲ)ﺟﺎﻣﻌﺔ ﺻﻔﺎﻗﺲ(","ﻫﻨﺪﺳﺔ ﺍﻷﺳﺎﻟﻴﺐ ﺍﻟﻐﺬﺍﺋﻴﺔ- ﺍﻟﺘﻐﺬﻳﺔ ﻭﺍﻟﺼﺤﺔ ﺍﻟﺬﻛﻴﺔ- ﺍﻟﺠﻮﺩﺓ ﻭﺍﻟﺴﻼﻣﺔ ﻭﺍﻟﺘﺤﻜﻢ ﻓﻲ ﺍﻟﻤﻨﺘﺠﺎﺕ- ﺍﻟﻐﺬﺍﺋﻴﺔ","",,1,23,,,,
41311,"ﺍﻟﻤﺪﺭﺳﺔ ﺍﻟﻌﻠﻴﺎ ﻟﻠﺘﺠﺎﺭﺓ ﺑﺼﻔﺎﻗﺲ)ﺟﺎﻣﻌﺔ ﺻﻔﺎﻗﺲ(","ﺍﻷﻋﻤﺎﻝ ﺍﻹﻟﻜﺘﺮﻭﻧﻴﺔ-","",,7,5,38,1,48,
41312,"ﺍﻟﻤﺪﺭﺳﺔ ﺍﻟﻌﻠﻴﺎ ﻟﻠﺘﺠﺎﺭﺓ ﺑﺼﻔﺎﻗﺲ)ﺟﺎﻣﻌﺔ ﺻﻔﺎﻗﺲ(","ﺇﻗﺘﺼﺎﺩ ﺍﻷﻋﻤﺎﻝ- ﺍﻟﻨﻘﺪ ﻭﺍﻟﻤﺎﻟﻴﺔ ﻭﺍﻟﺒﻨﻚ ﻭﺍﻟﺘﺄﻣﻴﻦ- ﻋﻠﻢ ﺍﻟﺒﻴﺎﻧﺎﺕ ﻟﻼﻗﺘﺼﺎﺩ ﻭﺍﻟﻤﺎﻟﻴﺔ-","",,30,30,,,140,
41318,"ﺍﻟﻤﺪﺭﺳﺔ ﺍﻟﻌﻠﻴﺎ ﻟﻠﺘﺠﺎﺭﺓ ﺑﺼﻔﺎﻗﺲ)ﺟﺎﻣﻌﺔ ﺻﻔﺎﻗﺲ(","ﺍﻟﺘﺼﺮﻑ ﻓﻲ ﺍﻟﻤﻮﺍﺭﺩ ﺍﻟﺒﺸﺮﻳﺔ- ﺇﺩﺍﺭﺓ ﺍﻷﻋﻤﺎﻝ- ﺍﻟﺘﺴﻮﻳﻖ- ﺍﻟﻤﺎﻟﻴﺔ- ﺍﻟﻤﺤﺎﺳﺒﺔ-","",,30,30,4,1,223,
41512,"ﺍﻟﻤﻌﻬﺪ ﺍﻟﻌﺎﻟﻲ ﻟﻠﺒﻴﻮﺗﻜﻨﻮﻟﻮﺟﻴﺎ ﺑﺼﻔﺎﻗﺲ)ﺟﺎﻣﻌﺔ ﺻﻔﺎﻗﺲ(","ﻋﻠﻮﻡ ﺍﻟﺒﻴﺌﺔ ﻭ ﺍﻟﺤﻠﻮﻝ ﺍﻟﺬﻛﻴﺔ ﺍﻟﻤﺴﺘﺪﺍﻣﺔ-","",,1,23,,,,
41518,"ﺍﻟﻤﻌﻬﺪ ﺍﻟﻌﺎﻟﻲ ﻟﻼﻋﻼﻣﻴﺔ ﻭ ﺍﻟﻤﻠﺘﻤﻴﺪﻳﺎ ﺑﺼﻔﺎﻗﺲ)ﺟﺎﻣﻌﺔ ﺻﻔﺎﻗﺲ(","ﺍﻹﻋﻼﻣﻴﺔ-","",,24,17,28,16,,
41522,"ﺍﻟﻤﻌﻬﺪ ﺍﻟﺘﺤﻀﻴﺮﻱ ﻟﻠﺪﺭﺍﺳﺎﺕ ﺍﻟﻬﻨﺪﺳﻴﺔ ﺑﺼﻔﺎﻗﺲ)ﺟﺎﻣﻌﺔ ﺻﻔﺎﻗﺲ(","ﻛﻴﻤﻴﺎﺀ- ﻓﻴﺰﻳﺎﺀ/ﻓﻴﺰﻳﺎﺀ- ﺭﻳﺎﺿﻴﺎﺕ-","",,170,90,13,,,
41523,"ﺍﻟﻤﻌﻬﺪ ﺍﻟﻌﺎﻟﻲ ﻟﻼﻋﻼﻣﻴﺔ ﻭ ﺍﻟﻤﻠﺘﻤﻴﺪﻳﺎ ﺑﺼﻔﺎﻗﺲ)ﺟﺎﻣﻌﺔ ﺻﻔﺎﻗﺲ(","ﺍﻟﺒﻴﺎﻧﺎﺕ ﺍﻟﻀﺨﻤﺔ ﻭﺗﺤﻠﻴﻞ ﺍﻟﺒﻴﺎﻧﺎﺕ- ﻫﻨﺪﺳﺔ ﺍﻟﺒﺮﻣﺠﻴﺎﺕ ﻭﺍﻷﻧﻈﻤﺔ ﺍﻟﺘﻔﺎﻋﻠﻴﺔ-","",,53,58,185,8,,
41546,"ﺍﻟﻤﻌﻬﺪ ﺍﻟﻌﺎﻟﻲ ﻟﻠﺒﻴﻮﺗﻜﻨﻮﻟﻮﺟﻴﺎ ﺑﺼﻔﺎﻗﺲ)ﺟﺎﻣﻌﺔ ﺻﻔﺎﻗﺲ(","ﺍﻟﺘﺤﺎﻟﻴﻞ ﻭﺍﻟﺘﺠﺎﺭﺏ ﺍﻟﺒﻴﻮﻟﻮﺟﻴﺔ- ﺍﻟﺠﻮﺩﺓ ﻭﺣﻔﻆ ﺍﻟﺼﺤﺔ ﻭﺍﻟﺴﻼﻣﺔ ﺍﻟﺼﺤﻴﺔ- ﺍﻟﺼﻨﺎﻋﺎﺕ ﺍﻟﺤﻴﻮﻳﺔ ﻭﺍﻟﺒﻴﻮﺗﻜﻨﻮﻟﻮﺟﻴﺎ- ﺍﻟﺠﺮﺛﻮﻣﻴﺔ ﺍﻟﺼﻨﺎﻋﺎﺕ ﺍﻟﺼﻴﺪﻻﻧﻴﺔ ﻭﺷﺒﻪ ﺍﻟﺼﻴﺪﻻﻧﻴﺔ -","",,6,94,,,,
41570,"ﺍﻟﻤﻌﻬﺪ ﺍﻟﻌﺎﻟﻲ ﻟﻠﺪﺭﺍﺳﺎﺕ ﺍﻟﺘﻜﻨﻮﻟﻮﺟﻴﺔ ﺑﺼﻔﺎﻗﺲ)ﺍﻹﺩﺍﺭﺓ ﺍﻟﻌﺎﻣﺔ ﻟﻠﺪﺭﺍﺳﺎﺕ ﺍﻟﺘﻜﻨﻮﻟﻮﺟﻴﺔ(","ﺍﻟﻄﺎﻗﻴﺔ- ﺍﻟﻤﻴﻜﺎﺗﺮﻭﻧﻴﻚ ﻭ ﺍﻟﺼﻨﺎﻋﺔ ﺍﻟﺬﻛﻴﺔ- ﺍﻟﺼﻴﺎﻧﺔ ﺍﻟﺼﻨﺎﻋﻴﺔ- ﺍﻟﺒﻨﺎﺀ ﺍﻟﻤﻌﺪﻧﻲ- ﺍﻟﺘﺼﻤﻴﻢ ﻭﺍﻟﺘﺼﻨﻴﻊ ﺍﻟﻤﻴﻜﺎﻧﻴﻜﻲ-","",,3,6,2,125,,
41573,"ﻛﻠﻴﺔ ﺍﻟﻌﻠﻮﻡ ﺑﺼﻔﺎﻗﺲ)ﺟﺎﻣﻌﺔ ﺻﻔﺎﻗﺲ(","ﺍﻟﻤﻌﻠﻮﻣﺎﺕ ﻭﺍﻟﺘﻜﻨﻮﻟﻮﺟﻴﺎﺕ ﺍﻟﻜﻤﻴﺔ-","",,2,14,25,7,,
41597,"ﺍﻟﻤﻌﻬﺪ ﺍﻟﻌﺎﻟﻲ ﻟﻠﺒﻴﻮﺗﻜﻨﻮﻟﻮﺟﻴﺎ ﺑﺼﻔﺎﻗﺲ)ﺟﺎﻣﻌﺔ ﺻﻔﺎﻗﺲ(","ﺍﻷﺳﺎﻟﻴﺐ ﺍﻟﺒﻴﻮﺗﻜﻨﻮﻟﻮﺟﻴﺔ-","",,1,26,,1,,
41629,"ﺍﻟﻤﻌﻬﺪ ﺍﻟﻌﺎﻟﻲ ﻟﻠﺘﺼﺮﻑ ﺍﻟﺼﻨﺎﻋﻲ ﺑﺼﻔﺎﻗﺲ)ﺟﺎﻣﻌﺔ ﺻﻔﺎﻗﺲ(","ﺍﻵﻟﻴﺔ ﻭﺍﻹﻋﻼﻣﻴﺔ ﺍﻟﺼﻨﺎﻋﻴﺔ-","",,6,12,1,54,,
41797,"ﺍﻟﻤﻌﻬﺪ ﺍﻟﻌﺎﻟﻲ ﻟﻌﻠﻮﻡ ﺍﻟﺘﻤﺮﻳﺾ ﺑﺼﻔﺎﻗﺲ)ﺟﺎﻣﻌﺔ ﺻﻔﺎﻗﺲ(","ﻋﻠﻮﻡ ﺍﻟﺘﻤﺮﻳﺾ-","",2,11,83,,,,2
41832,"ﺍﻟﻤﻌﻬﺪ ﺍﻟﺘﺤﻀﻴﺮﻱ ﻟﻠﺪﺭﺍﺳﺎﺕ ﺍﻟﻬﻨﺪﺳﻴﺔ ﺑﺼﻔﺎﻗﺲ)ﺟﺎﻣﻌﺔ ﺻﻔﺎﻗﺲ(","ﺟﻴﻮﻟﻮﺟﻴﺎ- ﺑﻴﻮﻟﻮﺟﻴﺎ-","",,4,74,,,,
42311,"ﺍﻟﻤﻌﻬﺪ ﺍﻟﻌﺎﻟﻲ ﻻﺩﺍﺭﺓ ﺍﻻﻋﻤﺎﻝ ﺑﺼﻔﺎﻗﺲ)ﺟﺎﻣﻌﺔ ﺻﻔﺎﻗﺲ(","ﺍﻷﻋﻤﺎﻝ ﺍﻹﻟﻜﺘﺮﻭﻧﻴﺔ- ﺫﻛﺎﺀ ﺍﻷﻋﻤﺎﻝ-","",,11,8,59,1,71,
42312,"ﺍﻟﻤﻌﻬﺪ ﺍﻟﻌﺎﻟﻲ ﻻﺩﺍﺭﺓ ﺍﻻﻋﻤﺎﻝ ﺑﺼﻔﺎﻗﺲ)ﺟﺎﻣﻌﺔ ﺻﻔﺎﻗﺲ(","ﺇﻗﺘﺼﺎﺩ ﺍﻷﻋﻤﺎﻝ- ﺍﻻﻗﺘﺼﺎﺩ ﺍﻟﺒﻴﺌﻲ ﻭ ﺍﻟﺘﻨﻤﻴﺔ ﺍﻟﻤﺴﺘﺪﺍﻣﺔ- ﻋﻠﻢ ﺍﻟﺒﻴﺎﻧﺎﺕ ﻟﻼﻗﺘﺼﺎﺩ ﻭﺍﻟﻤﺎﻟﻴﺔ-","",,30,30,,,214,
42318,"ﺍﻟﻤﻌﻬﺪ ﺍﻟﻌﺎﻟﻲ ﻻﺩﺍﺭﺓ ﺍﻻﻋﻤﺎﻝ ﺑﺼﻔﺎﻗﺲ)ﺟﺎﻣﻌﺔ ﺻﻔﺎﻗﺲ(","ﺇﺩﺍﺭﺓ ﺍﻷﻋﻤﺎﻝ- ﺍﻟﺘﺴﻮﻳﻖ- ﺍﻟﻤﺎﻟﻴﺔ- ﺍﻟﻤﺤﺎﺳﺒﺔ-","",,30,30,4,1,295,
42523,"ﻛﻠﻴﺔ ﺍﻟﻌﻠﻮﻡ ﺍﻹﻗﺘﺼﺎﺩﻳﺔ ﻭﺍﻟﺘﺼﺮﻑ ﺑﺼﻔﺎﻗﺲ)ﺟﺎﻣﻌﺔ ﺻﻔﺎﻗﺲ(","ﻋﻠﻮﻡ ﻭ ﺗﺤﻠﻴﻞ ﺍﻟﺒﻴﺎﻧﺎﺕ ﺍﻟﻀﺨﻤﺔ-","",,13,14,46,2,,
43312,"ﻣﻌﻬﺪ ﺍﻟﺪﺭﺍﺳﺎﺕ ﺍﻟﻌﻠﻴﺎ ﺍﻟﺘﺠﺎﺭﻳﺔ ﺑﺼﻔﺎﻗﺲ)ﺟﺎﻣﻌﺔ ﺻﻔﺎﻗﺲ(","ﺍﻟﻨﻘﺪ ﻭﺍﻟﻤﺎﻟﻴﺔ ﻭﺍﻟﺒﻨﻚ ﻭﺍﻟﺘﺄﻣﻴﻦ-","",,30,30,,,140,
43318,"ﻣﻌﻬﺪ ﺍﻟﺪﺭﺍﺳﺎﺕ ﺍﻟﻌﻠﻴﺎ ﺍﻟﺘﺠﺎﺭﻳﺔ ﺑﺼﻔﺎﻗﺲ)ﺟﺎﻣﻌﺔ ﺻﻔﺎﻗﺲ(","ﺍﻟﺘﺴﻮﻳﻖ- ﺍﻟﺪﺭﺍﺳﺎﺕ ﺍﻟﺘﺠﺎﺭﻳﺔ ﺍﻟﻌﻠﻴﺎ- ﺍﻟﻤﺎﻟﻴﺔ- ﺍﻟﻤﺤﺎﺳﺒﺔ-","",,30,30,4,1,268,
44311,"ﺍﻟﻤﻌﻬﺪ ﺍﻟﻌﺎﻟﻲ ﻟﻠﺘﺼﺮﻑ ﺍﻟﺼﻨﺎﻋﻲ ﺑﺼﻔﺎﻗﺲ)ﺟﺎﻣﻌﺔ ﺻﻔﺎﻗﺲ(","70 ﺫﻛﺎﺀ ﺍﻷﻋﻤﺎﻝ-","ﺍﻹﺟﺎﺯﺓ ﻓﻲ ﺇﻋﻼﻣﻴﺔ ﺍﻟﺘـﺼـﺮﻑ ﺳﻨﻮﺍﺕ)ﺃﻣﺪ(3",,11,8,59,1,71,
44318,"ﺍﻟﻤﻌﻬﺪ ﺍﻟﻌﺎﻟﻲ ﻟﻠﺪﺭﺍﺳﺎﺕ ﺍﻟﺘﻜﻨﻮﻟﻮﺟﻴﺔ ﺑﺼﻔﺎﻗﺲ)ﺍﻹﺩﺍﺭﺓ ﺍﻟﻌﺎﻣﺔ ﻟﻠﺪﺭﺍﺳﺎﺕ ﺍﻟﺘﻜﻨﻮﻟﻮﺟﻴﺔ(","ﺍﻟﺘﺴﻮﻳﻖ ﺍﻟﺮﻗﻤﻲ- ﺍﻟﺘﺼﺮﻑ ﺍﻟﺼﻨﺎﻋﻲ- ﺍﻟﺘﺼﺮﻑ ﻓﻲ ﺍﻟﺠﻮﺩﺓ ﻭﺍﻟﺼﺤﺔ ﻭﺍﻟﺴﻼﻣﺔ- ﻭﺍﻟﺒﻴﺌﺔ ﺍﻟﻠﻮﺟﺴﺘﻴﺔ ﻭﺍﻟﻨﻘﻞ - ﺗﻘﻨﻴﺎﺕ ﺍﻟﺒﻴﻊ ﻭﺍﻟﻌﻼﻗﺔ ﻣﻊ ﺍﻟﺤﺮﻓﺎﺀ- ﺗﻘﻨﻴﺎﺕ ﺍﻟﻤﺤﺎﺳﺒﺔ ﻭﺍﻟﻤﺮﺍﻗﺒﺔ ﻭﺍﻟﺘﺪﻗﻴﻖ-","",,6,3,2,1,178,
50101,"ﺍﻟﻤﻌﻬﺪ ﺍﻟﻌﺎﻟﻲ ﻟﻠﻐﺎﺕ ﺑﻘﺎﺑﺲ)ﺟﺎﻣﻌﺔ ﻗﺎﺑﺲ(","ﺍﻟﻠﻐﺔ ﻭﺍﻵﺩﺍﺏ ﻭﺍﻟﺤﻀﺎﺭﺓ ﺍﻟﻌﺮﺑﻴﺔ-","",43,1,1,1,,8,
50102,"ﺍﻟﻤﻌﻬﺪ ﺍﻟﻌﺎﻟﻲ ﻟﻠﻐﺎﺕ ﺑﻘﺎﺑﺲ)ﺟﺎﻣﻌﺔ ﻗﺎﺑﺲ(","ﺍﻟﻠﻐﺔ ﻭﺍﻵﺩﺍﺏ ﻭﺍﻟﺤﻀﺎﺭﺓ ﺍﻹﻧﻘﻠﻴﺰﻳﺔ-","",91,1,1,1,1,36,1
50103,"ﺍﻟﻤﻌﻬﺪ ﺍﻟﻌﺎﻟﻲ ﻟﻠﻐﺎﺕ ﺑﻘﺎﺑﺲ)ﺟﺎﻣﻌﺔ ﻗﺎﺑﺲ(","ﺍﻟﻠﻐﺔ ﻭﺍﻵﺩﺍﺏ ﻭﺍﻟﺤﻀﺎﺭﺓ ﺍﻟﻔﺮﻧﺴﻴﺔ-","",56,1,1,1,1,10,1
50104,"ﺍﻟﻤﻌﻬﺪ ﺍﻟﻌﺎﻟﻲ ﻟﻠﻐﺎﺕ ﺑﻘﺎﺑﺲ)ﺟﺎﻣﻌﺔ ﻗﺎﺑﺲ(","ﺍﻟﻠﻐﺔ ﻭﺍﻵﺩﺍﺏ ﻭﺍﻟﺤﻀﺎﺭﺓ ﺍﻹﺳﺒﺎﻧﻴﺔ-","",25,1,1,1,1,6,1
50105,"ﺍﻟﻤﻌﻬﺪ ﺍﻟﻌﺎﻟﻲ ﻟﻠﻐﺎﺕ ﺑﻘﺎﺑﺲ)ﺟﺎﻣﻌﺔ ﻗﺎﺑﺲ(","13 ﺍﻟﻠﻐﺔ ﻭﺍﻵﺩﺍﺏ ﻭﺍﻟﺤﻀﺎﺭﺓ ﺍﻹﻳﻄﺎﻟﻴﺔ-","ﺍﻹﺟﺎﺯﺓ ﻓﻲ ﺍﻹﻳﻄﺎﻟﻴﺔ ﺳﻨﻮﺍﺕ)ﺃﻣﺪ(3 ﺇﻳﻄﺎﻟﻴﺔ ﺇﺟﺒﺎﺭﻳﺔ",26,1,1,1,1,6,1
50106,"ﺍﻟﻤﻌﻬﺪ ﺍﻟﻌﺎﻟﻲ ﻟﻠﻐﺎﺕ ﺑﻘﺎﺑﺲ)ﺟﺎﻣﻌﺔ ﻗﺎﺑﺲ(","ﺍﻟﻠﻐﺔ ﻭﺍﻵﺩﺍﺏ ﻭﺍﻟﺤﻀﺎﺭﺓ ﺍﻷﻟﻤﺎﻧﻴﺔ-","",22,1,1,1,1,9,1
50162,"ﺍﻟﻤﻌﻬﺪ ﺍﻟﻌﺎﻟﻲ ﻟﻠﻔﻨﻮﻥ ﻭ ﺍﻟﺤﺮﻑ ﺑﻘﺎﺑﺲ)ﺟﺎﻣﻌﺔ ﻗﺎﺑﺲ(","ﺍﻟﺤﺠﺎﺭﺓ ﻭﻣﺸﺘﻘﺎﺗﻬﺎ : ﺍﻷﺳﻄﺢ ﺍﻟﻤﺰﺧﺮﻓﺔ-","",13,1,1,1,1,13,1
50201,"ﺍﻟﻤﻌﻬﺪ ﺍﻟﻌﺎﻟﻲ ﻟﻠﻔﻨﻮﻥ ﻭ ﺍﻟﺤﺮﻑ ﺑﻘﺎﺑﺲ)ﺟﺎﻣﻌﺔ ﻗﺎﺑﺲ(","ﺍﻟﻤﻮﺳﻴﻘﻰ ﻭ ﺍﻟﻌﻠﻮﻡ ﺍﻟﻤﻮﺳﻴﻘﻴﺔ-","",7,1,1,2,1,15,2
50202,"ﺍﻟﻤﻌﻬﺪ ﺍﻟﻌﺎﻟﻲ ﻟﻠﻔﻨﻮﻥ ﻭ ﺍﻟﺤﺮﻑ ﺑﻘﺎﺑﺲ)ﺟﺎﻣﻌﺔ ﻗﺎﺑﺲ(","ﺻﻮﺭﺓ ﻭﺗﻘﻨﻴﺎﺕ ﺍﻟﺴﻤﻌﻲ ﺍﻟﺒﺼﺮﻱ- ﺧﺰﻑ- ﻧﺤﺖ-","",37,4,4,7,4,28,7
50207,"ﺍﻟﻤﻌﻬﺪ ﺍﻟﻌﺎﻟﻲ ﻟﻠﻔﻨﻮﻥ ﻭ ﺍﻟﺤﺮﻑ ﺑﻘﺎﺑﺲ)ﺟﺎﻣﻌﺔ ﻗﺎﺑﺲ(","ﻫﻨﺪﺳﺔ ﺩﺍﺧﻠﻴﺔ-","",11,3,5,20,31,67,1
50301,"ﺍﻟﻤﻌﻬﺪ ﺍﻟﻌﺎﻟﻲ ﻟﻠﺪﺭﺍﺳﺎﺕ ﺍﻟﻘﺎﻧﻮﻧﻴﺔ ﺑﻘﺎﺑﺲ)ﺟﺎﻣﻌﺔ ﻗﺎﺑﺲ(","ﺍﻟﻘﺎﻧﻮﻥ ﺍﻟﺨﺎﺹ- ﺍﻟﻘﺎﻧﻮﻥ ﺍﻟﻌﺎﻡ-","",138,6,9,1,1,58,8
50311,"ﺍﻟﻤﻌﻬﺪ ﺍﻟﻌﺎﻟﻲ ﻟﻠﺘﺼﺮﻑ ﺑﻘﺎﺑﺲ)ﺟﺎﻣﻌﺔ ﻗﺎﺑﺲ(","ﺍﻷﻋﻤﺎﻝ ﺍﻹﻟﻜﺘﺮﻭﻧﻴﺔ- ﺫﻛﺎﺀ ﺍﻷﻋﻤﺎﻝ- ﻧﻈﻢ ﻣﻌﻠﻮﻣﺎﺕ ﺍﻷﻋﻤﺎﻝ-","",,15,11,78,2,95,
50312,"ﺍﻟﻤﻌﻬﺪ ﺍﻟﻌﺎﻟﻲ ﻟﻠﺘﺼﺮﻑ ﺑﻘﺎﺑﺲ)ﺟﺎﻣﻌﺔ ﻗﺎﺑﺲ(","ﺍﻟﺘﺠﺎﺭﺓ ﻭﺍﻟﻤﺎﻟﻴﺔ ﺍﻟﺪﻭﻟﻴﺔ- ﺇﻗﺘﺼﺎﺩ ﺍﻷﻋﻤﺎﻝ- ﺍﻟﻨﻘﺪ ﻭﺍﻟﻤﺎﻟﻴﺔ ﻭﺍﻟﺒﻨﻚ ﻭﺍﻟﺘﺄﻣﻴﻦ- ﻋﻠﻢ ﺍﻟﺒﻴﺎﻧﺎﺕ ﻟﻼﻗﺘﺼﺎﺩ ﻭﺍﻟﻤﺎﻟﻴﺔ-","",,30,30,,,233,
50318,"ﺍﻟﻤﻌﻬﺪ ﺍﻟﻌﺎﻟﻲ ﻟﻠﺘﺼﺮﻑ ﺑﻘﺎﺑﺲ)ﺟﺎﻣﻌﺔ ﻗﺎﺑﺲ(","63 ﺍﻟﺘﺼﺮﻑ ﻓﻲ ﺍﻟﻤﻮﺍﺭﺩ ﺍﻟﺒﺸﺮﻳﺔ- ﺇﺩﺍﺭﺓ ﺍﻷﻋﻤﺎﻝ- ﺍﻟﺘﺴﻮﻳﻖ- ﺍﻟﻠﻮﺟﺴﺘﻴﺔ ﻭ ﺍﻻﻧﺘﺎﺝ- ﺍﻟﻤﺎﻟﻴﺔ- ﺍﻟﻤﺤﺎﺳﺒﺔ-","ﺍﻹﺟﺎﺯﺓ ﻓﻲ ﻋﻠﻮﻡ ﺍﻟﺘﺼﺮﻑ ﺳﻨﻮﺍﺕ)ﺃﻣﺪ(3",,30,30,4,1,268,
50477,"ﺍﻟﻤﻌﻬﺪ ﺍﻟﻌﺎﻟﻲ ﻟﻠﻐﺎﺕ ﺑﻘﺎﺑﺲ)ﺟﺎﻣﻌﺔ ﻗﺎﺑﺲ(","30 ﺍﻟﺘﺮﺑﻴﺔ ﻭﺍﻟﺘﻌﻠﻴﻢ-","ﺍﻹﺟﺎﺯﺓ ﻓﻲ ﺍﻟﺘﺮﺑﻴﺔ ﻭﺍﻟﺘﻌﻠﻴﻢ ﺳﻨﻮﺍﺕ)ﺃﻣﺪ(3 ﺳﻨﺔ ﻓﻲ ﻏﺮﺓ21 ﺍﻟﺴﻦ ﺍﻟﻘﺼﻮﻯ ﺃﻛﺘﻮﺑﺮ ﺷﻌﺒﺔ ﺗﺘﻄﻠﺐ ﺍﺧﺘﺒﺎﺭ",35,12,12,2,3,7,
50501,"ﻛﻠﻴﺔ ﺍﻟﻌﻠﻮﻡ ﺑﻘﺎﺑﺲ)ﺟﺎﻣﻌﺔ ﻗﺎﺑﺲ(","ﺍﻟﻜﻴﻤﻴﺎﺀ ﺍﻟﺘﻄﺒﻴﻘﻴﺔ ﻭﺍﻟﺒﻴﺌﺔ- ﻛﻴﻤﻴﺎﺀ ﺍﻟﻤﻮﺍﺩ-","",,4,50,,3,,
50503,"ﻛﻠﻴﺔ ﺍﻟﻌﻠﻮﻡ ﺑﻘﺎﺑﺲ)ﺟﺎﻣﻌﺔ ﻗﺎﺑﺲ(","ﻋﻠﻮﻡ ﺍﻟﻨﺎﻧﻮ ﻭﺍﻟﺘﻜﻨﻮﻟﻮﺟﻴﺎﺕ ﺍﻟﻤﺘﻘﺪﻣﺔ-","",,4,35,,5,,
50505,"ﻛﻠﻴﺔ ﺍﻟﻌﻠﻮﻡ ﺑﻘﺎﺑﺲ)ﺟﺎﻣﻌﺔ ﻗﺎﺑﺲ(","ﻋﻠﻢ ﺍﻟﺒﻴﺎﻧﺎﺕ-","",,22,12,4,7,,
50507,"ﻛﻠﻴﺔ ﺍﻟﻌﻠﻮﻡ ﺑﻘﺎﺑﺲ)ﺟﺎﻣﻌﺔ ﻗﺎﺑﺲ(","ﺍﻻﻋﻼﻣﻴﺔ- ﺍﻟﺮﻳﺎﺿﻴﺎﺕ-","",,32,9,1,1,,
50509,"ﻛﻠﻴﺔ ﺍﻟﻌﻠﻮﻡ ﺑﻘﺎﺑﺲ)ﺟﺎﻣﻌﺔ ﻗﺎﺑﺲ(","ﺍﻟﺒﻴﻮﻟﻮﺟﻴﺎ ﺍﻟﺠﺰﺋﻴﺔ ﻭﺍﻟﺨﻠﻮﻳﺔ-","",,3,40,,,,
50510,"ﻛﻠﻴﺔ ﺍﻟﻌﻠﻮﻡ ﺑﻘﺎﺑﺲ)ﺟﺎﻣﻌﺔ ﻗﺎﺑﺲ(","ﺍﻟﻤﻮﺍﺩ ﺍﻟﺠﻴﻮﻟﻮﺟﻴﺔ ﻭﺍﻻﺳﺘﺪﺍﻣﺔ- ﻋﻠﻮﻡ ﺍﻷﺭﺽ ﺍﻟﺮﻗﻤﻴﺔ-","",,3,50,,3,,
50512,"ﻛﻠﻴﺔ ﺍﻟﻌﻠﻮﻡ ﺑﻘﺎﺑﺲ)ﺟﺎﻣﻌﺔ ﻗﺎﺑﺲ(","ﺍﻟﺰﺭﺍﻋﺔ ﺍﻟﺬﻛﻴﺔ-","",,4,53,,,,
50513,"ﻛﻠﻴﺔ ﺍﻟﻌﻠﻮﻡ ﺑﻘﺎﺑﺲ)ﺟﺎﻣﻌﺔ ﻗﺎﺑﺲ(","ﻋﻠﻮﻡ ﺍﻟﺤﻴﺎﺓ ﻭﺍﻷﺭﺽ-","",,4,53,,,,
50518,"ﺍﻟﻤﻌﻬﺪ ﺍﻟﻌﺎﻟﻲ ﻟﻺﻋﻼﻣﻴﺔ ﻭ ﺍﻟﻤﻠﺘﻴﻤﻴﺪﻳﺎ ﺑﻘﺎﺑﺲ)ﺟﺎﻣﻌﺔ ﻗﺎﺑﺲ(","ﺍﻹﻋﻼﻣﻴﺔ-","",,24,17,28,16,,
50522,"ﺍﻟﻤﻌﻬﺪ ﺍﻟﺘﺤﻀﻴﺮﻱ ﻟﻠﺪﺭﺍﺳﺎﺕ ﺍﻟﻬﻨﺪﺳﻴﺔ ﺑﻘﺎﺑﺲ)ﺟﺎﻣﻌﺔ ﻗﺎﺑﺲ(","114 ﻛﻴﻤﻴﺎﺀ- ﻓﻴﺰﻳﺎﺀ/ﻓﻴﺰﻳﺎﺀ- ﺭﻳﺎﺿﻴﺎﺕ-","ﻣﺮﺣﻠﺔ ﺗﺤﻀﻴﺮﻳﺔ ﻋﻠﻤﻴﺔ ﺳﻨﺘﺎﻥ",,120,90,8,,,
50523,"ﻛﻠﻴﺔ ﺍﻟﻌﻠﻮﻡ ﺑﻘﺎﺑﺲ)ﺟﺎﻣﻌﺔ ﻗﺎﺑﺲ(","ﻫﻨﺪﺳﺔ ﺍﻟﺒﺮﻣﺠﻴﺎﺕ ﻭﻧﻈﻢ ﺍﻟﻤﻌﻠﻮﻣﺎﺕ-","",,35,38,121,5,,
50524,"ﻛﻠﻴﺔ ﺍﻟﻌﻠﻮﻡ ﺑﻘﺎﺑﺲ)ﺟﺎﻣﻌﺔ ﻗﺎﺑﺲ(","ﻫﻨﺪﺳﺔ ﺍﻟﺸﺒﻜﺎﺕ ﻭﺍﻟﻨﻈﻢ-","",,25,28,85,4,,
50532,"ﺍﻟﻤﻌﻬﺪ ﺍﻟﺘﺤﻀﻴﺮﻱ ﻟﻠﺪﺭﺍﺳﺎﺕ ﺍﻟﻬﻨﺪﺳﻴﺔ ﺑﻘﺎﺑﺲ)ﺟﺎﻣﻌﺔ ﻗﺎﺑﺲ(","ﺗﻜﻨﻮﻟﻮﺟﻴﺎ-","",,,,,77,,
50546,"ﻛﻠﻴﺔ ﺍﻟﻌﻠﻮﻡ ﺑﻘﺎﺑﺲ)ﺟﺎﻣﻌﺔ ﻗﺎﺑﺲ(","ﺗﺤﺎﻟﻴﻞ ﻭﺗﺠﺎﺭﺏ ﺑﻴﻮﻟﻮﺟﻴﺔ-","",,4,67,,,,
50552,"ﻛﻠﻴﺔ ﺍﻟﻌﻠﻮﻡ ﺑﻘﺎﺑﺲ)ﺟﺎﻣﻌﺔ ﻗﺎﺑﺲ(","ﺍﻟﻘﻴﺎﺱ ﻭ ﺻﻴﺎﻧﺔ ﺍﻷﺟﻬﺰﺓ ﺍﻟﻄﺒﻴﺔ-","ﺍﻹﺟﺎﺯﺓ ﻓﻲ ﺍﻟﻘﻴﺎﺱ ﻭ ﺻﻴﺎﻧﺔ ﺍﻷﺟﻬﺰﺓ ﺍﻟﻄﺒﻴﺔ ﺳﻨﻮﺍﺕ)ﺃﻣﺪ(3",,6,52,4,14,,
50566,"ﺍﻟﻤﻌﻬﺪ ﺍﻟﻌﺎﻟﻲ ﻟﻠﺪﺭﺍﺳﺎﺕ ﺍﻟﺘﻜﻨﻮﻟﻮﺟﻴﺔ ﺑﻘﺎﺑﺲ)ﺍﻹﺩﺍﺭﺓ ﺍﻟﻌﺎﻣﺔ ﻟﻠﺪﺭﺍﺳﺎﺕ ﺍﻟﺘﻜﻨﻮﻟﻮﺟﻴﺔ(","ﺗﻄﻮﻳﺮ ﺍﻟﺒﺮﻣﺠﻴﺎﺕ ﻷﻧﺘﺮﻧﺖ ﺍﻷﺷﻴﺎﺀ - ﺗﻄﻮﻳﺮ ﺍﻟﺒﺮﻣﺠﻴﺎﺕ- ﺍﻟﺒﻴﺎﻧﺎﺕ ﺍﻟﺬﻛﻴﺔ- ﺍﻟﺸﺒﻜﺎﺕ ﻭﺍﻟﺤﻮﺳﺒﺔ ﺍﻟﺴﺤﺎﺑﻴﺔ-","ﺍﻹﺟﺎﺯﺓ ﻓﻲ ﺗﻜﻨﻮﻟﻮﺟﻴﺎﺕ ﺍﻹﻋﻼﻣﻴﺔ ﺳﻨﻮﺍﺕ)ﺃﻣﺪ(3",,9,21,55,9,19,
50568,"ﺍﻟﻤﻌﻬﺪ ﺍﻟﻌﺎﻟﻲ ﻟﻠﻌﻠﻮﻡ ﺍﻟﺘﻄﺒﻴﻘﻴﺔ ﻭ ﺍﻟﺘﻜﻨﻮﻟﻮﺟﻴﺎ ﺑﻘﺎﺑﺲ)ﺟﺎﻣﻌﺔ ﻗﺎﺑﺲ(","ﺃﺷﻐﺎﻝ ﻋﻤﻮﻣﻴﺔ- ﺍﻟﺒﻨﺎﺀ-","",,1,2,1,54,,
50570,"ﺍﻟﻤﻌﻬﺪ ﺍﻟﻌﺎﻟﻲ ﻟﻠﻌﻠﻮﻡ ﺍﻟﺘﻄﺒﻴﻘﻴﺔ ﻭ ﺍﻟﺘﻜﻨﻮﻟﻮﺟﻴﺎ ﺑﻘﺎﺑﺲ)ﺟﺎﻣﻌﺔ ﻗﺎﺑﺲ(","ﺍﻟﻄﺎﻗﻴﺔ- ﺍﻻﻧﺘﺎﺟﻴﺔ-","",,1,2,1,54,,
50571,"ﺍﻟﻤﻌﻬﺪ ﺍﻟﻌﺎﻟﻲ ﻟﻠﺪﺭﺍﺳﺎﺕ ﺍﻟﺘﻜﻨﻮﻟﻮﺟﻴﺔ ﺑﻘﺎﺑﺲ)ﺍﻹﺩﺍﺭﺓ ﺍﻟﻌﺎﻣﺔ ﻟﻠﺪﺭﺍﺳﺎﺕ ﺍﻟﺘﻜﻨﻮﻟﻮﺟﻴﺔ(","ﺍﻷﺗﻤﺘﺔ ﻭﺍﻹﻋﻼﻣﻴﺔ ﺍﻟﺼﻨﺎﻋﻴﺔ- ﻛﻬﺮﺑﺎﺀ ﺻﻨﺎﻋﻴﺔ ﻭﻃﺎﻗﺎﺕ ﻣﺘﺠﺪﺩﺓ-","",,2,4,1,94,,
50573,"ﺍﻟﻤﻌﻬﺪ ﺍﻟﻌﺎﻟﻲ ﻟﻺﻋﻼﻣﻴﺔ ﻭ ﺍﻟﻤﻠﺘﻴﻤﻴﺪﻳﺎ ﺑﻘﺎﺑﺲ)ﺟﺎﻣﻌﺔ ﻗﺎﺑﺲ(","ﺍﻹﻟﻜﺘﺮﻭﻧﻴﻚ ﻭﺍﻟﺘﻜﻨﻮﻟﻮﺟﻴﺎﺕ ﺍﻟﺬﻛﻴﺔ- ﺍﻟﺸﺒﻜﺎﺕ ﻭﺍﻻﺗﺼﺎﻻﺕ-","",,13,18,59,6,,
50588,"ﻛﻠﻴﺔ ﺍﻟﻌﻠﻮﻡ ﺑﻘﺎﺑﺲ)ﺟﺎﻣﻌﺔ ﻗﺎﺑﺲ(","ﺍﻟﺒﻴﺎﻧﺎﺕ ﺍﻟﻀﺨﻤﺔ ﻭﺗﺤﻠﻴﻞ ﺍﻟﺒﻴﺎﻧﺎﺕ-","",,7,7,23,1,,
50597,"ﺍﻟﻤﻌﻬﺪ ﺍﻟﻌﺎﻟﻲ ﻟﻠﺪﺭﺍﺳﺎﺕ ﺍﻟﺘﻜﻨﻮﻟﻮﺟﻴﺔ ﺑﻘﺎﺑﺲ)ﺍﻹﺩﺍﺭﺓ ﺍﻟﻌﺎﻣﺔ ﻟﻠﺪﺭﺍﺳﺎﺕ ﺍﻟﺘﻜﻨﻮﻟﻮﺟﻴﺔ(","ﺃﺳﺎﻟﻴﺐ ﻛﻴﻤﻴﺎﺋﻴﺔ-","",,2,33,,1,,
50600,"ﺍﻟﻤﻌﻬﺪ ﺍﻟﻌﺎﻟﻲ ﻟﻠﺪﺭﺍﺳﺎﺕ ﺍﻟﺘﻜﻨﻮﻟﻮﺟﻴﺔ ﺑﻘﺎﺑﺲ)ﺍﻹﺩﺍﺭﺓ ﺍﻟﻌﺎﻣﺔ ﻟﻠﺪﺭﺍﺳﺎﺕ ﺍﻟﺘﻜﻨﻮﻟﻮﺟﻴﺔ(","ﺍﻟﺘﻘﻨﻴﺎﺕ ﺍﻟﺒﻴﺌﻴﺔ ﻭﺍﻟﺴﻼﻣﺔ ﺍﻟﺼﻨﺎﻋﻴﺔ-","",,2,24,,11,,
50603,"ﺍﻟﻤﻌﻬﺪ ﺍﻟﻌﺎﻟﻲ ﻟﻠﻌﻠﻮﻡ ﺍﻟﺘﻄﺒﻴﻘﻴﺔ ﻭ ﺍﻟﺘﻜﻨﻮﻟﻮﺟﻴﺎ ﺑﻘﺎﺑﺲ)ﺟﺎﻣﻌﺔ ﻗﺎﺑﺲ(","ﺍﻟﻄﺎﻗﺔ ﻭﺍﻟﺒﻴﺌﺔ-","",,1,19,,9,,
50615,"ﺍﻟﻤﻌﻬﺪ ﺍﻟﻌﺎﻟﻲ ﻟﻌﻠﻮﻡ ﻭ ﺗﻘﻨﻴﺎﺕ ﺍﻟﻤﻴﺎﻩ ﺑﻘﺎﺑﺲ)ﺟﺎﻣﻌﺔ ﻗﺎﺑﺲ(","ﺍﻟﺘﻨﻘﻴﺐ ﻭﺍﻟﺘﺠﻬﻴﺰﺍﺕ ﺍﻟﻤﺎﺋﻴﺔ- ﺗﻬﻴﺌﺔ ﻭﺇﺩﺍﺭﺓ ﺍﻟﻤﻮﺍﺭﺩ ﺍﻟﻤﺎﺋﻴﺔ-","ﺍﻹﺟﺎﺯﺓ ﻓﻲ ﺍﻟﻬﻨﺪﺳﺔ ﺍﻟﻤﺎﺋﻴﺔ ﺳﻨﻮﺍﺕ)ﺃﻣﺪ(3",,21,43,,26,,
50622,"ﺍﻟﻤﻌﻬﺪ ﺍﻟﻌﺎﻟﻲ ﻟﻺﻋﻼﻣﻴﺔ ﻭ ﺍﻟﻤﻠﺘﻴﻤﻴﺪﻳﺎ ﺑﻘﺎﺑﺲ)ﺟﺎﻣﻌﺔ ﻗﺎﺑﺲ(","ﺍﻟﺘﻮﺍﺻﻞ ﻣﺘﻌﺪﺩ ﺍﻟﻮﺳﺎﺋﻂ-","",3,6,9,47,7,18,
50629,"ﻛﻠﻴﺔ ﺍﻟﻌﻠﻮﻡ ﺑﻘﺎﺑﺲ)ﺟﺎﻣﻌﺔ ﻗﺎﺑﺲ(","ﺍﻟﻨﻈﻢ ﺍﻟﻤﺤﻤﻮﻟﺔ ﻭﺍﻟﺘﻘﻨﻴﺎﺕ ﺍﻟﻤﺘﻘﺪﻣﺔ-","",,12,21,2,94,,
50674,"ﺍﻟﻤﻌﻬﺪ ﺍﻟﻌﺎﻟﻲ ﻟﻠﻤﻨﻈﻮﻣﺎﺕ ﺍﻟﺼﻨﺎﻋﻴﺔ ﺑﻘﺎﺑﺲ)ﺟﺎﻣﻌﺔ ﻗﺎﺑﺲ(","110 ﺍﻟﺘﻨﻘﻞ ﺍﻟﺬﻛﻲ- ﺍﻟﻤﻴﻜﺎﺗﺮﻭﻧﻴﻚ ﺍﻟﻤﺘﻘﺪﻡ- ﺍﺧﺘﻴﺎﺭﺍﺕ ﻋﻠﻰ ﺍﻷﻗﻞ06ﻳﺘﻌﻴﻦ ﻋﻠﻰ ﻛﻞ ﻣﺘﺮﺷﺢ ﺗﻌﻤﻴﺮ","",,5,13,1,37,,
50797,"ﺍﻟﻤﻌﻬﺪ ﺍﻟﻌﺎﻟﻲ ﻟﻌﻠﻮﻡ ﺍﻟﺘﻤﺮﻳﺾ ﺑﻘﺎﺑﺲ)ﺟﺎﻣﻌﺔ ﻗﺎﺑﺲ(","122 ﻋﻠﻮﻡ ﺍﻟﺘﻤﺮﻳﺾ-","ﺍﻹﺟﺎﺯﺓ ﻓﻲ ﻋﻠﻮﻡ ﺍﻟﺘﻤﺮﻳﺾ ﺳﻨﻮﺍﺕ)ﺃﻣﺪ(3 (+)ﻋﻠﻮﻡ ﺍﻟﺤﻴﺎﺓ ﻭﺍﻷﺭﺽ ﺇﺟﺒﺎﺭﻳﺔ",1,4,31,,,,1
50832,"ﺍﻟﻤﻌﻬﺪ ﺍﻟﺘﺤﻀﻴﺮﻱ ﻟﻠﺪﺭﺍﺳﺎﺕ ﺍﻟﻬﻨﺪﺳﻴﺔ ﺑﻘﺎﺑﺲ)ﺟﺎﻣﻌﺔ ﻗﺎﺑﺲ(","116 ﺟﻴﻮﻟﻮﺟﻴﺎ- ﺑﻴﻮﻟﻮﺟﻴﺎ- ﺍﺧﺘﻴﺎﺭﺍﺕ ﻋﻠﻰ ﺍﻷﻗﻞ06ﻳﺘﻌﻴﻦ ﻋﻠﻰ ﻛﻞ ﻣﺘﺮﺷﺢ ﺗﻌﻤﻴﺮ","",,3,47,,,,
51318,"ﺍﻟﻤﻌﻬﺪ ﺍﻟﻌﺎﻟﻲ ﻟﻠﺪﺭﺍﺳﺎﺕ ﺍﻟﺘﻜﻨﻮﻟﻮﺟﻴﺔ ﺑﻘﺎﺑﺲ)ﺍﻹﺩﺍﺭﺓ ﺍﻟﻌﺎﻣﺔ ﻟﻠﺪﺭﺍﺳﺎﺕ ﺍﻟﺘﻜﻨﻮﻟﻮﺟﻴﺔ(","ﺍﻟﺘﻘﻨﻴﺎﺕ ﺍﻟﻤﺎﻟﻴﺔ- ﺗﻘﻨﻴﺎﺕ ﺍﻟﺒﻴﻊ ﻭﺍﻟﻌﻼﻗﺔ ﻣﻊ ﺍﻟﺤﺮﻓﺎﺀ- ﺗﻘﻨﻴﺎﺕ ﺍﻟﻤﺤﺎﺳﺒﺔ ﻭﺍﻟﻤﺮﺍﻗﺒﺔ ﻭﺍﻟﺘﺪﻗﻴﻖ-","",,4,2,1,1,125,
51523,"ﺍﻟﻤﻌﻬﺪ ﺍﻟﻌﺎﻟﻲ ﻟﻺﻋﻼﻣﻴﺔ ﻭ ﺍﻟﻤﻠﺘﻴﻤﻴﺪﻳﺎ ﺑﻘﺎﺑﺲ)ﺟﺎﻣﻌﺔ ﻗﺎﺑﺲ(","ﻫﻨﺪﺳﺔ ﺍﻟﺒﺮﻣﺠﻴﺎﺕ ﻭﺍﻷﻧﻈﻤﺔ ﺍﻟﺬﻛﻴﺔ-","",,20,21,70,3,,
51524,"ﺍﻟﻤﻌﻬﺪ ﺍﻟﻌﺎﻟﻲ ﻟﻺﻋﻼﻣﻴﺔ ﻭ ﺍﻟﻤﻠﺘﻴﻤﻴﺪﻳﺎ ﺑﻘﺎﺑﺲ)ﺟﺎﻣﻌﺔ ﻗﺎﺑﺲ(","ﺍﻟﻨﻈﻢ ﺍﻟﻤﺤﻤﻮﻟﺔ ﻭﺍﻧﺘﺮﻧﺎﺕ ﺍﻷﺷﻴﺎﺀ-","",,20,22,67,3,,
51597,"ﺍﻟﻤﻌﻬﺪ ﺍﻟﻌﺎﻟﻲ ﻟﻠﻌﻠﻮﻡ ﺍﻟﺘﻄﺒﻴﻘﻴﺔ ﻭ ﺍﻟﺘﻜﻨﻮﻟﻮﺟﻴﺎ ﺑﻘﺎﺑﺲ)ﺟﺎﻣﻌﺔ ﻗﺎﺑﺲ(","ﺍﻷﺳﺎﻟﻴﺐ ﺍﻟﺼﻨﺎﻋﻴﺔ ﺍﻟﺬﻛﻴﺔ ﻭﺍﻟﻤﺴﺘﺪﺍﻣﺔ- ﺍﻟﺠﻮﺩﺓ، ﺣﻔﻆ ﺍﻟﺼﺤﺔ، ﺍﻟﺴﻼﻣﺔ ﻭﺍﻟﺒﻴﺌﺔ-","",,3,39,,1,,
51622,"ﺍﻟﻤﻌﻬﺪ ﺍﻟﻌﺎﻟﻲ ﻟﻠﻔﻨﻮﻥ ﻭ ﺍﻟﺤﺮﻑ ﺑﻘﺎﺑﺲ)ﺟﺎﻣﻌﺔ ﻗﺎﺑﺲ(","53 ﺗﺼﻤﻴﻢ ﻭ ﻭﺳﺎﺋﻂ ﺭﻗﻤﻴﺔ- ﺍﺧﺘﻴﺎﺭﺍﺕ ﻋﻠﻰ ﺍﻷﻗﻞ06ﻳﺘﻌﻴﻦ ﻋﻠﻰ ﻛﻞ ﻣﺘﺮﺷﺢ ﺗﻌﻤﻴﺮ","",4,6,9,52,8,20,
51629,"ﺍﻟﻤﻌﻬﺪ ﺍﻟﻌﺎﻟﻲ ﻟﻠﻌﻠﻮﻡ ﺍﻟﺘﻄﺒﻴﻘﻴﺔ ﻭ ﺍﻟﺘﻜﻨﻮﻟﻮﺟﻴﺎ ﺑﻘﺎﺑﺲ)ﺟﺎﻣﻌﺔ ﻗﺎﺑﺲ(","107 ﺍﻹﻟﻜﺘﺮﻭﻧﻴﻚ ﻭﺍﻹﻋﻼﻣﻴﺔ ﺍﻟﺼﻨﺎﻋﻴﺔ-","ﺍﻹﺟﺎﺯﺓ ﻓﻲ ﺍﻹﻟﻜﺘﺮﻭﻧﻴﻚ ﻭﺍﻟﻜﻬﺮﻭﺗﻘﻨﻴﺔ ﻭﺍﻵﻟﻴﺔ ﺳﻨﻮﺍﺕ)ﺃﻣﺪ(3",,5,9,1,42,,
51797,"ﺍﻟﻤﻌﻬﺪ ﺍﻟﻌﺎﻟﻲ ﻟﻌﻠﻮﻡ ﺍﻟﺘﻤﺮﻳﺾ ﺑﻘﺎﺑﺲ)ﺟﺎﻣﻌﺔ ﻗﺎﺑﺲ(","ﻋﻠﻮﻡ ﺍﻟﺘﻤﺮﻳﺾ-","ﺗﺮﺑﻴﺔ ﺑﺪﻧﻴﺔ ﺇﺟﺒﺎﺭﻳﺔ ﻟﻜﻞ ﺍﻟﺸﻌﺐ ﺷﻌﺒﺔ ﺗﺘﻄﻠﺐ ﺍﺧﺘﺒﺎﺭ",1,4,31,,,,1
52570,"ﺍﻟﻤﻌﻬﺪ ﺍﻟﻌﺎﻟﻲ ﻟﻠﻤﻨﻈﻮﻣﺎﺕ ﺍﻟﺼﻨﺎﻋﻴﺔ ﺑﻘﺎﺑﺲ)ﺟﺎﻣﻌﺔ ﻗﺎﺑﺲ(","ﺍﻟﻄﺎﻗﺔ ﺍﻟﺼﻨﺎﻋﻴﺔ- ﺍﻟﺼﻴﺎﻧﺔ ﺍﻟﺼﻨﺎﻋﻴﺔ- ﺍﻟﺒﻨﺎﺀ ﺍﻟﻤﻌﺪﻧﻲ- ﺍﻟﺘﺼﻤﻴﻢ ﻭﺍﻟﺘﺼﻨﻴﻊ ﺍﻟﻤﻴﻜﺎﻧﻴﻜﻲ-","",,2,5,2,109,,
52629,"ﺍﻟﻤﻌﻬﺪ ﺍﻟﻌﺎﻟﻲ ﻟﻠﻤﻨﻈﻮﻣﺎﺕ ﺍﻟﺼﻨﺎﻋﻴﺔ ﺑﻘﺎﺑﺲ)ﺟﺎﻣﻌﺔ ﻗﺎﺑﺲ(","ﺍﻟﺬﻛﺎﺀ ﺍﻟﺼﻨﺎﻋﻲ ﻭ ﺍﻻﻧﻈﻤﺔ ﺍﻟﺼﻨﺎﻋﻴﺔ- ﺍﻟﻄﺎﻗﺎﺕ ﺍﻟﻜﻬﺮﺑﺎﺋﻴﺔ ﺍﻟﻤﺘﺠﺪﺩﺓ- ﺇﻧﺘﺮﻧﺖ ﺍﻷﺷﻴﺎﺀ ﻭﺍﻷﻧﻈﻤﺔ ﺍﻟﺼﻨﺎﻋﻴﺔ- ﺃﻧﻈﻤﺔ ﺍﻟﺘﺤﻜﻢ ﺍﻵﻟﻲ ﻭﺍﻟﺸﺒﻜﺎﺕ ﺍﻟﺼﻨﺎﻋﻴﺔ-","",,11,20,2,88,,
53570,"ﺍﻟﻤﻌﻬﺪ ﺍﻟﻌﺎﻟﻲ ﻟﻠﺪﺭﺍﺳﺎﺕ ﺍﻟﺘﻜﻨﻮﻟﻮﺟﻴﺔ ﺑﻘﺎﺑﺲ)ﺍﻹﺩﺍﺭﺓ ﺍﻟﻌﺎﻣﺔ ﻟﻠﺪﺭﺍﺳﺎﺕ ﺍﻟﺘﻜﻨﻮﻟﻮﺟﻴﺔ(","ﺍﻟﺼﻴﺎﻧﺔ ﺍﻟﺼﻨﺎﻋﻴﺔ- ﺍﻟﺘﺼﻤﻴﻢ ﻭﺍﻟﺘﺼﻨﻴﻊ ﺍﻟﻤﻴﻜﺎﻧﻴﻜﻲ-","",,1,4,1,78,,
54101,"ﺍﻟﻤﻌﻬﺪ ﺍﻟﻌﺎﻟﻲ ﻟﻠﻌﻠﻮﻡ ﺍﻹﻧﺴﺎﻧﻴﺔ ﺑﻤﺪﻧﻴﻦ)ﺟﺎﻣﻌﺔ ﻗﺎﺑﺲ(","ﺍﻟﻠﻐﺔ ﻭﺍﻵﺩﺍﺏ ﻭﺍﻟﺤﻀﺎﺭﺓ ﺍﻟﻌﺮﺑﻴﺔ-","",50,1,1,1,,12,
54102,"ﺍﻟﻤﻌﻬﺪ ﺍﻟﻌﺎﻟﻲ ﻟﻠﻌﻠﻮﻡ ﺍﻹﻧﺴﺎﻧﻴﺔ ﺑﻤﺪﻧﻴﻦ)ﺟﺎﻣﻌﺔ ﻗﺎﺑﺲ(","ﺍﻻﻧﻘﻠﻴﺰﻳﺔ ﻟﻠﺘﻮﺍﺻﻞ ﻓﻲ ﻣﺠﺎﻝ ﺍﻷﻋﻤﺎﻝ-","",50,1,1,1,1,24,1
54103,"ﺍﻟﻤﻌﻬﺪ ﺍﻟﻌﺎﻟﻲ ﻟﻠﻌﻠﻮﻡ ﺍﻹﻧﺴﺎﻧﻴﺔ ﺑﻤﺪﻧﻴﻦ)ﺟﺎﻣﻌﺔ ﻗﺎﺑﺲ(","ﺍﻟﻠﻐﺎﺕ ﻭﺍﻵﺩﺍﺏ ﻭﺍﻟﺪﺭﺍﺳﺎﺕ ﺍﻟﺜﻘﺎﻓﻴﺔ- ﺍﻟﻮﺳﺎﻃﺔ ﻭﺍﻟﺘﺮﺑﻴﺔ ﻓﻲ ﻣﺠﺎﻝ ﺃﺩﺏ ﺍﻟﻄﻔﻞ- ﻭﺍﻟﻴﺎﻓﻌﻴﻦ","",42,1,1,1,1,7,1
54106,"ﺍﻟﻤﻌﻬﺪ ﺍﻟﻌﺎﻟﻲ ﻟﻠﻌﻠﻮﻡ ﺍﻹﻧﺴﺎﻧﻴﺔ ﺑﻤﺪﻧﻴﻦ)ﺟﺎﻣﻌﺔ ﻗﺎﺑﺲ(","ﺍﻟﺘﻮﺍﺻﻞ ﺑﻴﻦ ﺍﻟﺜﻘﺎﻓﺎﺕ-","",17,1,1,1,1,7,1
54318,"ﺍﻟﻤﻌﻬﺪ ﺍﻟﻌﺎﻟﻲ ﻟﻠﺪﺭﺍﺳﺎﺕ ﺍﻟﺘﻜﻨﻮﻟﻮﺟﻴﺔ ﺑﺠﺮﺑﺔ)ﺍﻹﺩﺍﺭﺓ ﺍﻟﻌﺎﻣﺔ ﻟﻠﺪﺭﺍﺳﺎﺕ ﺍﻟﺘﻜﻨﻮﻟﻮﺟﻴﺔ(","ﺇﺩﺍﺭﺓ ﺍﻷﻋﻤﺎﻝ- ﻣﺤﻠﻞ ﺃﻋﻤﺎﻝ-","",,4,2,1,1,107,
54477,"ﺍﻟﻤﻌﻬﺪ ﺍﻟﻌﺎﻟﻲ ﻟﻠﻌﻠﻮﻡ ﺍﻹﻧﺴﺎﻧﻴﺔ ﺑﻤﺪﻧﻴﻦ)ﺟﺎﻣﻌﺔ ﻗﺎﺑﺲ(","ﺍﻟﺘﺮﺑﻴﺔ ﻭﺍﻟﺘﻌﻠﻴﻢ-","",35,12,12,2,3,7,
54509,"ﺍﻟﻤﻌﻬﺪ ﺍﻟﻌﺎﻟﻲ ﻟﻠﺒﻴﻮﻟﻮﺟﻴﺎ ﺍﻟﺘﻄﺒﻴﻘﻴﺔ ﺑﻤﺪﻧﻴﻦ)ﺟﺎﻣﻌﺔ ﻗﺎﺑﺲ(","ﺍﻟﺒﻴﻮﻟﻮﺟﻴﺎ ﺍﻟﺠﺰﺋﻴﺔ ﻭﺍﻟﺨﻠﻮﻳﺔ-","",,2,33,,,,
54523,"ﺍﻟﻤﻌﻬﺪ ﺍﻟﻌﺎﻟﻲ ﻟﻺﻋﻼﻣﻴﺔ ﺑﻤﺪﻧﻴﻦ)ﺟﺎﻣﻌﺔ ﻗﺎﺑﺲ(","ﻫﻨﺪﺳﺔ ﺍﻟﺒﺮﻣﺠﻴﺎﺕ ﻭﻧﻈﻢ ﺍﻟﻤﻌﻠﻮﻣﺎﺕ-","",,41,45,144,6,,
54546,"ﺍﻟﻤﻌﻬﺪ ﺍﻟﻌﺎﻟﻲ ﻟﻠﺒﻴﻮﻟﻮﺟﻴﺎ ﺍﻟﺘﻄﺒﻴﻘﻴﺔ ﺑﻤﺪﻧﻴﻦ)ﺟﺎﻣﻌﺔ ﻗﺎﺑﺲ(","ﺍﻟﺘﺤﺎﻟﻴﻞ ﻭﺍﻟﺘﺠﺎﺭﺏ ﺍﻟﺒﻴﻮﻟﻮﺟﻴﺔ- ﺃﻧﻈﻤﺔ ﺍﻟﺠﻮﺩﺓ ﻓﻲ ﺍﻟﺼﻨﺎﻋﺎﺕ ﺍﻟﻐﺬﺍﺋﻴﺔ- ﻣﺮﺍﻗﺒﺔ ﺟﻮﺩﺓ ﺍﻷﻏﺬﻳﺔ ﻭﺣﻔﻆ ﺍﻟﺼﺤﺔ-","",,5,80,,,,
54566,"ﺍﻟﻤﻌﻬﺪ ﺍﻟﻌﺎﻟﻲ ﻟﻠﺪﺭﺍﺳﺎﺕ ﺍﻟﺘﻜﻨﻮﻟﻮﺟﻴﺔ ﺑﺠﺮﺑﺔ)ﺍﻹﺩﺍﺭﺓ ﺍﻟﻌﺎﻣﺔ ﻟﻠﺪﺭﺍﺳﺎﺕ ﺍﻟﺘﻜﻨﻮﻟﻮﺟﻴﺔ(","ﺗﻄﻮﻳﺮ ﺍﻟﺒﺮﻣﺠﻴﺎﺕ ﻷﻧﺘﺮﻧﺖ ﺍﻷﺷﻴﺎﺀ- ﺗﻄﻮﻳﺮ ﺍﻟﺒﺮﻣﺠﻴﺎﺕ- ﺍﻟﺒﻴﺎﻧﺎﺕ ﺍﻟﺬﻛﻴﺔ-","",,11,24,65,11,22,
54570,"ﺍﻟﻤﻌﻬﺪ ﺍﻟﻌﺎﻟﻲ ﻟﻠﺪﺭﺍﺳﺎﺕ ﺍﻟﺘﻜﻨﻮﻟﻮﺟﻴﺔ ﺑﺠﺮﺑﺔ)ﺍﻹﺩﺍﺭﺓ ﺍﻟﻌﺎﻣﺔ ﻟﻠﺪﺭﺍﺳﺎﺕ ﺍﻟﺘﻜﻨﻮﻟﻮﺟﻴﺔ(","94 ﺍﻟﻄﺎﻗﻴﺔ- ﺍﻟﻤﻴﻜﺎﺗﺮﻭﻧﻴﻚ- ﺻﻴﺎﻧﺔ ﺍﻟﻤﺮﻛﺒﺎﺕ ﻭﺍﻵﻟﻴﺎﺕ- ﺍﻟﺼﻴﺎﻧﺔ ﺍﻟﺼﻨﺎﻋﻴﺔ-","ﺍﻹﺟﺎﺯﺓ ﻓﻲ ﺍﻟﻬﻨﺪﺳـﺔ ﺍﻟﻤﻴﻜﺎﻧـﻴـﻜـﻴـﺔ ﺳﻨﻮﺍﺕ)ﺃﻣﺪ(3",,2,4,1,94,,
54571,"ﺍﻟﻤﻌﻬﺪ ﺍﻟﻌﺎﻟﻲ ﻟﻠﺪﺭﺍﺳﺎﺕ ﺍﻟﺘﻜﻨﻮﻟﻮﺟﻴﺔ ﺑﺠﺮﺑﺔ)ﺍﻹﺩﺍﺭﺓ ﺍﻟﻌﺎﻣﺔ ﻟﻠﺪﺭﺍﺳﺎﺕ ﺍﻟﺘﻜﻨﻮﻟﻮﺟﻴﺔ(","ﺍﻷﺗﻤﺘﺔ ﻭﺍﻹﻋﻼﻣﻴﺔ ﺍﻟﺼﻨﺎﻋﻴﺔ- ﺍﻹﻟﻜﺘﺮﻭﻧﻴﻚ ﻭﺍﻟﻨﻈﻢ ﺍﻟﻤﺤﻤﻮﻟﺔ- ﺍﻟﻜﻬﺮﺑﺎﺀ ﻭﺍﻟﻄﺎﻗﺎﺕ ﺍﻟﻤﺘﺠﺪﺩﺓ-","",,2,4,1,94,,
54573,"ﺍﻟﻤﻌﻬﺪ ﺍﻟﻌﺎﻟﻲ ﻟﻺﻋﻼﻣﻴﺔ ﺑﻤﺪﻧﻴﻦ)ﺟﺎﻣﻌﺔ ﻗﺎﺑﺲ(","101 ﺍﻹﺗﺼﺎﻻﺕ-","ﺍﻹﺟﺎﺯﺓ ﻓﻲ ﺗﻜﻨﻮﻟﻮﺟﻴﺎﺕ ﺍﻟﻤﻌﻠﻮﻣﺎﺕ ﻭﺍﻻﺗﺼﺎﻻﺕ ﺳﻨﻮﺍﺕ)ﺃﻣﺪ(3",,19,27,89,9,,
55147,"ﺍﻟﻤﻌﻬﺪ ﺍﻟﻌﺎﻟﻲ ﻟﻠﻌﻠﻮﻡ ﺍﻹﻧﺴﺎﻧﻴﺔ ﺑﻤﺪﻧﻴﻦ)ﺟﺎﻣﻌﺔ ﻗﺎﺑﺲ(","ﺍﻹﻧﻘﻠﻴﺰﻳﺔ-ﺍﻟﻌﺮﺑﻴﺔ/ ﺍﻟﻔﺮﻧﺴﻴﺔ-","",28,1,1,1,1,12,1
55318,"ﺍﻟﻤﻌﻬﺪ ﺍﻟﻌﺎﻟﻲ ﻟﻠﺪﺭﺍﺳﺎﺕ ﺍﻟﺘﻜﻨﻮﻟﻮﺟﻴﺔ ﺑﻤﺪﻧﻴﻦ)ﺍﻹﺩﺍﺭﺓ ﺍﻟﻌﺎﻣﺔ ﻟﻠﺪﺭﺍﺳﺎﺕ ﺍﻟﺘﻜﻨﻮﻟﻮﺟﻴﺔ(","ﺍﻟﺘﻘﻨﻴﺎﺕ ﺍﻟﻤﺎﻟﻴﺔ- ﺇﺩﺍﺭﺓ ﺍﻷﻋﻤﺎﻝ- ﺗﻘﻨﻴﺎﺕ ﺍﻟﻤﺤﺎﺳﺒﺔ ﻭﺍﻟﻤﺮﺍﻗﺒﺔ ﻭﺍﻟﺘﺪﻗﻴﻖ-","",,8,4,4,1,223,
55566,"ﺍﻟﻤﻌﻬﺪ ﺍﻟﻌﺎﻟﻲ ﻟﻠﺪﺭﺍﺳﺎﺕ ﺍﻟﺘﻜﻨﻮﻟﻮﺟﻴﺔ ﺑﻤﺪﻧﻴﻦ)ﺍﻹﺩﺍﺭﺓ ﺍﻟﻌﺎﻣﺔ ﻟﻠﺪﺭﺍﺳﺎﺕ ﺍﻟﺘﻜﻨﻮﻟﻮﺟﻴﺔ(","ﺗﻄﻮﻳﺮ ﺍﻟﺒﺮﻣﺠﻴﺎﺕ ﻷﻧﺘﺮﻧﺖ ﺍﻷﺷﻴﺎﺀ- ﺗﻄﻮﻳﺮ ﺍﻟﺒﺮﻣﺠﻴﺎﺕ- ﺍﻟﺒﻴﺎﻧﺎﺕ ﺍﻟﺬﻛﻴﺔ-","",,8,17,47,8,16,
55568,"ﺍﻟﻤﻌﻬﺪ ﺍﻟﻌﺎﻟﻲ ﻟﻠﺪﺭﺍﺳﺎﺕ ﺍﻟﺘﻜﻨﻮﻟﻮﺟﻴﺔ ﺑﻤﺪﻧﻴﻦ)ﺍﻹﺩﺍﺭﺓ ﺍﻟﻌﺎﻣﺔ ﻟﻠﺪﺭﺍﺳﺎﺕ ﺍﻟﺘﻜﻨﻮﻟﻮﺟﻴﺔ(","ﺃﺷﻐﺎﻝ ﻋﻤﻮﻣﻴﺔ- ﺍﻟﺒﻨﺎﺀ- ﻗﻴﺲ ﺍﻷﺭﺍﺿﻲ ﻭ ﺍﻟﺠﻐﺮﻓﺔ ﺍﻟﺮﻗﻤﻴﺔ-","",,1,4,1,78,,
55570,"ﺍﻟﻤﻌﻬﺪ ﺍﻟﻌﺎﻟﻲ ﻟﻠﺪﺭﺍﺳﺎﺕ ﺍﻟﺘﻜﻨﻮﻟﻮﺟﻴﺔ ﺑﻤﺪﻧﻴﻦ)ﺍﻹﺩﺍﺭﺓ ﺍﻟﻌﺎﻣﺔ ﻟﻠﺪﺭﺍﺳﺎﺕ ﺍﻟﺘﻜﻨﻮﻟﻮﺟﻴﺔ(","ﺍﻟﻄﺎﻗﻴﺔ- ﺍﻟﺼﻴﺎﻧﺔ ﺍﻟﺼﻨﺎﻋﻴﺔ- ﺍﻹﻧﺘﺎﺝ ﺍﻟﺼﻨﺎﻋﻲ-","",,1,3,1,70,,
56118,"ﺍﻟﻤﻌﻬﺪ ﺍﻟﻌﺎﻟﻲ ﻟﻠﻔﻨﻮﻥ ﻭ ﺍﻟﺤﺮﻑ ﺑﺘﻄﺎﻭﻳﻦ)ﺟﺎﻣﻌﺔ ﻗﺎﺑﺲ(","ﺍﻷﻧﺜﺮﻭﺑﻮﻟﻮﺟﻴﺎ ﺍﻻﺟﺘﻤﺎﻋﻴﺔ ﻭﺍﻟﺜﻘﺎﻓﻴﺔ-","",29,1,1,1,1,29,1
56202,"ﺍﻟﻤﻌﻬﺪ ﺍﻟﻌﺎﻟﻲ ﻟﻠﻔﻨﻮﻥ ﻭ ﺍﻟﺤﺮﻑ ﺑﺘﻄﺎﻭﻳﻦ)ﺟﺎﻣﻌﺔ ﻗﺎﺑﺲ(","ﻓﻮﺗﻮﻏﺮﺍﻓﻴﺎ- ﺧﺰﻑ- ﺭﺳﻢ-","",37,4,4,7,4,28,7
56207,"ﺍﻟﻤﻌﻬﺪ ﺍﻟﻌﺎﻟﻲ ﻟﻠﻔﻨﻮﻥ ﻭ ﺍﻟﺤﺮﻑ ﺑﺘﻄﺎﻭﻳﻦ)ﺟﺎﻣﻌﺔ ﻗﺎﺑﺲ(","ﻫﻨﺪﺳﺔ ﺩﺍﺧﻠﻴﺔ-","",3,1,1,6,9,18,1
56209,"ﺍﻟﻤﻌﻬﺪ ﺍﻟﻌﺎﻟﻲ ﻟﻠﻔﻨﻮﻥ ﻭ ﺍﻟﺤﺮﻑ ﺑﺘﻄﺎﻭﻳﻦ)ﺟﺎﻣﻌﺔ ﻗﺎﺑﺲ(","ﺇﺷﻬﺎﺭ ﺳﻤﻌﻲ ﺑﺼﺮﻱ-","",4,2,2,30,11,25,1
56318,"ﺍﻟﻤﻌﻬﺪ ﺍﻟﻌﺎﻟﻰ ﻟﻠﺪﺭﺍﺳﺎﺕ ﺍﻟﺘﻜﻨﻮﻟﻮﺟﻴﺔ ﺑﻘﺒﻠﻲ)ﺍﻹﺩﺍﺭﺓ ﺍﻟﻌﺎﻣﺔ ﻟﻠﺪﺭﺍﺳﺎﺕ ﺍﻟﺘﻜﻨﻮﻟﻮﺟﻴﺔ(","ﺇﺩﺍﺭﺓ ﺍﻷﻋﻤﺎﻝ-","",,4,2,1,1,107,
56477,"ﺍﻟﻤﻌﻬﺪ ﺍﻟﻌﺎﻟﻲ ﻟﻠﻔﻨﻮﻥ ﻭ ﺍﻟﺤﺮﻑ ﺑﺘﻄﺎﻭﻳﻦ)ﺟﺎﻣﻌﺔ ﻗﺎﺑﺲ(","ﺍﻟﺘﺮﺑﻴﺔ ﻭﺍﻟﺘﻌﻠﻴﻢ-","",35,12,12,2,3,7,
56566,"ﺍﻟﻤﻌﻬﺪ ﺍﻟﻌﺎﻟﻰ ﻟﻠﺪﺭﺍﺳﺎﺕ ﺍﻟﺘﻜﻨﻮﻟﻮﺟﻴﺔ ﺑﻘﺒﻠﻲ)ﺍﻹﺩﺍﺭﺓ ﺍﻟﻌﺎﻣﺔ ﻟﻠﺪﺭﺍﺳﺎﺕ ﺍﻟﺘﻜﻨﻮﻟﻮﺟﻴﺔ(","ﺗﻄﻮﻳﺮ ﺍﻟﺒﺮﻣﺠﻴﺎﺕ ﻷﻧﺘﺮﻧﺖ ﺍﻷﺷﻴﺎﺀ- ﺗﻄﻮﻳﺮ ﺍﻟﺒﺮﻣﺠﻴﺎﺕ- ﺍﻟﺒﻴﺎﻧﺎﺕ ﺍﻟﺬﻛﻴﺔ- ﺍﻟﺸﺒﻜﺎﺕ ﻭﺍﻟﺤﻮﺳﺒﺔ ﺍﻟﺴﺤﺎﺑﻴﺔ-","",,11,26,70,12,24,
56570,"ﺍﻟﻤﻌﻬﺪ ﺍﻟﻌﺎﻟﻰ ﻟﻠﺪﺭﺍﺳﺎﺕ ﺍﻟﺘﻜﻨﻮﻟﻮﺟﻴﺔ ﺑﻘﺒﻠﻲ)ﺍﻹﺩﺍﺭﺓ ﺍﻟﻌﺎﻣﺔ ﻟﻠﺪﺭﺍﺳﺎﺕ ﺍﻟﺘﻜﻨﻮﻟﻮﺟﻴﺔ(","ﺍﻟﻄﺎﻗﻴﺔ- ﺍﻟﺼﻴﺎﻧﺔ ﺍﻟﺼﻨﺎﻋﻴﺔ- ﺍﻹﻧﺘﺎﺝ ﺍﻟﺼﻨﺎﻋﻲ- ﺍﻟﺘﺼﻤﻴﻢ ﻭﺍﻟﺘﺼﻨﻴﻊ ﺍﻟﻤﻴﻜﺎﻧﻴﻜﻲ-","",,2,5,2,116,,
56571,"ﺍﻟﻤﻌﻬﺪ ﺍﻟﻌﺎﻟﻰ ﻟﻠﺪﺭﺍﺳﺎﺕ ﺍﻟﺘﻜﻨﻮﻟﻮﺟﻴﺔ ﺑﻘﺒﻠﻲ)ﺍﻹﺩﺍﺭﺓ ﺍﻟﻌﺎﻣﺔ ﻟﻠﺪﺭﺍﺳﺎﺕ ﺍﻟﺘﻜﻨﻮﻟﻮﺟﻴﺔ(","ﺍﻷﺗﻤﺘﺔ ﻭﺍﻹﻋﻼﻣﻴﺔ ﺍﻟﺼﻨﺎﻋﻴﺔ- ﺍﻟﻜﻬﺮﺑﺎﺀ ﻭﺍﻟﻄﺎﻗﺎﺕ ﺍﻟﻤﺘﺠﺪﺩﺓ-","",,1,4,1,78,,
56597,"ﺍﻟﻤﻌﻬﺪ ﺍﻟﻌﺎﻟﻰ ﻟﻠﺪﺭﺍﺳﺎﺕ ﺍﻟﺘﻜﻨﻮﻟﻮﺟﻴﺔ ﺑﻘﺒﻠﻲ)ﺍﻹﺩﺍﺭﺓ ﺍﻟﻌﺎﻣﺔ ﻟﻠﺪﺭﺍﺳﺎﺕ ﺍﻟﺘﻜﻨﻮﻟﻮﺟﻴﺔ(","ﺍﻷﺳﺎﻟﻴﺐ ﺍﻟﻐﺬﺍﺋﻴﺔ-","",,3,40,,1,,
57318,"ﺍﻟﻤﻌﻬﺪ ﺍﻟﻌﺎﻟﻲ ﻟﻠﺪﺭﺍﺳﺎﺕ ﺍﻟﺘﻜﻨﻮﻟﻮﺟﻴﺔ ﺑﺘﻄﺎﻭﻳﻦ)ﺍﻹﺩﺍﺭﺓ ﺍﻟﻌﺎﻣﺔ ﻟﻠﺪﺭﺍﺳﺎﺕ ﺍﻟﺘﻜﻨﻮﻟﻮﺟﻴﺔ(","64 ﺍﻟﺘﻘﻨﻴﺎﺕ ﺍﻟﻤﺎﻟﻴﺔ- ﺇﺩﺍﺭﺓ ﺍﻷﻋﻤﺎﻝ- ﺗﻘﻨﻴﺎﺕ ﺍﻟﻤﺤﺎﺳﺒﺔ ﻭﺍﻟﻤﺮﺍﻗﺒﺔ ﻭﺍﻟﺘﺪﻗﻴﻖ-","ﺍﻹﺟﺎﺯﺓ ﻓﻲ ﻋﻠﻮﻡ ﺍﻟﺘﺼﺮﻑ ﺳﻨﻮﺍﺕ)ﺃﻣﺪ(3",,6,3,2,1,178,
57566,"ﺍﻟﻤﻌﻬﺪ ﺍﻟﻌﺎﻟﻲ ﻟﻠﺪﺭﺍﺳﺎﺕ ﺍﻟﺘﻜﻨﻮﻟﻮﺟﻴﺔ ﺑﺘﻄﺎﻭﻳﻦ)ﺍﻹﺩﺍﺭﺓ ﺍﻟﻌﺎﻣﺔ ﻟﻠﺪﺭﺍﺳﺎﺕ ﺍﻟﺘﻜﻨﻮﻟﻮﺟﻴﺔ(","ﺗﻄﻮﻳﺮ ﺍﻟﺒﺮﻣﺠﻴﺎﺕ- ﺍﻟﺒﻴﺎﻧﺎﺕ ﺍﻟﺬﻛﻴﺔ-","",,11,26,70,12,24,
57570,"ﺍﻟﻤﻌﻬﺪ ﺍﻟﻌﺎﻟﻲ ﻟﻠﺪﺭﺍﺳﺎﺕ ﺍﻟﺘﻜﻨﻮﻟﻮﺟﻴﺔ ﺑﺘﻄﺎﻭﻳﻦ)ﺍﻹﺩﺍﺭﺓ ﺍﻟﻌﺎﻣﺔ ﻟﻠﺪﺭﺍﺳﺎﺕ ﺍﻟﺘﻜﻨﻮﻟﻮﺟﻴﺔ(","ﺍﻟﻄﺎﻗﻴﺔ- ﺍﻟﺼﻴﺎﻧﺔ ﺍﻟﺼﻨﺎﻋﻴﺔ-","",,2,4,1,94,,
57604,"ﺍﻟﻤﻌﻬﺪ ﺍﻟﻌﺎﻟﻲ ﻟﻠﺪﺭﺍﺳﺎﺕ ﺍﻟﺘﻜﻨﻮﻟﻮﺟﻴﺔ ﺑﺘﻄﺎﻭﻳﻦ)ﺍﻹﺩﺍﺭﺓ ﺍﻟﻌﺎﻣﺔ ﻟﻠﺪﺭﺍﺳﺎﺕ ﺍﻟﺘﻜﻨﻮﻟﻮﺟﻴﺔ(","ﺍﻟﻨﺠﺎﻋﺔ ﺍﻟﻄﺎﻗﻴﺔ ﻟﻠﺒﻨﺎﺀﺍﺕ ﻭ ﺍﻟﺼﻨﺎﻋﺔ-","ﺍﻹﺟﺎﺯﺓ ﻓﻲ ﺍﻟﻬﻨﺪﺳﺔ ﺍﻟﺤﺮﺍﺭﻳﺔ ﻭﺍﻟﻄﺎﻗﺎﺕ ﺍﻟﻤﺘﺠﺪﺩﺓ ﺳﻨﻮﺍﺕ)ﺃﻣﺪ(3",,11,62,,31,,
60101,"ﺍﻟﻤﻌﻬﺪ ﺍﻟﻌﺎﻟﻲ ﻟﻠﺪﺭﺍﺳﺎﺕ ﺍﻟﺘﻄﺒﻴﻘﻴﺔ ﻓﻲ ﺍﻻﻧﺴﺎﻧﻴﺎﺕ ﺑﻘﻔﺼﺔ)ﺟﺎﻣﻌﺔ ﻗﻔﺼﺔ(","ﺍﻟﻠﻐﺔ ﻭﺍﻵﺩﺍﺏ ﻭﺍﻟﺤﻀﺎﺭﺓ ﺍﻟﻌﺮﺑﻴﺔ-","",85,1,1,2,,15,
60102,"ﺍﻟﻤﻌﻬﺪ ﺍﻟﻌﺎﻟﻲ ﻟﻠﺪﺭﺍﺳﺎﺕ ﺍﻟﺘﻄﺒﻴﻘﻴﺔ ﻓﻲ ﺍﻻﻧﺴﺎﻧﻴﺎﺕ ﺑﻘﻔﺼﺔ)ﺟﺎﻣﻌﺔ ﻗﻔﺼﺔ(","ﺍﻟﻠﻐﺔ ﻭﺍﻵﺩﺍﺏ ﻭﺍﻟﺤﻀﺎﺭﺓ ﺍﻹﻧﻘﻠﻴﺰﻳﺔ-","",91,1,1,1,1,36,1
60103,"ﺍﻟﻤﻌﻬﺪ ﺍﻟﻌﺎﻟﻲ ﻟﻠﺪﺭﺍﺳﺎﺕ ﺍﻟﺘﻄﺒﻴﻘﻴﺔ ﻓﻲ ﺍﻻﻧﺴﺎﻧﻴﺎﺕ ﺑﻘﻔﺼﺔ)ﺟﺎﻣﻌﺔ ﻗﻔﺼﺔ(","9 ﺗﻌﻠﻴﻢ ﺍﻟﻠﻐﺔ ﺍﻟﻔﺮﻧﺴﻴﺔ ﻛﻠﻐﺔ ﺃﺟﻨﺒﻴﺔ،- ﺍﻟﻮﺳﺎﻃﺔ ﺍﻟﺜﻘﺎﻓﻴﺔ ﻭﺍﻟﺮﻗﻤﻴﺔ","ﺍﻹﺟﺎﺯﺓ ﻓﻲ ﺍﻟﻔﺮﻧﺴﻴﺔ ﺳﻨﻮﺍﺕ)ﺃﻣﺪ(3",49,1,1,1,1,9,1
60120,"ﺍﻟﻤﻌﻬﺪ ﺍﻟﻌﺎﻟﻲ ﻟﻠﺪﺭﺍﺳﺎﺕ ﺍﻟﺘﻄﺒﻴﻘﻴﺔ ﻓﻲ ﺍﻻﻧﺴﺎﻧﻴﺎﺕ ﺑﻘﻔﺼﺔ)ﺟﺎﻣﻌﺔ ﻗﻔﺼﺔ(","ﺍﻟﻮﺳﺎﻃﺔ ﻭ ﺍﻹﺗﺼﺎﻝ ﻭ ﺍﻟﺘﺪﺧﻞ- ﺍﻟﺴﻮﺳﻴﻮﻟﻮﺟﻲ","",79,1,7,2,2,109,
60168,"ﻛﻠﻴﺔ ﺍﻟﻌﻠﻮﻡ ﺑﻘﻔﺼﺔ)ﺟﺎﻣﻌﺔ ﻗﻔﺼﺔ(","ﻋﻠﻮﻡ ﺍﻟﺠﻐﺮﻓﺔ ﺍﻟﺮﻗﻤﻴﺔ ﺍﻟﻤﻄﺒﻘﺔ ﻟﻠﻤﻮﺍﺭﺩ- ﺍﻟﻄﺒﻴﻌﻴﺔ","",,6,11,19,16,,
60201,"ﺍﻟﻤﻌﻬﺪ ﺍﻟﻌﺎﻟﻲ ﻟﻠﻔﻨﻮﻥ ﻭ ﺍﻟﺤﺮﻑ ﺑﻘﻔﺼﺔ)ﺟﺎﻣﻌﺔ ﻗﻔﺼﺔ(","39 ﺍﻟﻤﻮﺳﻴﻘﻰ ﻭ ﺍﻟﻌﻠﻮﻡ ﺍﻟﻤﻮﺳﻴﻘﻴﺔ-","ﺍﻹﺟﺎﺯﺓ ﻓﻲ ﺍﻟﻤﻮﺳﻴﻘﻰ ﻭ ﺍﻟﻌﻠﻮﻡ ﺍﻟﻤﻮﺳﻴﻘﻴﺔ ﺳﻨﻮﺍﺕ)ﺃﻣﺪ(3 ﺷﻌﺒﺔ ﺗﺘﻄﻠﺐ ﺍﺧﺘﺒﺎﺭ",8,1,1,2,2,16,2
60207,"ﺍﻟﻤﻌﻬﺪ ﺍﻟﻌﺎﻟﻲ ﻟﻠﻔﻨﻮﻥ ﻭ ﺍﻟﺤﺮﻑ ﺑﻘﻔﺼﺔ)ﺟﺎﻣﻌﺔ ﻗﻔﺼﺔ(","ﻫﻨﺪﺳﺔ ﺩﺍﺧﻠﻴﺔ-","",9,2,4,16,24,50,1
60208,"ﺍﻟﻤﻌﻬﺪ ﺍﻟﻌﺎﻟﻲ ﻟﻠﻔﻨﻮﻥ ﻭ ﺍﻟﺤﺮﻑ ﺑﻘﻔﺼﺔ)ﺟﺎﻣﻌﺔ ﻗﻔﺼﺔ(","ﺍﺑﺘﻜﺎﺭ ﺣﺮﻓﻲ- ﺗﺼﻤﻴﻢ ﺍﻻﺛﺎﺙ-","",3,1,2,10,15,35,1
60209,"ﺍﻟﻤﻌﻬﺪ ﺍﻟﻌﺎﻟﻲ ﻟﻠﻔﻨﻮﻥ ﻭ ﺍﻟﺤﺮﻑ ﺑﻘﻔﺼﺔ)ﺟﺎﻣﻌﺔ ﻗﻔﺼﺔ(","50 ﺇﺷﻬﺎﺭ ﺧﻄﻲ-","ﺍﻻﺟﺎﺯﺓ ﻓﻲ ﺗﺼﻤﻴﻢ ﺍﻟﺼﻮﺭﺓ ﺳﻨﻮﺍﺕ)ﺃﻣﺪ(3",5,3,2,25,14,32,1
60311,"ﺍﻟﻤﻌﻬﺪ ﺍﻟﻌﺎﻟﻲ ﻹﺩﺍﺭﺓ ﺍﻟﻤﺆﺳﺴﺎﺕ ﺑﻘﻔﺼﺔ)ﺟﺎﻣﻌﺔ ﻗﻔﺼﺔ(","ﺫﻛﺎﺀ ﺍﻷﻋﻤﺎﻝ- ﻧﻈﻢ ﻣﻌﻠﻮﻣﺎﺕ ﺍﻷﻋﻤﺎﻝ-","",,15,11,78,2,95,
60312,"ﺍﻟﻤﻌﻬﺪ ﺍﻟﻌﺎﻟﻲ ﻹﺩﺍﺭﺓ ﺍﻟﻤﺆﺳﺴﺎﺕ ﺑﻘﻔﺼﺔ)ﺟﺎﻣﻌﺔ ﻗﻔﺼﺔ(","57 ﺍﻗﺘﺼﺎﺩ ﺍﻷﻋﻤﺎﻝ: ﺍﻟﺘﻜﻨﻮﻟﻮﺟﻴﺎ ﻭﺍﻟﺘﺤﻠﻴﻼﺕ- ﺍﻟﻨﻘﺪ ﻭﺍﻟﻤﺎﻟﻴﺔ ﻭﺍﻟﺒﻨﻚ ﻭﺍﻟﺘﺄﻣﻴﻦ-","",,3,1,,,140,
60318,"ﺍﻟﻤﻌﻬﺪ ﺍﻟﻌﺎﻟﻲ ﻹﺩﺍﺭﺓ ﺍﻟﻤﺆﺳﺴﺎﺕ ﺑﻘﻔﺼﺔ)ﺟﺎﻣﻌﺔ ﻗﻔﺼﺔ(","ﺍﻟﺘﺼﺮﻑ ﻓﻲ ﺍﻟﻤﻮﺍﺭﺩ ﺍﻟﺒﺸﺮﻳﺔ- ﺇﺩﺍﺭﺓ ﺍﻷﻋﻤﺎﻝ- ﺍﻟﺘﺴﻮﻳﻖ- ﺍﻟﻤﺎﻟﻴﺔ- ﺍﻟﻤﺤﺎﺳﺒﺔ-","",,9,5,4,1,268,
60450,"ﺍﻟﻤﻌﻬﺪ ﺍﻟﻌﺎﻟﻲ ﻟﻠﺮﻳﺎﺿﺔ ﻭ ﺍﻟﺘﺮﺑﻴﺔ ﺍﻟﺒﺪﻧﻴﺔ ﺑﻘﻔﺼﺔ)ﺟﺎﻣﻌﺔ ﻗﻔﺼﺔ(","ﺍﻷﻧﺸﻄﺔ ﺍﻟﺒﺪﻧﻴﺔ ﺍﻟﻤﻼﺋﻤﺔ- ﺍﻟﺘﺮﺑﻴﺔ ﻭﺍﻟﺤﺮﻛﻴﺔ-","",2,1,1,2,2,2,220
60452,"ﺍﻟﻤﻌﻬﺪ ﺍﻟﻌﺎﻟﻲ ﻟﻠﻌﻠﻮﻡ ﺍﻻﺟﺘﻤﺎﻋﻴﺔ ﻭﺍﻟﺘﺮﺑﻴﺔ ﺑﻘﻔﺼﺔ)ﺟﺎﻣﻌﺔ ﻗﻔﺼﺔ(","ﺩﻟﻴﻞ ﺳﻴﺎﺣﻲ-","",5,1,1,2,1,30,2
60477,"ﺍﻟﻤﻌﻬﺪ ﺍﻟﻌﺎﻟﻲ ﻟﻠﻌﻠﻮﻡ ﺍﻻﺟﺘﻤﺎﻋﻴﺔ ﻭﺍﻟﺘﺮﺑﻴﺔ ﺑﻘﻔﺼﺔ)ﺟﺎﻣﻌﺔ ﻗﻔﺼﺔ(","ﺍﻟﺘﺮﺑﻴﺔ ﻭﺍﻟﺘﻌﻠﻴﻢ-","",64,22,21,4,6,13,
60478,"ﺍﻟﻤﻌﻬﺪ ﺍﻟﻌﺎﻟﻲ ﻟﻠﻌﻠﻮﻡ ﺍﻻﺟﺘﻤﺎﻋﻴﺔ ﻭﺍﻟﺘﺮﺑﻴﺔ ﺑﻘﻔﺼﺔ)ﺟﺎﻣﻌﺔ ﻗﻔﺼﺔ(","ﺍﻟﺘﺮﺑﻴﺔ ﺍﻟﺪﺍﻣﺠﺔ ﻭ ﺍﻟﺒﻴﺪﺍﻏﻮﺟﻴﺎ ﺍﻟﺮﻗﻤﻴﺔ-","ﺍﻹﺟﺎﺯﺓ ﻓﻲ ﺍﻟﺘﺮﺑﻴﺔ ﺍﻟﺪﺍﻣﺠﺔ ﻭﺍﻟﺒﻴﺪﺍﻏﻮﺟﻴﺎ ﺍﻟﺮﻗﻤﻴﺔ ﺳﻨﻮﺍﺕ)ﺃﻣﺪ(3",26,7,7,2,3,15,
60501,"ﻛﻠﻴﺔ ﺍﻟﻌﻠﻮﻡ ﺑﻘﻔﺼﺔ)ﺟﺎﻣﻌﺔ ﻗﻔﺼﺔ(","ﺑﺤﺚ-ﺍﻟﻜﻴﻤﻴﺎﺀ-","",,2,25,,2,,
60503,"ﻛﻠﻴﺔ ﺍﻟﻌﻠﻮﻡ ﺑﻘﻔﺼﺔ)ﺟﺎﻣﻌﺔ ﻗﻔﺼﺔ(","ﺍﻟﻔﻴﺰﻳﺎﺀ- ﻋﻠﻮﻡ ﺍﻟﻤﻮﺍﺩ ﺍﻟﺬﻛﻴﺔ ﻭﺍﻟﺬﻛﺎﺀ ﺍﻻﺻﻄﻨﺎﻋﻲ- ﺍﻟﺘﻄﺒﻴﻘﻲ","",,5,46,,6,,
60504,"ﻛﻠﻴﺔ ﺍﻟﻌﻠﻮﻡ ﺑﻘﻔﺼﺔ)ﺟﺎﻣﻌﺔ ﻗﻔﺼﺔ(","ﺍﻟﻨﺠﺎﻋﺔ ﺍﻟﻄﺎﻗﻴﺔ ﻭﺇﺯﺍﻟﺔ ﺍﻟﻜﺮﺑﻮﻥ- ﺍﻟﺼﻨﺎﻋﻲ ﺍﻟﻔﻴﺰﻳﺎﺀ ﻭﺍﻟﻄﺎﻗﺔ-","",,5,26,,31,,
60505,"ﻛﻠﻴﺔ ﺍﻟﻌﻠﻮﻡ ﺑﻘﻔﺼﺔ)ﺟﺎﻣﻌﺔ ﻗﻔﺼﺔ(","ﺭﻳﺎﺿﻴﺎﺕ ﺍﻟﺬﻛﺎﺀ ﺍﻻﺻﻄﻨﺎﻋﻲ ﻭﺍﻟﺒﻴﺎﻧﺎﺕ-","",,22,12,4,7,,
60507,"ﻛﻠﻴﺔ ﺍﻟﻌﻠﻮﻡ ﺑﻘﻔﺼﺔ)ﺟﺎﻣﻌﺔ ﻗﻔﺼﺔ(","76 ﺍﻟﺮﻳﺎﺿﻴﺎﺕ-","",,16,5,1,1,,
60508,"ﻛﻠﻴﺔ ﺍﻟﻌﻠﻮﻡ ﺑﻘﻔﺼﺔ)ﺟﺎﻣﻌﺔ ﻗﻔﺼﺔ(","ﺍﻟﻜﻴﻤﻴﺎﺀ ﻭﺍﻟﺒﻴﻮﻟﻮﺟﻴﺎ-","",,8,62,,,,
60509,"ﻛﻠﻴﺔ ﺍﻟﻌﻠﻮﻡ ﺑﻘﻔﺼﺔ)ﺟﺎﻣﻌﺔ ﻗﻔﺼﺔ(","ﺍﻟﺒﻴﻮﻟﻮﺟﻴﺎ ﺍﻟﺠﺰﺋﻴﺔ ﻭﺍﻟﺨﻠﻮﻳﺔ-","",,4,67,,,,
60510,"ﻛﻠﻴﺔ ﺍﻟﻌﻠﻮﻡ ﺑﻘﻔﺼﺔ)ﺟﺎﻣﻌﺔ ﻗﻔﺼﺔ(","ﺍﻟﻤﻮﺍﺭﺩ ﺍﻟﺠﻴﻮﻟﻮﺟﻴﺔ ﻭﺍﻟﻤﻨﺎﺟﻢ ﻭﺍﻟﻤﻘﺎﻃﻊ-","",,2,38,,3,,
60512,"ﻛﻠﻴﺔ ﺍﻟﻌﻠﻮﻡ ﺑﻘﻔﺼﺔ)ﺟﺎﻣﻌﺔ ﻗﻔﺼﺔ(","ﺍﻟﺒﻴﺌﺔ- ﺍﻟﺘﻨﻮﻉ ﺍﻟﺒﻴﻮﻟﻮﺟﻲ-ﺇﻳﻜﻮﻟﻮﺟﻴﺎ-","",,2,40,,,,
60513,"ﻛﻠﻴﺔ ﺍﻟﻌﻠﻮﻡ ﺑﻘﻔﺼﺔ)ﺟﺎﻣﻌﺔ ﻗﻔﺼﺔ(","79 ﻋﻠﻮﻡ ﺍﻟﺤﻴﺎﺓ ﻭﺍﻷﺭﺽ-","",,4,60,,,,
60522,"ﺍﻟﻤﻌﻬﺪ ﺍﻟﺘﺤﻀﻴﺮﻱ ﻟﻠﺪﺭﺍﺳﺎﺕ ﺍﻟﻬﻨﺪﺳﻴﺔ ﺑﻘﻔﺼﺔ)ﺟﺎﻣﻌﺔ ﻗﻔﺼﺔ(","ﻛﻴﻤﻴﺎﺀ- ﻓﻴﺰﻳﺎﺀ/ﻓﻴﺰﻳﺎﺀ- ﺭﻳﺎﺿﻴﺎﺕ-","",,71,59,7,,,
60523,"ﻛﻠﻴﺔ ﺍﻟﻌﻠﻮﻡ ﺑﻘﻔﺼﺔ)ﺟﺎﻣﻌﺔ ﻗﻔﺼﺔ(","ﺍﻟﺒﻴﺎﻧﺎﺕ ﺍﻟﻀﺨﻤﺔ ﻭﺗﺤﻠﻴﻞ ﺍﻟﺒﻴﺎﻧﺎﺕ- ﻫﻨﺪﺳﺔ ﺍﻟﺒﺮﻣﺠﻴﺎﺕ ﻭﻧﻈﻢ ﺍﻟﻤﻌﻠﻮﻣﺎﺕ-","",,50,54,173,7,,
60524,"ﺍﻟﻤﻌﻬﺪ ﺍﻟﻌﺎﻟﻲ ﻟﻠﻌﻠﻮﻡ ﺍﻟﺘﻄﺒﻴﻘﻴﺔ ﻭ ﺍﻟﺘﻜﻨﻮﻟﻮﺟﻴﺎ ﺑﻘﻔﺼﺔ)ﺟﺎﻣﻌﺔ ﻗﻔﺼﺔ(","ﺍﻟﻨﻈﻢ ﺍﻟﻤﺤﻤﻮﻟﺔ ﻭﺍﻧﺘﺮﻧﺎﺕ ﺍﻷﺷﻴﺎﺀ- ﻫﻨﺪﺳﺔ ﺍﻟﺸﺒﻜﺎﺕ ﻭﺍﻟﻨﻈﻢ-","",,25,28,85,4,,
60532,"ﺍﻟﻤﻌﻬﺪ ﺍﻟﺘﺤﻀﻴﺮﻱ ﻟﻠﺪﺭﺍﺳﺎﺕ ﺍﻟﻬﻨﺪﺳﻴﺔ ﺑﻘﻔﺼﺔ)ﺟﺎﻣﻌﺔ ﻗﻔﺼﺔ(","ﺗﻜﻨﻮﻟﻮﺟﻴﺎ-","",,,,,77,,
60546,"ﻛﻠﻴﺔ ﺍﻟﻌﻠﻮﻡ ﺑﻘﻔﺼﺔ)ﺟﺎﻣﻌﺔ ﻗﻔﺼﺔ(","ﺗﺤﺎﻟﻴﻞ ﻭﺗﺠﺎﺭﺏ ﺑﻴﻮﻟﻮﺟﻴﺔ-","",,6,100,,,,
60566,"ﺍﻟﻤﻌﻬﺪ ﺍﻟﻌﺎﻟﻲ ﻟﻠﺪﺭﺍﺳﺎﺕ ﺍﻟﺘﻜﻨﻮﻟﻮﺟﻴﺔ ﺑﻘﻔﺼﺔ)ﺍﻹﺩﺍﺭﺓ ﺍﻟﻌﺎﻣﺔ ﻟﻠﺪﺭﺍﺳﺎﺕ ﺍﻟﺘﻜﻨﻮﻟﻮﺟﻴﺔ(","89 ﺗﻄﻮﻳﺮ ﺍﻟﺒﺮﻣﺠﻴﺎﺕ ﻷﻧﺘﺮﻧﺖ ﺍﻷﺷﻴﺎﺀ- ﺗﻄﻮﻳﺮ ﺍﻟﺒﺮﻣﺠﻴﺎﺕ- ﺍﻟﺒﻴﺎﻧﺎﺕ ﺍﻟﺬﻛﻴﺔ- ﺍﻟﺸﺒﻜﺎﺕ ﻭﺍﻟﺤﻮﺳﺒﺔ ﺍﻟﺴﺤﺎﺑﻴﺔ-","ﺍﻹﺟﺎﺯﺓ ﻓﻲ ﺗﻜﻨﻮﻟﻮﺟﻴﺎﺕ ﺍﻹﻋﻼﻣﻴﺔ ﺳﻨﻮﺍﺕ)ﺃﻣﺪ(3",,9,21,55,9,19,
60568,"ﺍﻟﻤﻌﻬﺪ ﺍﻟﻌﺎﻟﻲ ﻟﻠﺪﺭﺍﺳﺎﺕ ﺍﻟﺘﻜﻨﻮﻟﻮﺟﻴﺔ ﺑﻘﻔﺼﺔ)ﺍﻹﺩﺍﺭﺓ ﺍﻟﻌﺎﻣﺔ ﻟﻠﺪﺭﺍﺳﺎﺕ ﺍﻟﺘﻜﻨﻮﻟﻮﺟﻴﺔ(","ﺃﺷﻐﺎﻝ ﻋﻤﻮﻣﻴﺔ- ﺍﻟﺒﻨﺎﺀ-","",,1,3,1,70,,
60570,"ﻛﻠﻴﺔ ﺍﻟﻌﻠﻮﻡ ﺑﻘﻔﺼﺔ)ﺟﺎﻣﻌﺔ ﻗﻔﺼﺔ(","ﺍﻟﺼﻴﺎﻧﺔ ﺍﻟﺼﻨﺎﻋﻴﺔ- ﺍﻟﺘﺼﻤﻴﻢ ﻭﺍﻹﻧﺘﺎﺝ ﺍﻟﻤﻨﺪﻣﺞ-","",,2,4,2,101,,
60571,"ﺍﻟﻤﻌﻬﺪ ﺍﻟﻌﺎﻟﻲ ﻟﻠﺪﺭﺍﺳﺎﺕ ﺍﻟﺘﻜﻨﻮﻟﻮﺟﻴﺔ ﺑﻘﻔﺼﺔ)ﺍﻹﺩﺍﺭﺓ ﺍﻟﻌﺎﻣﺔ ﻟﻠﺪﺭﺍﺳﺎﺕ ﺍﻟﺘﻜﻨﻮﻟﻮﺟﻴﺔ(","98 ﺍﻷﺗﻤﺘﺔ ﻭﺍﻹﻋﻼﻣﻴﺔ ﺍﻟﺼﻨﺎﻋﻴﺔ- ﺍﻹﻟﻜﺘﺮﻭﻧﻴﻚ ﻭﺍﻟﻨﻈﻢ ﺍﻟﻤﺤﻤﻮﻟﺔ- ﺍﻟﻜﻬﺮﺑﺎﺀ ﻭﺍﻟﻄﺎﻗﺎﺕ ﺍﻟﻤﺘﺠﺪﺩﺓ-","ﺍﻹﺟﺎﺯﺓ ﻓﻲ ﺍﻟﻬﻨﺪﺳـﺔ ﺍﻟﻜﻬـﺮﺑـﺎﺋـﻴــﺔ ﺳﻨﻮﺍﺕ)ﺃﻣﺪ(3",,1,3,1,70,,
60573,"ﺍﻟﻤﻌﻬﺪ ﺍﻟﻌﺎﻟﻲ ﻟﻠﻌﻠﻮﻡ ﺍﻟﺘﻄﺒﻴﻘﻴﺔ ﻭ ﺍﻟﺘﻜﻨﻮﻟﻮﺟﻴﺎ ﺑﻘﻔﺼﺔ)ﺟﺎﻣﻌﺔ ﻗﻔﺼﺔ(","ﺍﻹﺗﺼﺎﻻﺕ- ﺍﻟﺬﻛﺎﺀ ﺍﻹﺻﻄﻨﺎﻋﻲ-","",,11,16,53,6,,
60603,"ﻛﻠﻴﺔ ﺍﻟﻌﻠﻮﻡ ﺑﻘﻔﺼﺔ)ﺟﺎﻣﻌﺔ ﻗﻔﺼﺔ(","ﺍﻹﻧﺘﻘﺎﻝ ﺍﻟﺬﻛﻲ ﻟﻠﻄﺎﻗﺔ- ﺍﻟﺒﺘﺮﻭﻝ،ﺍﻟﻐﺎﺯ ﻭﺍﻟﺘﺤﻮﻝ ﺍﻟﻄﺎﻗﻲ- ﺍﻟﻄﺎﻗﺎﺕ ﺍﻟﻤﺘﺠﺪﺩﺓ-","",,7,97,,46,,
60629,"ﻛﻠﻴﺔ ﺍﻟﻌﻠﻮﻡ ﺑﻘﻔﺼﺔ)ﺟﺎﻣﻌﺔ ﻗﻔﺼﺔ(","ﺍﻵﻟﻴﺔ ﻭﺍﻹﻋﻼﻣﻴﺔ ﺍﻟﺼﻨﺎﻋﻴﺔ- ﺍﻹﻟﻜﺘﺮﻭﻧﻴﻚ ﻭﺍﻟﺘﻜﻨﻮﻟﻮﺟﻴﺎﺕ ﺍﻟﻤﺤﻤﻮﻟﺔ-","",,11,20,2,88,,
60740,"ﺍﻟﻤﺪﺭﺳﺔ ﺍﻟﻌﻠﻴﺎ ﻟﻌﻠﻮﻡ ﻭ ﺗﻘﻨﻴﺎﺕ ﺍﻟﺼﺤﺔ ﺑﻘﻔﺼﺔ)ﺟﺎﻣﻌﺔ ﻗﻔﺼﺔ(","ﺍﻟﺘﺒﻨﻴﺞ ﻭﺍﻹﻧﻌﺎﺵ-","",,2,19,,,,
60741,"ﺍﻟﻤﺪﺭﺳﺔ ﺍﻟﻌﻠﻴﺎ ﻟﻌﻠﻮﻡ ﻭ ﺗﻘﻨﻴﺎﺕ ﺍﻟﺼﺤﺔ ﺑﻘﻔﺼﺔ)ﺟﺎﻣﻌﺔ ﻗﻔﺼﺔ(","ﺍﻟﺘﺼﻮﻳﺮ ﺍﻟﻄﺒﻲ ﻭﺍﻟﻤﺪﺍﻭﺍﺓ ﺑﺎﻷﺷﻌﺔ-","",,3,18,,,,
60743,"ﺍﻟﻤﺪﺭﺳﺔ ﺍﻟﻌﻠﻴﺎ ﻟﻌﻠﻮﻡ ﻭ ﺗﻘﻨﻴﺎﺕ ﺍﻟﺼﺤﺔ ﺑﻘﻔﺼﺔ)ﺟﺎﻣﻌﺔ ﻗﻔﺼﺔ(","ﺍﻟﺒﻴﻮﻟﻮﺟﻴﺎ ﺍﻟﻄﺒﻴﺔ-","",,2,19,,,,
60760,"ﺍﻟﻤﺪﺭﺳﺔ ﺍﻟﻌﻠﻴﺎ ﻟﻌﻠﻮﻡ ﻭ ﺗﻘﻨﻴﺎﺕ ﺍﻟﺼﺤﺔ ﺑﻘﻔﺼﺔ)ﺟﺎﻣﻌﺔ ﻗﻔﺼﺔ(","ﺍﻟﺮﻋﺎﻳﺔ ﺍﻟﺼﺤﻴﺔ ﻭﺍﻻﺳﺘﻌﺠﺎﻟﻴﺔ ﻭﺍﻹﻧﻌﺎﺵ-","",1,2,17,,,,1
61318,"ﺍﻟﻤﻌﻬﺪ ﺍﻟﻌﺎﻟﻲ ﻟﻠﺪﺭﺍﺳﺎﺕ ﺍﻟﺘﻜﻨﻮﻟﻮﺟﻴﺔ ﺑﻘﻔﺼﺔ)ﺍﻹﺩﺍﺭﺓ ﺍﻟﻌﺎﻣﺔ ﻟﻠﺪﺭﺍﺳﺎﺕ ﺍﻟﺘﻜﻨﻮﻟﻮﺟﻴﺔ(","ﺍﻟﺘﻘﻨﻴﺎﺕ ﺍﻟﻤﺎﻟﻴﺔ- ﺇﺩﺍﺭﺓ ﺍﻷﻋﻤﺎﻝ- ﺍﻟﺘﺼﺮﻑ ﺍﻟﺼﻨﺎﻋﻲ-","",,3,1,1,1,89,
61570,"ﺍﻟﻤﻌﻬﺪ ﺍﻟﻌﺎﻟﻲ ﻟﻠﻌﻠﻮﻡ ﺍﻟﺘﻄﺒﻴﻘﻴﺔ ﻭ ﺍﻟﺘﻜﻨﻮﻟﻮﺟﻴﺎ ﺑﻘﻔﺼﺔ)ﺟﺎﻣﻌﺔ ﻗﻔﺼﺔ(","ﺻﻴﺎﻧﺔ ﺍﻻﻟﻴﺎﺕ ﺍﻟﺜﻘﻴﻠﺔ- ﺻﻴﺎﻧﺔ ﺍﻟﺴﻴﺎﺭﺍﺕ-","",,1,4,1,78,,
61629,"ﺍﻟﻤﻌﻬﺪ ﺍﻟﻌﺎﻟﻲ ﻟﻠﻌﻠﻮﻡ ﺍﻟﺘﻄﺒﻴﻘﻴﺔ ﻭ ﺍﻟﺘﻜﻨﻮﻟﻮﺟﻴﺎ ﺑﻘﻔﺼﺔ)ﺟﺎﻣﻌﺔ ﻗﻔﺼﺔ(","ﺍﻹﻟﻜﺘﺮﻭﻧﻴﺎﺕ ﻭﺍﻷﻧﻈﻤﺔ ﺍﻟﻤﺪﻣﺠﺔ- ﺃﻧﻈﻤﺔ ﻛﻬﺮﺑﺎﺋﻴﺔ ﻭ ﻃﺎﻗﺎﺕ ﻣﺘﺠﺪﺩﺓ-","",,5,9,1,42,,
62570,"ﺍﻟﻤﻌﻬﺪ ﺍﻟﻌﺎﻟﻲ ﻟﻠﺪﺭﺍﺳﺎﺕ ﺍﻟﺘﻜﻨﻮﻟﻮﺟﻴﺔ ﺑﻘﻔﺼﺔ)ﺍﻹﺩﺍﺭﺓ ﺍﻟﻌﺎﻣﺔ ﻟﻠﺪﺭﺍﺳﺎﺕ ﺍﻟﺘﻜﻨﻮﻟﻮﺟﻴﺔ(","ﺍﻟﻄﺎﻗﻴﺔ- ﺍﻟﺒﻨﺎﺀ ﺍﻟﻤﻌﺪﻧﻲ- ﺍﻟﺘﺼﻤﻴﻢ ﻭﺍﻟﺘﺼﻨﻴﻊ ﺍﻟﻤﻴﻜﺎﻧﻴﻜﻲ-","",,1,4,1,78,,
63103,"ﺍﻟﻤﻌﻬﺪ ﺍﻟﻌﺎﻟﻲ ﻟﻠﺪﺭﺍﺳﺎﺕ ﺍﻟﺘﻄﺒﻴﻘﻴﺔ ﻓﻲ ﺍﻹﻧﺴﺎﻧﻴﺎﺕ ﺑﺘﻮﺯﺭ)ﺟﺎﻣﻌﺔ ﻗﻔﺼﺔ(","ﺍﻟﻔﺮﻧﺴﻴﺔ ﻭ ﺍﻟﺴﻴﺎﺣﺔ-","",42,1,1,1,1,20,1
63318,"ﺍﻟﻤﻌﻬﺪ ﺍﻟﻌﺎﻟﻲ ﻟﻠﺪﺭﺍﺳﺎﺕ ﺍﻟﺘﻜﻨﻮﻟﻮﺟﻴﺔ ﺑﺘﻮﺯﺭ)ﺍﻹﺩﺍﺭﺓ ﺍﻟﻌﺎﻣﺔ ﻟﻠﺪﺭﺍﺳﺎﺕ ﺍﻟﺘﻜﻨﻮﻟﻮﺟﻴﺔ(","ﺗﻘﻨﻴﺎﺕ ﺍﻟﻤﺤﺎﺳﺒﺔ ﻭﺍﻟﻤﺮﺍﻗﺒﺔ ﻭﺍﻟﺘﺪﻗﻴﻖ-","",,1,1,1,1,27,
63477,"ﺍﻟﻤﻌﻬﺪ ﺍﻟﻌﺎﻟﻲ ﻟﻠﺪﺭﺍﺳﺎﺕ ﺍﻟﺘﻄﺒﻴﻘﻴﺔ ﻓﻲ ﺍﻹﻧﺴﺎﻧﻴﺎﺕ ﺑﺘﻮﺯﺭ)ﺟﺎﻣﻌﺔ ﻗﻔﺼﺔ(","31 ﺍﻟﺘﺮﺑﻴﺔ ﻭﺍﻟﺘﻌﻠﻴﻢ-","",35,12,12,2,3,7,
63566,"ﺍﻟﻤﻌﻬﺪ ﺍﻟﻌﺎﻟﻲ ﻟﻠﺪﺭﺍﺳﺎﺕ ﺍﻟﺘﻜﻨﻮﻟﻮﺟﻴﺔ ﺑﺘﻮﺯﺭ)ﺍﻹﺩﺍﺭﺓ ﺍﻟﻌﺎﻣﺔ ﻟﻠﺪﺭﺍﺳﺎﺕ ﺍﻟﺘﻜﻨﻮﻟﻮﺟﻴﺔ(","ﺗﻄﻮﻳﺮ ﺍﻟﺒﺮﻣﺠﻴﺎﺕ- ﺍﻟﺒﻴﺎﻧﺎﺕ ﺍﻟﺬﻛﻴﺔ- ﺍﻟﺸﺒﻜﺎﺕ ﻭﺍﻟﺤﻮﺳﺒﺔ ﺍﻟﺴﺤﺎﺑﻴﺔ-","",,15,35,92,16,32,
63568,"ﺍﻟﻤﻌﻬﺪ ﺍﻟﻌﺎﻟﻲ ﻟﻠﺪﺭﺍﺳﺎﺕ ﺍﻟﺘﻜﻨﻮﻟﻮﺟﻴﺔ ﺑﺘﻮﺯﺭ)ﺍﻹﺩﺍﺭﺓ ﺍﻟﻌﺎﻣﺔ ﻟﻠﺪﺭﺍﺳﺎﺕ ﺍﻟﺘﻜﻨﻮﻟﻮﺟﻴﺔ(","ﺃﺷﻐﺎﻝ ﻋﻤﻮﻣﻴﺔ- ﺍﻟﺒﻨﺎﺀ-","",,1,2,1,54,,
63570,"ﺍﻟﻤﻌﻬﺪ ﺍﻟﻌﺎﻟﻲ ﻟﻠﺪﺭﺍﺳﺎﺕ ﺍﻟﺘﻜﻨﻮﻟﻮﺟﻴﺔ ﺑﺘﻮﺯﺭ)ﺍﻹﺩﺍﺭﺓ ﺍﻟﻌﺎﻣﺔ ﻟﻠﺪﺭﺍﺳﺎﺕ ﺍﻟﺘﻜﻨﻮﻟﻮﺟﻴﺔ(","95 ﺍﻟﻄﺎﻗﻴﺔ- ﺍﻟﻤﻴﻜﺎﺗﺮﻭﻧﻴﻚ ﻭ ﺍﻟﺼﻨﺎﻋﺔ ﺍﻟﺬﻛﻴﺔ- ﺍﻟﺼﻴﺎﻧﺔ ﺍﻟﺼﻨﺎﻋﻴﺔ-","ﺍﻹﺟﺎﺯﺓ ﻓﻲ ﺍﻟﻬﻨﺪﺳـﺔ ﺍﻟﻤﻴﻜﺎﻧـﻴـﻜـﻴـﺔ ﺳﻨﻮﺍﺕ)ﺃﻣﺪ(3",,1,4,1,78,,
63571,"ﺍﻟﻤﻌﻬﺪ ﺍﻟﻌﺎﻟﻲ ﻟﻠﺪﺭﺍﺳﺎﺕ ﺍﻟﺘﻜﻨﻮﻟﻮﺟﻴﺔ ﺑﺘﻮﺯﺭ)ﺍﻹﺩﺍﺭﺓ ﺍﻟﻌﺎﻣﺔ ﻟﻠﺪﺭﺍﺳﺎﺕ ﺍﻟﺘﻜﻨﻮﻟﻮﺟﻴﺔ(","ﺍﻷﺗﻤﺘﺔ ﻭﺍﻹﻋﻼﻣﻴﺔ ﺍﻟﺼﻨﺎﻋﻴﺔ- ﺍﻟﻜﻬﺮﺑﺎﺀ ﻭﺍﻟﻄﺎﻗﺎﺕ ﺍﻟﻤﺘﺠﺪﺩﺓ-","",,1,3,1,70,,
70101,"ﻛﻠﻴﺔ ﺍﻵﺩﺍﺏ ﻭﺍﻟﻌﻠﻮﻡ ﺍﻹﻧﺴﺎﻧﻴﺔ ﺑﺎﻟﻘﻴﺮﻭﺍﻥ)ﺟﺎﻣﻌﺔ ﺍﻟﻘﻴﺮﻭﺍﻥ(","2 ﺍﻟﻠﻐﺔ ﻭﺍﻵﺩﺍﺏ ﻭﺍﻟﺤﻀﺎﺭﺓ ﺍﻟﻌﺮﺑﻴﺔ-","ﺍﻹﺟﺎﺯﺓ ﻓﻲ ﺍﻟﻌﺮﺑﻴﺔ ﺳﻨﻮﺍﺕ)ﺃﻣﺪ(3",213,3,3,5,,37,
70102,"ﻛﻠﻴﺔ ﺍﻵﺩﺍﺏ ﻭﺍﻟﻌﻠﻮﻡ ﺍﻹﻧﺴﺎﻧﻴﺔ ﺑﺎﻟﻘﻴﺮﻭﺍﻥ)ﺟﺎﻣﻌﺔ ﺍﻟﻘﻴﺮﻭﺍﻥ(","5 ﺍﻟﻠﻐﺔ ﻭﺍﻵﺩﺍﺏ ﻭﺍﻟﺤﻀﺎﺭﺓ ﺍﻹﻧﻘﻠﻴﺰﻳﺔ-","ﺍﻹﺟﺎﺯﺓ ﻓﻲ ﺍﻹﻧﻘﻠﻴﺰﻳﺔ ﺳﻨﻮﺍﺕ)ﺃﻣﺪ(3",243,2,2,4,3,97,4
70103,"ﻛﻠﻴﺔ ﺍﻵﺩﺍﺏ ﻭﺍﻟﻌﻠﻮﻡ ﺍﻹﻧﺴﺎﻧﻴﺔ ﺑﺎﻟﻘﻴﺮﻭﺍﻥ)ﺟﺎﻣﻌﺔ ﺍﻟﻘﻴﺮﻭﺍﻥ(","ﺍﻟﻠﻐﺔ ﻭﺍﻵﺩﺍﺏ ﻭﺍﻟﻤﻠﺘﻤﻴﺪﻳﺎ-","",140,1,1,2,2,24,2
70122,"ﻛﻠﻴﺔ ﺍﻵﺩﺍﺏ ﻭﺍﻟﻌﻠﻮﻡ ﺍﻹﻧﺴﺎﻧﻴﺔ ﺑﺎﻟﻘﻴﺮﻭﺍﻥ)ﺟﺎﻣﻌﺔ ﺍﻟﻘﻴﺮﻭﺍﻥ(","ﺗﺎﺭﻳﺦ ﺍﻟﻔﻠﺴﻔﺔ ﻭﺍﻟﻔﻠﺴﻔﺔ ﺍﻟﻌﺎﻣﺔ-","",70,1,1,2,2,9,2
70138,"ﺍﻟﻤﻌﻬﺪ ﺍﻟﻌﺎﻟﻲ ﻟﻠﻌﻠﻮﻡ ﺍﻹﺳﻼﻣﻴﺔ ﺑﺎﻟﻘﻴﺮﻭﺍﻥ) ﺟﺎﻣﻌﺔ ﺍﻟﺰﻳﺘﻮﻧﺔ(","ﺍﻷﺩﻳﺎﻥ ﺍﻟﻤﻘﺎﺭﻧﺔ ﻭﺣﻮﺍﺭ ﺍﻟﺤﻀﺎﺭﺍﺕ- ﺍﻟﻔﻘﻪ ﺍﻟﻤﻘﺎﺭﻥ- ﺍﻟﻜﺘﺎﺏ ﻭﺍﻟﺴﻨﺔ-","",67,1,1,1,1,6,1
70147,"ﻛﻠﻴﺔ ﺍﻵﺩﺍﺏ ﻭﺍﻟﻌﻠﻮﻡ ﺍﻹﻧﺴﺎﻧﻴﺔ ﺑﺎﻟﻘﻴﺮﻭﺍﻥ)ﺟﺎﻣﻌﺔ ﺍﻟﻘﻴﺮﻭﺍﻥ(","ﺍﻹﻧﻘﻠﻴﺰﻳﺔ-ﺍﻟﻌﺮﺑﻴﺔ/ ﺍﻟﻔﺮﻧﺴﻴﺔ-","",228,5,5,8,6,97,8
70167,"ﻛﻠﻴﺔ ﺍﻵﺩﺍﺏ ﻭﺍﻟﻌﻠﻮﻡ ﺍﻹﻧﺴﺎﻧﻴﺔ ﺑﺎﻟﻘﻴﺮﻭﺍﻥ)ﺟﺎﻣﻌﺔ ﺍﻟﻘﻴﺮﻭﺍﻥ(","ﻋﻠﻢ ﺍﻵﺛﺎﺭ-","",23,1,1,2,2,60,2
70202,"ﺍﻟﻤﻌﻬﺪ ﺍﻟﻌﺎﻟﻲ ﻟﻠﻔﻨﻮﻥ ﻭﺍﻟﺤﺮﻑ ﺑﺎﻟﻘﻴﺮﻭﺍﻥ)ﺟﺎﻣﻌﺔ ﺍﻟﻘﻴﺮﻭﺍﻥ(","ﺧﺰﻑ- ﻧﺴﻴﺞ- ﻓﺘﻮﻏﺮﺍﻓﻴﺎ-","",75,8,6,14,9,56,14
70207,"ﺍﻟﻤﻌﻬﺪ ﺍﻟﻌﺎﻟﻲ ﻟﻠﻔﻨﻮﻥ ﻭﺍﻟﺤﺮﻑ ﺑﺎﻟﻘﻴﺮﻭﺍﻥ)ﺟﺎﻣﻌﺔ ﺍﻟﻘﻴﺮﻭﺍﻥ(","44 ﻫﻨﺪﺳﺔ ﺩﺍﺧﻠﻴﺔ-","ﺍﻹﺟﺎﺯﺓ ﻓﻲ ﺗﺼﻤﻴﻢ ﺍﻟﻔﻀﺎﺀ ﺳﻨﻮﺍﺕ)ﺃﻣﺪ(3",19,5,8,35,53,113,2
70208,"ﺍﻟﻤﻌﻬﺪ ﺍﻟﻌﺎﻟﻲ ﻟﻠﻔﻨﻮﻥ ﻭﺍﻟﺤﺮﻑ ﺑﺎﻟﻘﻴﺮﻭﺍﻥ)ﺟﺎﻣﻌﺔ ﺍﻟﻘﻴﺮﻭﺍﻥ(","47 ﺍﺑﺘﻜﺎﺭ ﺣﺮﻓﻲ- ﺍﺑﺘﻜﺎﺭﻣﺼﻮﻍ-","ﺍﻻﺟﺎﺯﺓ ﻓﻲ ﺗﺼﻤﻴﻢ ﺍﻟﻤﻨﺘﻮﺝ ﺳﻨﻮﺍﺕ)ﺃﻣﺪ(3",5,4,4,20,33,74,2
70209,"ﺍﻟﻤﻌﻬﺪ ﺍﻟﻌﺎﻟﻲ ﻟﻠﻔﻨﻮﻥ ﻭﺍﻟﺤﺮﻑ ﺑﺎﻟﻘﻴﺮﻭﺍﻥ)ﺟﺎﻣﻌﺔ ﺍﻟﻘﻴﺮﻭﺍﻥ(","ﺇﺷﻬﺎﺭ ﺳﻤﻌﻲ ﺑﺼﺮﻱ- ﺍﻟﺘﺼﻤﻴﻢ ﺍﻟﺨﻄﻲ-","",13,6,6,36,32,76,2
70301,"ﺍﻟﻤﻌﻬﺪ ﺍﻟﻌﺎﻟﻲ ﻟﻠﺪﺭﺍﺳﺎﺕ ﺍﻟﻘﺎﻧﻮﻧﻴﺔ ﻭﺍﻟﺴﻴﺎﺳﻴﺔ ﺑﺎﻟﻘﻴﺮﻭﺍﻥ)ﺟﺎﻣﻌﺔ ﺍﻟﻘﻴﺮﻭﺍﻥ(","ﺍﻟﻘﺎﻧﻮﻥ ﺍﻟﺨﺎﺹ- ﺍﻟﻘﺎﻧﻮﻥ ﺍﻟﻌﺎﻡ-","",248,10,16,2,2,105,14
70311,"ﺍﻟﻤﻌﻬﺪ ﺍﻟﻌﺎﻟﻲ ﻟﻺﻋﻼﻣﻴﺔ ﻭ ﺍﻟﺘﺼﺮﻑ ﺑﺎﻟﻘﻴﺮﻭﺍﻥ)ﺟﺎﻣﻌﺔ ﺍﻟﻘﻴﺮﻭﺍﻥ(","ﺫﻛﺎﺀ ﺍﻷﻋﻤﺎﻝ-","",,13,9,70,1,85,
70312,"ﺍﻟﻤﻌﻬﺪ ﺍﻟﻌﺎﻟﻲ ﻟﻺﻋﻼﻣﻴﺔ ﻭ ﺍﻟﺘﺼﺮﻑ ﺑﺎﻟﻘﻴﺮﻭﺍﻥ)ﺟﺎﻣﻌﺔ ﺍﻟﻘﻴﺮﻭﺍﻥ(","ﺍﻟﻨﻘﺪ ﻭﺍﻟﻤﺎﻟﻴﺔ ﻭﺍﻟﺒﻨﻚ ﻭﺍﻟﺘﺄﻣﻴﻦ - ﻋﻠﻢ ﺍﻟﺒﻴﺎﻧﺎﺕ ﻟﻼﻗﺘﺼﺎﺩ ﻭﺍﻟﻤﺎﻟﻴﺔ-","ﺍﻻﺟﺎﺯﺓ ﻓﻲ ﺍﻟﻌﻠﻮﻡ ﺍﻻﻗﺘﺼﺎﺩﻳﺔ ﺳﻨﻮﺍﺕ)ﺃﻣﺪ(3",,4,2,,,186,
70318,"ﺍﻟﻤﻌﻬﺪ ﺍﻟﻌﺎﻟﻲ ﻟﻺﻋﻼﻣﻴﺔ ﻭ ﺍﻟﺘﺼﺮﻑ ﺑﺎﻟﻘﻴﺮﻭﺍﻥ)ﺟﺎﻣﻌﺔ ﺍﻟﻘﻴﺮﻭﺍﻥ(","ﺇﺩﺍﺭﺓ ﺍﻷﻋﻤﺎﻝ- ﺍﻟﻤﺎﻟﻴﺔ- ﺍﻟﻤﺤﺎﺳﺒﺔ-","",,10,5,4,1,286,
70507,"ﺍﻟﻤﻌﻬﺪ ﺍﻟﻌﺎﻟﻲ ﻟﻠﺮﻳﺎﺿﻴﺎﺕ ﺍﻟﺘﻄﺒﻴﻘﻴﺔ ﻭﺍﻹﻋﻼﻣﻴﺔ ﺑﺎﻟﻘﻴﺮﻭﺍﻥ)ﺟﺎﻣﻌﺔ ﺍﻟﻘﻴﺮﻭﺍﻥ(","ﺍﻻﻋﻼﻣﻴﺔ - ﺍﻟﺮﻳﺎﺿﻴﺎﺕ-","ﺍﻹﺟﺎﺯﺓ ﻓﻲ ﺍﻟﺮﻳﺎﺿﻴﺎﺕ ﺳﻨﻮﺍﺕ)ﺃﻣﺪ(3",,53,16,1,1,,
70522,"ﺍﻟﻤﻌﻬﺪ ﺍﻟﺘﺤﻀﻴﺮﻱ ﻟﻠﺪﺭﺍﺳﺎﺕ ﺍﻟﻬﻨﺪﺳﻴﺔ ﺑﺎﻟﻘﻴﺮﻭﺍﻥ)ﺟﺎﻣﻌﺔ ﺍﻟﻘﻴﺮﻭﺍﻥ(","ﻛﻴﻤﻴﺎﺀ- ﻓﻴﺰﻳﺎﺀ/ﻓﻴﺰﻳﺎﺀ- ﺭﻳﺎﺿﻴﺎﺕ-","",,66,54,6,,,
70523,"ﺍﻟﻤﻌﻬﺪ ﺍﻟﻌﺎﻟﻲ ﻟﻺﻋﻼﻣﻴﺔ ﻭ ﺍﻟﺘﺼﺮﻑ ﺑﺎﻟﻘﻴﺮﻭﺍﻥ)ﺟﺎﻣﻌﺔ ﺍﻟﻘﻴﺮﻭﺍﻥ(","82 ﻫﻨﺪﺳﺔ ﺍﻟﺒﺮﻣﺠﻴﺎﺕ ﻭﻧﻈﻢ ﺍﻟﻤﻌﻠﻮﻣﺎﺕ-","ﺍﻹﺟﺎﺯﺓ ﻓﻲ ﻋﻠﻮﻡ ﺍﻹﻋﻼﻣﻴﺔ ﺳﻨﻮﺍﺕ)ﺃﻣﺪ(3",,30,33,104,4,,
70524,"ﺍﻟﻤﻌﻬﺪ ﺍﻟﻌﺎﻟﻲ ﻟﻺﻋﻼﻣﻴﺔ ﻭ ﺍﻟﺘﺼﺮﻑ ﺑﺎﻟﻘﻴﺮﻭﺍﻥ)ﺟﺎﻣﻌﺔ ﺍﻟﻘﻴﺮﻭﺍﻥ(","ﺍﻟﻨﻈﻢ ﺍﻟﻤﺤﻤﻮﻟﺔ ﻭﺍﻧﺘﺮﻧﺎﺕ ﺍﻷﺷﻴﺎﺀ-","",,20,22,67,3,,
70532,"ﺍﻟﻤﻌﻬﺪ ﺍﻟﺘﺤﻀﻴﺮﻱ ﻟﻠﺪﺭﺍﺳﺎﺕ ﺍﻟﻬﻨﺪﺳﻴﺔ ﺑﺎﻟﻘﻴﺮﻭﺍﻥ)ﺟﺎﻣﻌﺔ ﺍﻟﻘﻴﺮﻭﺍﻥ(","115 ﺗﻜﻨﻮﻟﻮﺟﻴﺎ-","",,,,,94,,
70566,"ﺍﻟﻤﻌﻬﺪ ﺍﻟﻌﺎﻟﻲ ﻟﻠﺪﺭﺍﺳﺎﺕ ﺍﻟﺘﻜﻨﻮﻟﻮﺟﻴﺔ ﺑﺎﻟﻘﻴﺮﻭﺍﻥ)ﺍﻹﺩﺍﺭﺓ ﺍﻟﻌﺎﻣﺔ ﻟﻠﺪﺭﺍﺳﺎﺕ ﺍﻟﺘﻜﻨﻮﻟﻮﺟﻴﺔ(","ﺗﻄﻮﻳﺮ ﺍﻟﺒﺮﻣﺠﻴﺎﺕ- ﺍﻟﺸﺒﻜﺎﺕ ﻭﺍﻟﺤﻮﺳﺒﺔ ﺍﻟﺴﺤﺎﺑﻴﺔ-","",,7,16,42,7,15,
70570,"ﺍﻟﻤﻌﻬﺪ ﺍﻟﻌﺎﻟﻲ ﻟﻠﻌﻠﻮﻡ ﺍﻟﺘﻄﺒﻴﻘﻴﺔ ﻭ ﺍﻟﺘﻜﻨﻮﻟﻮﺟﻴﺎ ﺑﺎﻟﻘﻴﺮﻭﺍﻥ)ﺟﺎﻣﻌﺔ ﺍﻟﻘﻴﺮﻭﺍﻥ(","ﺍﻟﺘﺼﻤﻴﻢ ﻭﺍﻟﺘﺼﻨﻴﻊ ﺍﻟﻤﻨﺪﻣﺞ-","",,5,11,5,234,,
70571,"ﺍﻟﻤﻌﻬﺪ ﺍﻟﻌﺎﻟﻲ ﻟﻠﺪﺭﺍﺳﺎﺕ ﺍﻟﺘﻜﻨﻮﻟﻮﺟﻴﺔ ﺑﺎﻟﻘﻴﺮﻭﺍﻥ)ﺍﻹﺩﺍﺭﺓ ﺍﻟﻌﺎﻣﺔ ﻟﻠﺪﺭﺍﺳﺎﺕ ﺍﻟﺘﻜﻨﻮﻟﻮﺟﻴﺔ(","ﺍﻷﺗﻤﺘﺔ ﻭﺍﻹﻋﻼﻣﻴﺔ ﺍﻟﺼﻨﺎﻋﻴﺔ- ﺍﻟﻜﻬﺮﺑﺎﺀ ﻭﺍﻟﻄﺎﻗﺎﺕ ﺍﻟﻤﺘﺠﺪﺩﺓ-","",,1,4,1,78,,
70603,"ﺍﻟﻤﻌﻬﺪ ﺍﻟﻌﺎﻟﻲ ﻟﻠﻌﻠﻮﻡ ﺍﻟﺘﻄﺒﻴﻘﻴﺔ ﻭ ﺍﻟﺘﻜﻨﻮﻟﻮﺟﻴﺎ ﺑﺎﻟﻘﻴﺮﻭﺍﻥ)ﺟﺎﻣﻌﺔ ﺍﻟﻘﻴﺮﻭﺍﻥ(","ﺍﻟﻄﺎﻗﺎﺕ ﺍﻟﺠﺪﻳﺪﺓ ﻭﺍﻟﻤﺘﺠﺪﺩﺓ-","",,4,58,,27,,
70629,"ﺍﻟﻤﻌﻬﺪ ﺍﻟﻌﺎﻟﻲ ﻟﻠﻌﻠﻮﻡ ﺍﻟﺘﻄﺒﻴﻘﻴﺔ ﻭ ﺍﻟﺘﻜﻨﻮﻟﻮﺟﻴﺎ ﺑﺎﻟﻘﻴﺮﻭﺍﻥ)ﺟﺎﻣﻌﺔ ﺍﻟﻘﻴﺮﻭﺍﻥ(","ﺍﻧﻈﻤﺔ ﻛﻬﺮﺑﺎﺋﻴﺔ- ﺍﻻﻟﻴﺔ ﻭ ﺍﻷﻧﻈﻤﺔ ﺍﻟﺼﻨﺎﻋﻴﺔ-","",,15,27,2,118,,
71318,"ﺍﻟﻤﻌﻬﺪ ﺍﻟﻌﺎﻟﻲ ﻟﻠﺪﺭﺍﺳﺎﺕ ﺍﻟﺘﻜﻨﻮﻟﻮﺟﻴﺔ ﺑﺎﻟﻘﻴﺮﻭﺍﻥ)ﺍﻹﺩﺍﺭﺓ ﺍﻟﻌﺎﻣﺔ ﻟﻠﺪﺭﺍﺳﺎﺕ ﺍﻟﺘﻜﻨﻮﻟﻮﺟﻴﺔ(","65 ﺇﺩﺍﺭﺓ ﺍﻷﻋﻤﺎﻝ- ﺍﻟﺘﺼﺮﻑ ﺍﻟﺼﻨﺎﻋﻲ-","",,2,1,1,1,67,
71523,"ﺍﻟﻤﻌﻬﺪ ﺍﻟﻌﺎﻟﻲ ﻟﻠﺮﻳﺎﺿﻴﺎﺕ ﺍﻟﺘﻄﺒﻴﻘﻴﺔ ﻭﺍﻹﻋﻼﻣﻴﺔ ﺑﺎﻟﻘﻴﺮﻭﺍﻥ)ﺟﺎﻣﻌﺔ ﺍﻟﻘﻴﺮﻭﺍﻥ(","ﺍﻟﺒﻴﺎﻧﺎﺕ ﺍﻟﻀﺨﻤﺔ ﻭﺗﺤﻠﻴﻞ ﺍﻟﺒﻴﺎﻧﺎﺕ- ﻫﻨﺪﺳﺔ ﺍﻟﺒﺮﻣﺠﻴﺎﺕ ﻭﻧﻈﻢ ﺍﻟﻤﻌﻠﻮﻣﺎﺕ-","",,34,36,115,5,,
71524,"ﺍﻟﻤﻌﻬﺪ ﺍﻟﻌﺎﻟﻲ ﻟﻠﻌﻠﻮﻡ ﺍﻟﺘﻄﺒﻴﻘﻴﺔ ﻭ ﺍﻟﺘﻜﻨﻮﻟﻮﺟﻴﺎ ﺑﺎﻟﻘﻴﺮﻭﺍﻥ)ﺟﺎﻣﻌﺔ ﺍﻟﻘﻴﺮﻭﺍﻥ(","85 ﺍﻟﻨﻈﻢ ﺍﻟﻤﺤﻤﻮﻟﺔ ﻭﺍﻧﺘﺮﻧﺎﺕ ﺍﻷﺷﻴﺎﺀ-","ﺍﻹﺟﺎﺯﺓ ﻓﻲ ﻫﻨﺪﺳﺔ ﻧﻈﻢ ﺍﻹﻋﻼﻣﻴﺔ ﺳﻨﻮﺍﺕ)ﺃﻣﺪ(3",,42,46,142,7,,
72523,"ﺍﻟﻤﻌﻬﺪ ﺍﻟﻌﺎﻟﻲ ﻟﻠﻌﻠﻮﻡ ﺍﻟﺘﻄﺒﻴﻘﻴﺔ ﻭ ﺍﻟﺘﻜﻨﻮﻟﻮﺟﻴﺎ ﺑﺎﻟﻘﻴﺮﻭﺍﻥ)ﺟﺎﻣﻌﺔ ﺍﻟﻘﻴﺮﻭﺍﻥ(","ﺍﻟﺒﻴﺎﻧﺎﺕ ﺍﻟﻀﺨﻤﺔ ﻭﺗﺤﻠﻴﻞ ﺍﻟﺒﻴﺎﻧﺎﺕ-","",,41,45,144,6,,
72524,"ﺍﻟﻤﻌﻬﺪ ﺍﻟﻌﺎﻟﻲ ﻟﻠﺮﻳﺎﺿﻴﺎﺕ ﺍﻟﺘﻄﺒﻴﻘﻴﺔ ﻭﺍﻹﻋﻼﻣﻴﺔ ﺑﺎﻟﻘﻴﺮﻭﺍﻥ)ﺟﺎﻣﻌﺔ ﺍﻟﻘﻴﺮﻭﺍﻥ(","ﺍﻟﺸﺒﻜﺎﺕ ﻭﺍﻷﻣﻦ ﺍﻟﺴﻴﺒﺮﺍﻧﻲ-","",,34,37,113,5,,
72570,"ﺍﻟﻤﻌﻬﺪ ﺍﻟﻌﺎﻟﻲ ﻟﻠﺪﺭﺍﺳﺎﺕ ﺍﻟﺘﻜﻨﻮﻟﻮﺟﻴﺔ ﺑﺎﻟﻘﻴﺮﻭﺍﻥ)ﺍﻹﺩﺍﺭﺓ ﺍﻟﻌﺎﻣﺔ ﻟﻠﺪﺭﺍﺳﺎﺕ ﺍﻟﺘﻜﻨﻮﻟﻮﺟﻴﺔ(","ﺍﻟﺼﻴﺎﻧﺔ ﺍﻟﺼﻨﺎﻋﻴﺔ- ﺍﻟﺘﺼﻤﻴﻢ ﻭﺍﻟﺘﺼﻨﻴﻊ ﺍﻟﻤﻴﻜﺎﻧﻴﻜﻲ-","",,1,4,1,78,,
73102,"ﺍﻟﻤﻌﻬﺪ ﺍﻟﻌﺎﻟﻲ ﻟﻠﺪﺭﺍﺳﺎﺕ ﺍﻟﺘﻄﺒﻴﻘﻴﺔ ﻓﻲ ﺍﻻﻧﺴﺎﻧﻴﺎﺕ ﺑﺴﺒﻴﻄﻠﺔ)ﺟﺎﻣﻌﺔ ﺍﻟﻘﻴﺮﻭﺍﻥ(","ﺃﻧﻘﻠﻴﺰﻳﺔ ﺍﻷﻋﻤﺎﻝ-","",73,1,1,1,1,29,1
73202,"ﺍﻟﻤﻌﻬﺪ ﺍﻟﻌﺎﻟﻲ ﻟﻠﻔﻨﻮﻥ ﻭ ﺍﻟﺤﺮﻑ ﺑﺎﻟﻘﺼﺮﻳﻦ)ﺟﺎﻣﻌﺔ ﺍﻟﻘﻴﺮﻭﺍﻥ(","41 ﺧﺰﻑ- ﻧﺤﺖ-","ﺍﻹﺟﺎﺯﺓ ﻓﻲ ﺍﻟﻔﻨﻮﻥ ﺍﻟﺘﺸﻜﻴﻠﻴﺔ ﺳﻨﻮﺍﺕ)ﺃﻣﺪ(3",37,4,4,7,4,28,7
73207,"ﺍﻟﻤﻌﻬﺪ ﺍﻟﻌﺎﻟﻲ ﻟﻠﻔﻨﻮﻥ ﻭ ﺍﻟﺤﺮﻑ ﺑﺎﻟﻘﺼﺮﻳﻦ)ﺟﺎﻣﻌﺔ ﺍﻟﻘﻴﺮﻭﺍﻥ(","ﻫﻨﺪﺳﺔ ﺩﺍﺧﻠﻴﺔ-","",14,4,6,25,38,81,2
73208,"ﺍﻟﻤﻌﻬﺪ ﺍﻟﻌﺎﻟﻲ ﻟﻠﻔﻨﻮﻥ ﻭ ﺍﻟﺤﺮﻑ ﺑﺎﻟﻘﺼﺮﻳﻦ)ﺟﺎﻣﻌﺔ ﺍﻟﻘﻴﺮﻭﺍﻥ(","ﺗﺼﻤﻴﻢ ﺍﻟﻤﻨﺘﻮﺝ-","",3,2,3,13,22,49,1
73318,"ﺍﻟﻤﻌﻬﺪ ﺍﻟﻌﺎﻟﻲ ﻟﻠﺪﺭﺍﺳﺎﺕ ﺍﻟﺘﻜﻨﻮﻟﻮﺟﻴﺔ ﺑﺎﻟﻘﺼﺮﻳﻦ)ﺍﻹﺩﺍﺭﺓ ﺍﻟﻌﺎﻣﺔ ﻟﻠﺪﺭﺍﺳﺎﺕ ﺍﻟﺘﻜﻨﻮﻟﻮﺟﻴﺔ(","ﺍﻟﺘﻘﻨﻴﺎﺕ ﺍﻟﻤﺎﻟﻴﺔ - ﺇﺩﺍﺭﺓ ﺍﻷﻋﻤﺎﻝ- ﺗﻘﻨﻴﺎﺕ ﺍﻟﻤﺤﺎﺳﺒﺔ ﻭﺍﻟﻤﺮﺍﻗﺒﺔ ﻭﺍﻟﺘﺪﻗﻴﻖ-","ﺍﻹﺟﺎﺯﺓ ﻓﻲ ﻋﻠﻮﻡ ﺍﻟﺘﺼﺮﻑ ﺳﻨﻮﺍﺕ)ﺃﻣﺪ(3",,4,2,1,1,108,
73440,"ﺍﻟﻤﻌﻬﺪ ﺍﻟﻌﺎﻟﻲ ﻟﻠﺪﺭﺍﺳﺎﺕ ﺍﻟﺘﻄﺒﻴﻘﻴﺔ ﻓﻲ ﺍﻻﻧﺴﺎﻧﻴﺎﺕ ﺑﺴﺒﻴﻄﻠﺔ)ﺟﺎﻣﻌﺔ ﺍﻟﻘﻴﺮﻭﺍﻥ(","ﺍﻟﺘﻨﺸﻴﻂ ﺍﻟﺴﻴﺎﺣﻲ-","",45,4,1,2,2,22,14
73477,"ﺍﻟﻤﻌﻬﺪ ﺍﻟﻌﺎﻟﻲ ﻟﻠﺪﺭﺍﺳﺎﺕ ﺍﻟﺘﻄﺒﻴﻘﻴﺔ ﻓﻲ ﺍﻻﻧﺴﺎﻧﻴﺎﺕ ﺑﺴﺒﻴﻄﻠﺔ)ﺟﺎﻣﻌﺔ ﺍﻟﻘﻴﺮﻭﺍﻥ(","ﺍﻟﺘﺮﺑﻴﺔ ﻭﺍﻟﺘﻌﻠﻴﻢ-","ﺍﻹﺟﺎﺯﺓ ﻓﻲ ﺍﻟﺘﺮﺑﻴﺔ ﻭﺍﻟﺘﻌﻠﻴﻢ ﺳﻨﻮﺍﺕ)ﺃﻣﺪ(3 ﺳﻨﺔ ﻓﻲ ﻏﺮﺓ21 ﺍﻟﺴﻦ ﺍﻟﻘﺼﻮﻯ ﺃﻛﺘﻮﺑﺮ ﺷﻌﺒﺔ ﺗﺘﻄﻠﺐ ﺍﺧﺘﺒﺎﺭ",35,12,12,2,3,7,
73523,"ﺍﻟﻤﻌﻬﺪ ﺍﻟﻌﺎﻟﻲ ﻟﻠﻌﻠﻮﻡ ﺍﻟﺘﻄﺒﻴﻘﻴﺔ ﻭ ﺍﻟﺘﻜﻨﻮﻟﻮﺟﻴﺎ ﺑﺎﻟﻘﺼﺮﻳﻦ)ﺟﺎﻣﻌﺔ ﺍﻟﻘﻴﺮﻭﺍﻥ(","ﺍﻟﺒﻴﺎﻧﺎﺕ ﺍﻟﻀﺨﻤﺔ ﻭﺗﺤﻠﻴﻞ ﺍﻟﺒﻴﺎﻧﺎﺕ- ﻫﻨﺪﺳﺔ ﺍﻟﺒﺮﻣﺠﻴﺎﺕ ﻭﻧﻈﻢ ﺍﻟﻤﻌﻠﻮﻣﺎﺕ-","",,25,27,86,3,,
73524,"ﺍﻟﻤﻌﻬﺪ ﺍﻟﻌﺎﻟﻲ ﻟﻠﻌﻠﻮﻡ ﺍﻟﺘﻄﺒﻴﻘﻴﺔ ﻭ ﺍﻟﺘﻜﻨﻮﻟﻮﺟﻴﺎ ﺑﺎﻟﻘﺼﺮﻳﻦ)ﺟﺎﻣﻌﺔ ﺍﻟﻘﻴﺮﻭﺍﻥ(","ﺍﻟﻨﻈﻢ ﺍﻟﻤﺤﻤﻮﻟﺔ ﻭ ﺇﻧﺘﺮﻧﺎﺕ ﺍﻷﺷﻴﺎﺀ-","",,36,40,124,6,,
73566,"ﺍﻟﻤﻌﻬﺪ ﺍﻟﻌﺎﻟﻲ ﻟﻠﺪﺭﺍﺳﺎﺕ ﺍﻟﺘﻜﻨﻮﻟﻮﺟﻴﺔ ﺑﺎﻟﻘﺼﺮﻳﻦ)ﺍﻹﺩﺍﺭﺓ ﺍﻟﻌﺎﻣﺔ ﻟﻠﺪﺭﺍﺳﺎﺕ ﺍﻟﺘﻜﻨﻮﻟﻮﺟﻴﺔ(","ﺗﻄﻮﻳﺮ ﺍﻟﺒﺮﻣﺠﻴﺎﺕ ﻷﻧﺘﺮﻧﺖ ﺍﻷﺷﻴﺎﺀ- ﺗﻄﻮﻳﺮ ﺍﻟﺒﺮﻣﺠﻴﺎﺕ- ﺍﻟﺸﺒﻜﺎﺕ ﻭﺍﻟﺤﻮﺳﺒﺔ ﺍﻟﺴﺤﺎﺑﻴﺔ-","",,15,35,92,16,32,
73570,"ﺍﻟﻤﻌﻬﺪ ﺍﻟﻌﺎﻟﻲ ﻟﻠﻌﻠﻮﻡ ﺍﻟﺘﻄﺒﻴﻘﻴﺔ ﻭ ﺍﻟﺘﻜﻨﻮﻟﻮﺟﻴﺎ ﺑﺎﻟﻘﺼﺮﻳﻦ)ﺟﺎﻣﻌﺔ ﺍﻟﻘﻴﺮﻭﺍﻥ(","ﺍﻟﺘﺼﻤﻴﻢ ﻭﺍﻟﺘﺼﻨﻴﻊ ﺍﻟﻤﻴﻜﺎﻧﻴﻜﻲ-","",,1,4,1,78,,
73571,"ﺍﻟﻤﻌﻬﺪ ﺍﻟﻌﺎﻟﻲ ﻟﻠﺪﺭﺍﺳﺎﺕ ﺍﻟﺘﻜﻨﻮﻟﻮﺟﻴﺔ ﺑﺎﻟﻘﺼﺮﻳﻦ)ﺍﻹﺩﺍﺭﺓ ﺍﻟﻌﺎﻣﺔ ﻟﻠﺪﺭﺍﺳﺎﺕ ﺍﻟﺘﻜﻨﻮﻟﻮﺟﻴﺔ(","ﺍﻷﺗﻤﺘﺔ ﻭﺍﻹﻋﻼﻣﻴﺔ ﺍﻟﺼﻨﺎﻋﻴﺔ- ﺍﻟﻜﻬﺮﺑﺎﺀ ﻭﺍﻟﻄﺎﻗﺎﺕ ﺍﻟﻤﺘﺠﺪﺩﺓ-","",,1,2,1,54,,
73573,"ﺍﻟﻤﻌﻬﺪ ﺍﻟﻌﺎﻟﻲ ﻟﻠﻌﻠﻮﻡ ﺍﻟﺘﻄﺒﻴﻘﻴﺔ ﻭ ﺍﻟﺘﻜﻨﻮﻟﻮﺟﻴﺎ ﺑﺎﻟﻘﺼﺮﻳﻦ)ﺟﺎﻣﻌﺔ ﺍﻟﻘﻴﺮﻭﺍﻥ(","ﺍﻹﺗﺼﺎﻻﺕ-","",,9,13,41,4,,
73629,"ﺍﻟﻤﻌﻬﺪ ﺍﻟﻌﺎﻟﻲ ﻟﻠﻌﻠﻮﻡ ﺍﻟﺘﻄﺒﻴﻘﻴﺔ ﻭ ﺍﻟﺘﻜﻨﻮﻟﻮﺟﻴﺎ ﺑﺎﻟﻘﺼﺮﻳﻦ)ﺟﺎﻣﻌﺔ ﺍﻟﻘﻴﺮﻭﺍﻥ(","ﺍﻟﻨﻈﻢ ﺍﻟﻤﺤﻤﻮﻟﺔ- .ﺍﻟﻄﺎﻗﺎﺕ ﺍﻟﻤﺘﺠﺪﺩﺓ ﻭﺍﻟﻨﺠﺎﻋﺔ ﺍﻟﻄﺎﻗﻴﺔ-","",,7,13,1,59,,
74570,"ﺍﻟﻤﻌﻬﺪ ﺍﻟﻌﺎﻟﻲ ﻟﻠﺪﺭﺍﺳﺎﺕ ﺍﻟﺘﻜﻨﻮﻟﻮﺟﻴﺔ ﺑﺎﻟﻘﺼﺮﻳﻦ)ﺍﻹﺩﺍﺭﺓ ﺍﻟﻌﺎﻣﺔ ﻟﻠﺪﺭﺍﺳﺎﺕ ﺍﻟﺘﻜﻨﻮﻟﻮﺟﻴﺔ(","ﺍﻟﺼﻴﺎﻧﺔ ﺍﻟﺼﻨﺎﻋﻴﺔ- ﺍﻹﻧﺸﺎﺀﺍﺕ ﺍﻟﻤﻴﻜﺎﻧﻴﻜﻴﺔ ﻭﺍﻟﺘﺼﻨﻴﻊ-","",,1,2,1,54,,
75207,"ﺍﻟﻤﻌﻬﺪ ﺍﻟﻌﺎﻟﻲ ﻟﻠﻔﻨﻮﻥ ﻭﺍﻟﺤﺮﻑ ﺑﺴﻴﺪﻱ ﺑﻮﺯﻳﺪ)ﺟﺎﻣﻌﺔ ﺍﻟﻘﻴﺮﻭﺍﻥ(","ﻫﻨﺪﺳﺔ ﺩﺍﺧﻠﻴﺔ-","",26,7,11,49,74,157,4
75208,"ﺍﻟﻤﻌﻬﺪ ﺍﻟﻌﺎﻟﻲ ﻟﻠﻔﻨﻮﻥ ﻭﺍﻟﺤﺮﻑ ﺑﺴﻴﺪﻱ ﺑﻮﺯﻳﺪ)ﺟﺎﻣﻌﺔ ﺍﻟﻘﻴﺮﻭﺍﻥ(","ﺗﺼﻤﻴﻢ ﺍﻟﻤﻨﺘﻮﺝ-","",2,1,1,15,13,29,1
75209,"ﺍﻟﻤﻌﻬﺪ ﺍﻟﻌﺎﻟﻲ ﻟﻠﻔﻨﻮﻥ ﻭﺍﻟﺤﺮﻑ ﺑﺴﻴﺪﻱ ﺑﻮﺯﻳﺪ)ﺟﺎﻣﻌﺔ ﺍﻟﻘﻴﺮﻭﺍﻥ(","ﺇﺷﻬﺎﺭ ﺧﻄﻲ-","",4,2,2,25,11,25,1
75506,"ﻛﻠﻴﺔ ﺍﻟﻌﻠﻮﻡ ﻭ ﺍﻟﺘﻘﻨﻴﺎﺕ ﺑﺴﻴﺪﻱ ﺑﻮﺯﻳﺪ)ﺟﺎﻣﻌﺔ ﺍﻟﻘﻴﺮﻭﺍﻥ(","ﺍﻟﻤﻮﺍﺩ ﻭﺍﻟﻄﺎﻗﺎﺕ ﺍﻟﻤﺘﺠﺪﺩﺓ-","ﺍﻹﺟﺎﺯﺓ ﻓﻲ ﻋﻠﻮﻡ ﺍﻟﻤﻮﺍﺩ ﺳﻨﻮﺍﺕ)ﺃﻣﺪ(3",,6,58,,8,,
75523,"ﻛﻠﻴﺔ ﺍﻟﻌﻠﻮﻡ ﻭ ﺍﻟﺘﻘﻨﻴﺎﺕ ﺑﺴﻴﺪﻱ ﺑﻮﺯﻳﺪ)ﺟﺎﻣﻌﺔ ﺍﻟﻘﻴﺮﻭﺍﻥ(","ﻫﻨﺪﺳﺔ ﺍﻟﺒﺮﻣﺠﻴﺎﺕ ﻭﻧﻈﻢ ﺍﻟﻤﻌﻠﻮﻣﺎﺕ-","",,36,40,127,5,,
75534,"ﻛﻠﻴﺔ ﺍﻟﻌﻠﻮﻡ ﻭ ﺍﻟﺘﻘﻨﻴﺎﺕ ﺑﺴﻴﺪﻱ ﺑﻮﺯﻳﺪ)ﺟﺎﻣﻌﺔ ﺍﻟﻘﻴﺮﻭﺍﻥ(","ﺑﻴﻮﻟﻮﺟﻴﺎ ﺗﺤﻠﻴﻠﻴﺔ ﻭﺗﺠﺮﻳﺒﻴﺔ-","ﺍﻹﺟﺎﺯﺓ ﻓﻲ ﺍﻟﺒﻴﻮﻟﻮﺟﻴﺎ ﺍﻟﺘﺤﻠﻴﻠﻴﺔ ﻭﺍﻟﺘﺠﺮﻳﺒﻴﺔ ﺳﻨﻮﺍﺕ)ﺃﻣﺪ(3",,4,50,,,,
75535,"ﻛﻠﻴﺔ ﺍﻟﻌﻠﻮﻡ ﻭ ﺍﻟﺘﻘﻨﻴﺎﺕ ﺑﺴﻴﺪﻱ ﺑﻮﺯﻳﺪ)ﺟﺎﻣﻌﺔ ﺍﻟﻘﻴﺮﻭﺍﻥ(","ﺍﻟﺘﻜﻨﻮﻟﻮﺟﻴﺎ ﺍﻟﺤﻴﻮﻳﺔ ﻭﺗﺜﻤﻴﻦ ﺍﻟﻤﻮﺍﺭﺩ- ﺍﻟﺒﻴﻮﻟﻮﺟﻴﺔ","ﺍﻹﺟﺎﺯﺓ ﻓﻲ ﺍﻟﺘﻜﻨﻮﻟﻮﺟﻴﺎ ﺍﻟﺤﻴﻮﻳﺔ ﻭﺗﺜﻤﻴﻦ ﺍﻟﻤﻮﺍﺭﺩ ﺍﻟﺒﻴﻮﻟﻮﺟﻴﺔ ﺳﻨﻮﺍﺕ)ﺃﻣﺪ(3",,4,50,,,,
75546,"ﻛﻠﻴﺔ ﺍﻟﻌﻠﻮﻡ ﻭ ﺍﻟﺘﻘﻨﻴﺎﺕ ﺑﺴﻴﺪﻱ ﺑﻮﺯﻳﺪ)ﺟﺎﻣﻌﺔ ﺍﻟﻘﻴﺮﻭﺍﻥ(","ﺍﻟﺘﻜﻨﻮﻟﻮﺟﻴﺎ ﺍﻟﺤﻴﻮﻳﺔ ﻭﺗﺜﻤﻴﻦ ﺍﻟﻤﻮﺍﺭﺩ- ﺍﻟﺒﻴﻮﻟﻮﺟﻴﺔ","",,6,100,,,,
75553,"ﻛﻠﻴﺔ ﺍﻟﻌﻠﻮﻡ ﻭ ﺍﻟﺘﻘﻨﻴﺎﺕ ﺑﺴﻴﺪﻱ ﺑﻮﺯﻳﺪ)ﺟﺎﻣﻌﺔ ﺍﻟﻘﻴﺮﻭﺍﻥ(","ﻋﻠﻮﻡ ﺍﻷﺟﻬﺰﺓ ﻭﺍﻟﻘﻴﺎﺱ-","ﺍﻹﺟﺎﺯﺓ ﻓﻲ ﺍﻟﻌﻠﻮﻡ ﺍﻷﺟﻬﺰﺓ ﻭﺍﻟﻘﻴﺎﺱ ﺳﻨﻮﺍﺕ)ﺃﻣﺪ(3",,4,31,2,8,,
75566,"ﺍﻟﻤﻌﻬﺪ ﺍﻟﻌﺎﻟﻰ ﻟﻠﺪﺭﺍﺳﺎﺕ ﺍﻟﺘﻜﻨﻮﻟﻮﺟﻴﺔ ﺑﺴﻴﺪﻱ ﺑﻮﺯﻳﺪ)ﺍﻹﺩﺍﺭﺓ ﺍﻟﻌﺎﻣﺔ ﻟﻠﺪﺭﺍﺳﺎﺕ ﺍﻟﺘﻜﻨﻮﻟﻮﺟﻴﺔ(","ﺗﻄﻮﻳﺮ ﺍﻟﺒﺮﻣﺠﻴﺎﺕ ﻷﻧﺘﺮﻧﺖ ﺍﻷﺷﻴﺎﺀ- ﺗﻄﻮﻳﺮ ﺍﻟﺒﺮﻣﺠﻴﺎﺕ- ﺍﻟﺸﺒﻜﺎﺕ ﻭﺍﻟﺤﻮﺳﺒﺔ ﺍﻟﺴﺤﺎﺑﻴﺔ-","",,11,26,70,12,24,
75570,"ﺍﻟﻤﻌﻬﺪ ﺍﻟﻌﺎﻟﻰ ﻟﻠﺪﺭﺍﺳﺎﺕ ﺍﻟﺘﻜﻨﻮﻟﻮﺟﻴﺔ ﺑﺴﻴﺪﻱ ﺑﻮﺯﻳﺪ)ﺍﻹﺩﺍﺭﺓ ﺍﻟﻌﺎﻣﺔ ﻟﻠﺪﺭﺍﺳﺎﺕ ﺍﻟﺘﻜﻨﻮﻟﻮﺟﻴﺔ(","ﺍﻟﺼﻴﺎﻧﺔ ﺍﻟﺼﻨﺎﻋﻴﺔ- ﺍﻟﺒﻨﺎﺀ ﺍﻟﻤﻌﺪﻧﻲ- ﺍﻟﺘﺼﻤﻴﻢ ﻭﺍﻟﺘﺼﻨﻴﻊ ﺍﻟﻤﻴﻜﺎﻧﻴﻜﻲ-","",,2,5,2,109,,
75571,"ﺍﻟﻤﻌﻬﺪ ﺍﻟﻌﺎﻟﻰ ﻟﻠﺪﺭﺍﺳﺎﺕ ﺍﻟﺘﻜﻨﻮﻟﻮﺟﻴﺔ ﺑﺴﻴﺪﻱ ﺑﻮﺯﻳﺪ)ﺍﻹﺩﺍﺭﺓ ﺍﻟﻌﺎﻣﺔ ﻟﻠﺪﺭﺍﺳﺎﺕ ﺍﻟﺘﻜﻨﻮﻟﻮﺟﻴﺔ(","ﺍﻷﺗﻤﺘﺔ ﻭﺍﻹﻋﻼﻣﻴﺔ ﺍﻟﺼﻨﺎﻋﻴﺔ- ﺍﻟﻜﻬﺮﺑﺎﺀ ﻭﺍﻟﻄﺎﻗﺎﺕ ﺍﻟﻤﺘﺠﺪﺩﺓ-","",,2,4,1,94,,
75573,"ﻛﻠﻴﺔ ﺍﻟﻌﻠﻮﻡ ﻭ ﺍﻟﺘﻘﻨﻴﺎﺕ ﺑﺴﻴﺪﻱ ﺑﻮﺯﻳﺪ)ﺟﺎﻣﻌﺔ ﺍﻟﻘﻴﺮﻭﺍﻥ(","ﺗﻜﻨﻮﻟﻮﺟﻴﺎ ﺍﻟﻤﻌﻠﻮﻣﺎﺕ ﻭﺍﻻﺗﺼﺎﻻﺕ-","",,15,22,71,8,,
75841,"ﺍﻟﻤﻌﻬﺪ ﺍﻟﻌﺎﻟﻰ ﻟﻠﺪﺭﺍﺳﺎﺕ ﺍﻟﺘﻜﻨﻮﻟﻮﺟﻴﺔ ﺑﺴﻴﺪﻱ ﺑﻮﺯﻳﺪ)ﺍﻹﺩﺍﺭﺓ ﺍﻟﻌﺎﻣﺔ ﻟﻠﺪﺭﺍﺳﺎﺕ ﺍﻟﺘﻜﻨﻮﻟﻮﺟﻴﺔ(","ﺍﻟﺼﻨﺎﻋﺎﺕ ﺍﻟﻐﺬﺍﺋﻴﺔ ﻭ ﺍﻟﺒﻴﻮﺻﻨﺎﻋﺔ-","",,5,80,,,,
75843,"ﻛﻠﻴﺔ ﺍﻟﻌﻠﻮﻡ ﻭ ﺍﻟﺘﻘﻨﻴﺎﺕ ﺑﺴﻴﺪﻱ ﺑﻮﺯﻳﺪ)ﺟﺎﻣﻌﺔ ﺍﻟﻘﻴﺮﻭﺍﻥ(","ﺗﻘﻨﻴﺎﺕ ﺍﻷﻏﺬﻳﺔ ﻭﺍﻟﺤﻮﻛﻤﺔ ﺍﻟﺒﻴﺌﻴﺔ-","ﺍﻻﺟﺎﺯﺓ ﻓﻲ ﺗﻘﻨﻴﺎﺕ ﺍﻷﻏﺬﻳﺔ ﻭﺍﻟﺤﻮﻛﻤﺔ ﺍﻟﺒﻴﺌﻴﺔ ﺳﻨﻮﺍﺕ)ﺃﻣﺪ(3",,4,67,,,,
75845,"ﻛﻠﻴﺔ ﺍﻟﻌﻠﻮﻡ ﻭ ﺍﻟﺘﻘﻨﻴﺎﺕ ﺑﺴﻴﺪﻱ ﺑﻮﺯﻳﺪ)ﺟﺎﻣﻌﺔ ﺍﻟﻘﻴﺮﻭﺍﻥ(","ﻫﻨﺪﺳﺔ ﺗﻜﻨﻮﻟﻮﺟﻴﺎﺕ ﺍﻟﺼﻨﺎﻋﺎﺕ ﺍﻟﻐﺬﺍﺋﻴﺔ-","ﺍﻹﺟﺎﺯﺓ ﻓﻲ ﻫﻨﺪﺳﺔ ﺗﻜﻨﻮﻟﻮﺟﻴﺎﺕ ﺍﻟﺼﻨﺎﻋﺎﺕ ﺍﻟﻐﺬﺍﺋﻴﺔ ﺳﻨﻮﺍﺕ)ﺃﻣﺪ(3",,3,40,,,,
80102,"ﺍﻟﻤﻌﻬﺪ ﺍﻟﻌﺎﻟﻲ ﻟﻠﻌﻠﻮﻡ ﺍﻹﻧﺴﺎﻧﻴﺔ ﺑﺠﻨﺪﻭﺑﺔ)ﺟﺎﻣﻌﺔ ﺟﻨﺪﻭﺑﺔ(","ﺍﻟﻠﻐﺔ ﻭﺍﻵﺩﺍﺏ ﻭﺍﻟﺤﻀﺎﺭﺓ ﺍﻹﻧﻘﻠﻴﺰﻳﺔ-","",122,1,1,1,1,49,1
80103,"ﺍﻟﻤﻌﻬﺪ ﺍﻟﻌﺎﻟﻲ ﻟﻠﻌﻠﻮﻡ ﺍﻹﻧﺴﺎﻧﻴﺔ ﺑﺠﻨﺪﻭﺑﺔ)ﺟﺎﻣﻌﺔ ﺟﻨﺪﻭﺑﺔ(","ﺍﻟﻠﻐﺔ ﻭﺍﻵﺩﺍﺏ ﻭﺍﻟﺤﻀﺎﺭﺓ ﺍﻟﻔﺮﻧﺴﻴﺔ-","",70,1,1,1,1,12,1
80123,"ﺍﻟﻤﻌﻬﺪ ﺍﻟﻌﺎﻟﻲ ﻟﻠﻌﻠﻮﻡ ﺍﻹﻧﺴﺎﻧﻴﺔ ﺑﺠﻨﺪﻭﺑﺔ)ﺟﺎﻣﻌﺔ ﺟﻨﺪﻭﺑﺔ(","ﺍﻟﺘﺎﺭﻳﺦ- ﻋﻠﻮﻡ ﺍﻵﺛﺎﺭ ﻭﺍﻟﺘﺮﺍﺙ-","",68,1,1,1,1,14,1
80124,"ﺍﻟﻤﻌﻬﺪ ﺍﻟﻌﺎﻟﻲ ﻟﻠﻌﻠﻮﻡ ﺍﻹﻧﺴﺎﻧﻴﺔ ﺑﺠﻨﺪﻭﺑﺔ)ﺟﺎﻣﻌﺔ ﺟﻨﺪﻭﺑﺔ(","ﺍﻟﺘﻬﻴﺌﺔ ﻭﺍﻟﺒﻴﺌﺔ-","",52,1,1,1,1,34,
80301,"ﻛﻠﻴﺔ ﺍﻟﻌﻠﻮﻡ ﺍﻟﻘﺎﻧﻮﻧﻴﺔ ﻭﺍﻹﻗﺘﺼﺎﺩﻳﺔ ﻭﺍﻟﺘﺼﺮﻑ ﺑﺠﻨﺪﻭﺑﺔ)ﺟﺎﻣﻌﺔ ﺟﻨﺪﻭﺑﺔ(","ﺍﻟﻘﺎﻧﻮﻥ ﺍﻟﺨﺎﺹ- ﺍﻟﻘﺎﻧﻮﻥ ﺍﻟﻌﺎﻡ-","",185,7,12,1,1,78,11
80311,"ﻛﻠﻴﺔ ﺍﻟﻌﻠﻮﻡ ﺍﻟﻘﺎﻧﻮﻧﻴﺔ ﻭﺍﻹﻗﺘﺼﺎﺩﻳﺔ ﻭﺍﻟﺘﺼﺮﻑ ﺑﺠﻨﺪﻭﺑﺔ)ﺟﺎﻣﻌﺔ ﺟﻨﺪﻭﺑﺔ(","ﺫﻛﺎﺀ ﺍﻷﻋﻤﺎﻝ- ﻧﻈﻢ ﻣﻌﻠﻮﻣﺎﺕ ﺍﻷﻋﻤﺎﻝ-","",,27,19,144,3,176,
80312,"ﻛﻠﻴﺔ ﺍﻟﻌﻠﻮﻡ ﺍﻟﻘﺎﻧﻮﻧﻴﺔ ﻭﺍﻹﻗﺘﺼﺎﺩﻳﺔ ﻭﺍﻟﺘﺼﺮﻑ ﺑﺠﻨﺪﻭﺑﺔ)ﺟﺎﻣﻌﺔ ﺟﻨﺪﻭﺑﺔ(","ﺍﻟﺘﺠﺎﺭﺓ ﻭﺍﻟﻤﺎﻟﻴﺔ ﺍﻟﺪﻭﻟﻴﺔ- ﺇﻗﺘﺼﺎﺩ ﺍﻷﻋﻤﺎﻝ- ﺍﻻﻗﺘﺼﺎﺩ ﺍﻟﺒﻴﺌﻲ ﻭ ﺍﻟﺘﻨﻤﻴﺔ ﺍﻟﻤﺴﺘﺪﺍﻣﺔ- ﺍﻟﻨﻘﺪ ﻭﺍﻟﻤﺎﻟﻴﺔ ﻭﺍﻟﺒﻨﻚ ﻭﺍﻟﺘﺄﻣﻴﻦ- ﻋﻠﻢ ﺍﻟﺒﻴﺎﻧﺎﺕ ﻟﻼﻗﺘﺼﺎﺩ ﻭﺍﻟﻤﺎﻟﻴﺔ-","",,30,30,,,300,
80318,"ﻛﻠﻴﺔ ﺍﻟﻌﻠﻮﻡ ﺍﻟﻘﺎﻧﻮﻧﻴﺔ ﻭﺍﻹﻗﺘﺼﺎﺩﻳﺔ ﻭﺍﻟﺘﺼﺮﻑ ﺑﺠﻨﺪﻭﺑﺔ)ﺟﺎﻣﻌﺔ ﺟﻨﺪﻭﺑﺔ(","ﺇﺩﺍﺭﺓ ﺍﻷﻋﻤﺎﻝ- ﺍﻟﺘﺴﻮﻳﻖ- ﺍﻟﻤﺎﻟﻴﺔ- ﺍﻟﻤﺤﺎﺳﺒﺔ-","",,30,30,5,1,320,
80477,"ﺍﻟﻤﻌﻬﺪ ﺍﻟﻌﺎﻟﻲ ﻟﻠﻌﻠﻮﻡ ﺍﻹﻧﺴﺎﻧﻴﺔ ﺑﺠﻨﺪﻭﺑﺔ)ﺟﺎﻣﻌﺔ ﺟﻨﺪﻭﺑﺔ(","ﺍﻟﺘﺮﺑﻴﺔ ﻭﺍﻟﺘﻌﻠﻴﻢ-","",59,20,19,4,5,12,
80566,"ﺍﻟﻤﻌﻬﺪ ﺍﻟﻌﺎﻟﻰ ﻟﻠﺪﺭﺍﺳﺎﺕ ﺍﻟﺘﻜﻨﻮﻟﻮﺟﻴﺔ ﺑﺠﻨﺪﻭﺑﺔ)ﺍﻹﺩﺍﺭﺓ ﺍﻟﻌﺎﻣﺔ ﻟﻠﺪﺭﺍﺳﺎﺕ ﺍﻟﺘﻜﻨﻮﻟﻮﺟﻴﺔ(","90 ﺗﻄﻮﻳﺮ ﺍﻟﺒﺮﻣﺠﻴﺎﺕ ﻷﻧﺘﺮﻧﺖ ﺍﻷﺷﻴﺎﺀ- ﺗﻄﻮﻳﺮ ﺍﻟﺒﺮﻣﺠﻴﺎﺕ- ﺍﻟﺒﻴﺎﻧﺎﺕ ﺍﻟﺬﻛﻴﺔ- ﺍﻟﺸﺒﻜﺎﺕ ﻭﺍﻟﺤﻮﺳﺒﺔ ﺍﻟﺴﺤﺎﺑﻴﺔ-","ﺍﻹﺟﺎﺯﺓ ﻓﻲ ﺗﻜﻨﻮﻟﻮﺟﻴﺎﺕ ﺍﻹﻋﻼﻣﻴﺔ ﺳﻨﻮﺍﺕ)ﺃﻣﺪ(3",,9,21,55,9,19,
80570,"ﺍﻟﻤﻌﻬﺪ ﺍﻟﻌﺎﻟﻰ ﻟﻠﺪﺭﺍﺳﺎﺕ ﺍﻟﺘﻜﻨﻮﻟﻮﺟﻴﺔ ﺑﺠﻨﺪﻭﺑﺔ)ﺍﻹﺩﺍﺭﺓ ﺍﻟﻌﺎﻣﺔ ﻟﻠﺪﺭﺍﺳﺎﺕ ﺍﻟﺘﻜﻨﻮﻟﻮﺟﻴﺔ(","96 ﺍﻟﺼﻴﺎﻧﺔ ﺍﻟﺼﻨﺎﻋﻴﺔ- ﺍﻹﻧﺘﺎﺝ ﺍﻟﺼﻨﺎﻋﻲ- ﺍﻟﺘﺼﻤﻴﻢ ﻭﺍﻟﺘﺼﻨﻴﻊ ﺍﻟﻤﻴﻜﺎﻧﻴﻜﻲ- ﺍﻟﺘﺼﻤﻴﻢ ﻭﺍﻟﺼﻨﺎﻋﺔ ﺑﺎﻟﺨﺸﺐ ﻭ ﻣﺸﺘﻘﺎﺗﻪ-","",,2,5,2,109,,
80571,"ﺍﻟﻤﻌﻬﺪ ﺍﻟﻌﺎﻟﻰ ﻟﻠﺪﺭﺍﺳﺎﺕ ﺍﻟﺘﻜﻨﻮﻟﻮﺟﻴﺔ ﺑﺠﻨﺪﻭﺑﺔ)ﺍﻹﺩﺍﺭﺓ ﺍﻟﻌﺎﻣﺔ ﻟﻠﺪﺭﺍﺳﺎﺕ ﺍﻟﺘﻜﻨﻮﻟﻮﺟﻴﺔ(","ﺍﻷﺗﻤﺘﺔ ﻭﺍﻹﻋﻼﻣﻴﺔ ﺍﻟﺼﻨﺎﻋﻴﺔ- ﺍﻹﻟﻜﺘﺮﻭﻧﻴﻚ ﻭﺍﻟﻨﻈﻢ ﺍﻟﻤﺤﻤﻮﻟﺔ- ﺍﻟﻜﻬﺮﺑﺎﺀ ﻭﺍﻟﻄﺎﻗﺎﺕ ﺍﻟﻤﺘﺠﺪﺩﺓ-","",,2,4,1,94,,
80844,"ﻣﻌﻬﺪ ﺍﻟﻐﺎﺑﺎﺕ ﻭﺍﻟﻤﺮﺍﻋﻲ ﺑﻄﺒﺮﻗﺔ)ﺟﺎﻣﻌﺔ ﺟﻨﺪﻭﺑﺔ(","ﻋﻠـﻮﻡ ﻭﺗﻘﻨﻴـﺎﺕ ﺍﻟﻐﺎﺑـــﺎﺕ-","",,1,19,,1,,
80850,"ﻣﻌﻬﺪ ﺍﻟﻐﺎﺑﺎﺕ ﻭﺍﻟﻤﺮﺍﻋﻲ ﺑﻄﺒﺮﻗﺔ)ﺟﺎﻣﻌﺔ ﺟﻨﺪﻭﺑﺔ(","126 ﻃﺒﻮﻏﺮﺍﻓﻴﺎ ﻭﺍﻟﺘﻬﻴﺌﺔ ﺍﻟﺘﺮﺍﺑﻴﺔ- ﺍﺧﺘﻴﺎﺭﺍﺕ ﻋﻠﻰ ﺍﻷﻗﻞ06ﻳﺘﻌﻴﻦ ﻋﻠﻰ ﻛﻞ ﻣﺘﺮﺷﺢ ﺗﻌﻤﻴﺮ","ﺍﻻﺟﺎﺯﺓ ﻓﻲ ﺍﻟﻄﺒﻮﻏﺮﺍﻓﻴﺎ ﻭﺍﻟﺘﻬﻴﺌﺔ ﺍﻟﺘﺮﺍﺑﻴﺔ ﺳﻨﻮﺍﺕ)ﺃﻣﺪ(3",,10,20,,35,,
81318,"ﺍﻟﻤﻌﻬﺪ ﺍﻟﻌﺎﻟﻰ ﻟﻠﺪﺭﺍﺳﺎﺕ ﺍﻟﺘﻜﻨﻮﻟﻮﺟﻴﺔ ﺑﺠﻨﺪﻭﺑﺔ)ﺍﻹﺩﺍﺭﺓ ﺍﻟﻌﺎﻣﺔ ﻟﻠﺪﺭﺍﺳﺎﺕ ﺍﻟﺘﻜﻨﻮﻟﻮﺟﻴﺔ(","ﺍﻟﺘﺴﻮﻳﻖ ﺍﻟﺮﻗﻤﻲ- ﺍﻟﺘﻘﻨﻴﺎﺕ ﺍﻟﻤﺎﻟﻴﺔ- ﺇﺩﺍﺭﺓ ﺍﻷﻋﻤﺎﻝ- ﺗﻘﻨﻴﺎﺕ ﺍﻟﻤﺤﺎﺳﺒﺔ ﻭﺍﻟﻤﺮﺍﻗﺒﺔ ﻭﺍﻟﺘﺪﻗﻴﻖ- ﻣﺤﻠﻞ ﺃﻋﻤﺎﻝ-","",,4,2,1,1,107,
82102,"ﺍﻟﻤﻌﻬﺪ ﺍﻟﻌﺎﻟﻲ ﻟﻠﺪﺭﺍﺳﺎﺕ ﺍﻟﺘﻄﺒﻴﻘﻴﺔ ﻓﻲ ﺍﻹﻧﺴﺎﻧﻴﺎﺕ ﺑﺎﻟﻜﺎﻑ)ﺟﺎﻣﻌﺔ ﺟﻨﺪﻭﺑﺔ(","ﺍﻟﻠﻐﺔ ﻭﺍﻵﺩﺍﺏ ﻭﺍﻟﺤﻀﺎﺭﺓ ﺍﻹﻧﻘﻠﻴﺰﻳﺔ-","",60,1,1,1,1,24,1
82103,"ﺍﻟﻤﻌﻬﺪ ﺍﻟﻌﺎﻟﻲ ﻟﻠﺪﺭﺍﺳﺎﺕ ﺍﻟﺘﻄﺒﻴﻘﻴﺔ ﻓﻲ ﺍﻹﻧﺴﺎﻧﻴﺎﺕ ﺑﺎﻟﻜﺎﻑ)ﺟﺎﻣﻌﺔ ﺟﻨﺪﻭﺑﺔ(","10 ﺍﻟﺜﻘﺎﻓﺔ ﻭﺍﻟﺘﻮﺍﺻﻞ-","ﺍﻹﺟﺎﺯﺓ ﻓﻲ ﺍﻟﻔﺮﻧﺴﻴﺔ ﺳﻨﻮﺍﺕ)ﺃﻣﺪ(3",70,1,1,1,1,12,1
82120,"ﺍﻟﻤﻌﻬﺪ ﺍﻟﻌﺎﻟﻲ ﻟﻠﺪﺭﺍﺳﺎﺕ ﺍﻟﺘﻄﺒﻴﻘﻴﺔ ﻓﻲ ﺍﻹﻧﺴﺎﻧﻴﺎﺕ ﺑﺎﻟﻜﺎﻑ)ﺟﺎﻣﻌﺔ ﺟﻨﺪﻭﺑﺔ(","ﻋﻠﻢ ﺍﺟﺘﻤﺎﻉ ﺍﻟﺴﻴﺎﺣﺔ ﺍﻟﺒﺪﻳﻠﺔ ﻭﺍﻟﺘﻨﻤﻴﺔ- ﺍﻟﻤﺴﺘﺪﺍﻣﺔ","",21,1,2,1,1,29,
82200,"ﺍﻟﻤﻌﻬﺪ ﺍﻟﻌﺎﻟﻲ ﻟﻠﻤﻮﺳﻴﻘﻰ ﻭ ﺍﻟﻤﺴﺮﺡ ﺑﺎﻟﻜﺎﻑ)ﺟﺎﻣﻌﺔ ﺟﻨﺪﻭﺑﺔ(","ﻣﺴﺮﺡ ﻭﻓﻨﻮﻥ ﺍﻟﻌﺮﺽ-","",17,1,2,4,3,18,2
82318,"ﺍﻟﻤﻌﻬﺪ ﺍﻟﻌﺎﻟﻰ ﻟﻠﺪﺭﺍﺳﺎﺕ ﺍﻟﺘﻜﻨﻮﻟﻮﺟﻴﺔ ﺑﺎﻟﻜﺎﻑ)ﺍﻹﺩﺍﺭﺓ ﺍﻟﻌﺎﻣﺔ ﻟﻠﺪﺭﺍﺳﺎﺕ ﺍﻟﺘﻜﻨﻮﻟﻮﺟﻴﺔ(","ﺇﺩﺍﺭﺓ ﺍﻷﻋﻤﺎﻝ- ﺍﻟﺘﺼﺮﻑ ﺍﻟﺼﻨﺎﻋﻲ-","",,2,1,1,1,55,
82450,"ﺍﻟﻤﻌﻬﺪ ﺍﻟﻌﺎﻟﻲ ﻟﻠﺮﻳﺎﺿﺔ ﻭﺍﻟﺘﺮﺑﻴﺔ ﺍﻟﺒﺪﻧﻴﺔ ﺑﺎﻟﻜﺎﻑ)ﺟﺎﻣﻌﺔ ﺟﻨﺪﻭﺑﺔ(","35 ﺍﻟﺘﺴﻴﻴﺮ ﻭﺍﻟﺘﺴﻮﻳﻖ ﺍﻟﺮﻳﺎﺿﻲ- ﺗﻘﻨﻴﺎﺕ ﺍﻷﻧﺸﻄﺔ ﺍﻟﺒﺪﻧﻴﺔ ﻭﺍﻟﺮﻳﺎﺿﻴﺔ-","ﺍﻹﺟﺎﺯﺓ ﻓﻲ ﻋﻠﻮﻡ ﻭﺗﻘﻨﻴﺎﺕ ﺍﻷﻧﺸﻄﺔ ﺍﻟﺒﺪﻧﻴﺔ ﻭﺍﻟﺮﻳﺎﺿﺔ ﺳﻨﻮﺍﺕ)ﺃﻣﺪ(3 ﺗﺮﺑﻴﺔ ﺑﺪﻧﻴﺔ ﺇﺟﺒﺎﺭﻳﺔ، ﻭﻋﺪﺩ ﻣﺎﺩﺓ 16<= ﺍﻟﺘﺮﺑﻴﺔ ﺍﻟﺒﺪﻧﻴﺔ ﺷﻌﺒﺔ ﺗﺘﻄﻠﺐ ﺍﺧﺘﺒﺎﺭ",2,1,1,2,2,2,220
82477,"ﺍﻟﻤﻌﻬﺪ ﺍﻟﻌﺎﻟﻲ ﻟﻠﺪﺭﺍﺳﺎﺕ ﺍﻟﺘﻄﺒﻴﻘﻴﺔ ﻓﻲ ﺍﻹﻧﺴﺎﻧﻴﺎﺕ ﺑﺎﻟﻜﺎﻑ)ﺟﺎﻣﻌﺔ ﺟﻨﺪﻭﺑﺔ(","ﺍﻟﺘﺮﺑﻴﺔ ﻭﺍﻟﺘﻌﻠﻴﻢ-","",54,18,18,3,5,11,
82515,"ﺍﻟﻤﻌﻬﺪ ﺍﻟﻮﻃﻨﻲ ﻟﻠﺘﻜﻨﻮﻟﻮﺟﻴﺎ ﻭﺍﻟﻌﻠﻮﻡ ﺑﺎﻟﻜﺎﻑ)ﺟﺎﻣﻌﺔ ﺟﻨﺪﻭﺑﺔ(","ﻫﻨﺪﺳﺔ ﺑﻴﻮﻟﻮﺟﻴﺔ ﻭﺑﻴﻮﻃﺒﻴﺔ-","ﻣﺮﺣﻠﺔ ﺗﺤﻀﻴﺮﻳﺔ ﻣﻨﺪﻣﺠﺔ ﻓﻲ ﺍﻟﻬﻨﺪﺳﺔ ﺍﻟﺒﻴﻮﻟﻮﺟﻴﺔ ﻭﺍﻟﺒﻴﻮﻃﺒﻴﺔ ﺳﻨﻮﺍﺕ3 + ﺳﻨﺘﺎﻥ",,8,29,12,7,,
82523,"ﺍﻟﻤﻌﻬﺪ ﺍﻟﻌﺎﻟﻲ ﻟﻺﻋﻼﻣﻴﺔ ﺑﺎﻟﻜﺎﻑ)ﺟﺎﻣﻌﺔ ﺟﻨﺪﻭﺑﺔ(","ﻫﻨﺪﺳﺔ ﺍﻟﺒﺮﻣﺠﻴﺎﺕ ﻭﺍﻷﻧﻈﻤﺔ ﺍﻟﺬﻛﻴﺔ- ﻫﻨﺪﺳﺔ ﺍﻟﺒﺮﻣﺠﻴﺎﺕ ﻭﻧﻈﻢ ﺍﻟﻤﻌﻠﻮﻣﺎﺕ-","",,28,31,98,4,,
82524,"ﺍﻟﻤﻌﻬﺪ ﺍﻟﻌﺎﻟﻲ ﻟﻺﻋﻼﻣﻴﺔ ﺑﺎﻟﻜﺎﻑ)ﺟﺎﻣﻌﺔ ﺟﻨﺪﻭﺑﺔ(","ﻫﻨﺪﺳﺔ ﺍﻟﺸﺒﻜﺎﺕ ﻭﺍﻟﻨﻈﻢ-","",,28,31,96,4,,
82566,"ﺍﻟﻤﻌﻬﺪ ﺍﻟﻌﺎﻟﻰ ﻟﻠﺪﺭﺍﺳﺎﺕ ﺍﻟﺘﻜﻨﻮﻟﻮﺟﻴﺔ ﺑﺎﻟﻜﺎﻑ)ﺍﻹﺩﺍﺭﺓ ﺍﻟﻌﺎﻣﺔ ﻟﻠﺪﺭﺍﺳﺎﺕ ﺍﻟﺘﻜﻨﻮﻟﻮﺟﻴﺔ(","ﺗﻄﻮﻳﺮ ﺍﻟﺒﺮﻣﺠﻴﺎﺕ- ﺍﻟﺒﻴﺎﻧﺎﺕ ﺍﻟﺬﻛﻴﺔ- ﺍﻟﺸﺒﻜﺎﺕ ﻭﺍﻟﺤﻮﺳﺒﺔ ﺍﻟﺴﺤﺎﺑﻴﺔ-","",,9,21,55,9,19,
82570,"ﺍﻟﻤﻌﻬﺪ ﺍﻟﻌﺎﻟﻰ ﻟﻠﺪﺭﺍﺳﺎﺕ ﺍﻟﺘﻜﻨﻮﻟﻮﺟﻴﺔ ﺑﺎﻟﻜﺎﻑ)ﺍﻹﺩﺍﺭﺓ ﺍﻟﻌﺎﻣﺔ ﻟﻠﺪﺭﺍﺳﺎﺕ ﺍﻟﺘﻜﻨﻮﻟﻮﺟﻴﺔ(","ﺻﻴﺎﻧﺔ ﻭﺗﺸﺨﻴﺺ ﺍﻟﻤﺮﻛﺒﺎﺕ ﻭﺍﻟﻤﻌﺪﺍﺕ- ﺍﻟﺜﻘﻴﻠﺔ ﺍﻟﺒﻨﺎﺀ ﺍﻟﻤﻌﺪﻧﻲ - ﺍﻟﺘﺼﻤﻴﻢ ﻭﺍﻟﺘﺼﻨﻴﻊ ﺍﻟﻤﻴﻜﺎﻧﻴﻜﻲ-","ﺍﻹﺟﺎﺯﺓ ﻓﻲ ﺍﻟﻬﻨﺪﺳـﺔ ﺍﻟﻤﻴﻜﺎﻧـﻴـﻜـﻴـﺔ ﺳﻨﻮﺍﺕ)ﺃﻣﺪ(3",,4,7,2,156,,
82571,"ﺍﻟﻤﻌﻬﺪ ﺍﻟﻌﺎﻟﻰ ﻟﻠﺪﺭﺍﺳﺎﺕ ﺍﻟﺘﻜﻨﻮﻟﻮﺟﻴﺔ ﺑﺎﻟﻜﺎﻑ)ﺍﻹﺩﺍﺭﺓ ﺍﻟﻌﺎﻣﺔ ﻟﻠﺪﺭﺍﺳﺎﺕ ﺍﻟﺘﻜﻨﻮﻟﻮﺟﻴﺔ(","99 ﺍﻷﺗﻤﺘﺔ ﻭﺍﻹﻋﻼﻣﻴﺔ ﺍﻟﺼﻨﺎﻋﻴﺔ- ﺍﻹﻟﻜﺘﺮﻭﻧﻴﻚ ﻭﺍﻟﻨﻈﻢ ﺍﻟﻤﺤﻤﻮﻟﺔ- ﺍﻟﻜﻬﺮﺑﺎﺀ ﻭﺍﻟﻄﺎﻗﺎﺕ ﺍﻟﻤﺘﺠﺪﺩﺓ-","",,2,4,1,94,,
82629,"ﺍﻟﻤﻌﻬﺪ ﺍﻟﻮﻃﻨﻲ ﻟﻠﺘﻜﻨﻮﻟﻮﺟﻴﺎ ﻭﺍﻟﻌﻠﻮﻡ ﺑﺎﻟﻜﺎﻑ)ﺟﺎﻣﻌﺔ ﺟﻨﺪﻭﺑﺔ(","108 ﺍﻹﻋﻼﻣﻴﺔ ﺍﻟﺼﻨﺎﻋﻴﺔ-","",,2,4,1,18,,
82797,"ﺍﻟﻤﻌﻬﺪ ﺍﻟﻌﺎﻟﻲ ﻟﻌﻠﻮﻡ ﺍﻟﺘﻤﺮﻳﺾ ﺑﺎﻟﻜﺎﻑ)ﺟﺎﻣﻌﺔ ﺟﻨﺪﻭﺑﺔ(","ﻋﻠﻮﻡ ﺍﻟﺘﻤﺮﻳﺾ-","",1,6,43,,,,1
82844,"ﺍﻟﻤﺪﺭﺳﺔ ﺍﻟﻌﻠﻴﺎ ﻟﻠﻔﻼﺣﺔ ﺑﺎﻟﻜﺎﻑ)ﺟﺎﻣﻌﺔ ﺟﻨﺪﻭﺑﺔ(","ﺍﻹﺟﺎﺯﺓ ﻓﻲ ﺍﻟﻌﻠﻮﻡ ﻭﺍﻟﺘﻘﻨﻴﺎﺕ ﺍﻟﺰﺭﺍﻋﻴﺔ- ﺍﻟﻤﺴﺘﺪﺍﻣﺔ ﻭﺍﻟﻤﺒﺘﻜﺮﺓ","",,1,23,,1,,
83797,"ﺍﻟﻤﻌﻬﺪ ﺍﻟﻌﺎﻟﻲ ﻟﻌﻠﻮﻡ ﺍﻟﺘﻤﺮﻳﺾ ﺑﺎﻟﻜﺎﻑ)ﺟﺎﻣﻌﺔ ﺟﻨﺪﻭﺑﺔ(","ﻋﻠﻮﻡ ﺍﻟﺘﻤﺮﻳﺾ-","",1,6,43,,,,1
84102,"ﺍﻟﻤﻌﻬﺪ ﺍﻟﻌﺎﻟﻲ ﻟﻠﻐﺎﺕ ﺍﻟﺘﻄﺒﻴﻘﻴﺔ ﻭ ﺍﻻﻋﻼﻣﻴﺔ ﺑﺒﺎﺟﺔ)ﺟﺎﻣﻌﺔ ﺟﻨﺪﻭﺑﺔ(","6 ﺍﻟﻠﻐﺔ ﻭﺍﻵﺩﺍﺏ ﻭﺍﻟﺤﻀﺎﺭﺓ ﺍﻹﻧﻘﻠﻴﺰﻳﺔ-","ﺍﻹﺟﺎﺯﺓ ﻓﻲ ﺍﻹﻧﻘﻠﻴﺰﻳﺔ ﺳﻨﻮﺍﺕ)ﺃﻣﺪ(3",73,1,1,1,1,29,1
84509,"ﺍﻟﻤﻌﻬﺪ ﺍﻟﻌﺎﻟﻲ ﻟﻠﺒﻴﻮﺗﻜﻨﻮﻟﻮﺟﻴﺎ ﺑﺒﺎﺟﺔ)ﺟﺎﻣﻌﺔ ﺟﻨﺪﻭﺑﺔ(","77 ﺍﻟﺒﻴﻮﻟﻮﺟﻴﺎ ﺍﻟﺠﺰﺋﻴﺔ ﻭﺍﻟﺨﻠﻮﻳﺔ-","ﺍﻹﺟﺎﺯﺓ ﻓﻲ ﻋﻠﻮﻡ ﺍﻷﺣﻴﺎﺀ ﺳﻨﻮﺍﺕ)ﺃﻣﺪ(3",,3,47,,,,
84512,"ﺍﻟﻤﻌﻬﺪ ﺍﻟﻌﺎﻟﻲ ﻟﻠﺒﻴﻮﺗﻜﻨﻮﻟﻮﺟﻴﺎ ﺑﺒﺎﺟﺔ)ﺟﺎﻣﻌﺔ ﺟﻨﺪﻭﺑﺔ(","ﺍﻟﻤﻮﺍﺭﺩ ﺍﻟﺤﻴﻮﻳﺔ ﻭﺍﻟﺘﻨﻤﻴﺔ ﺍﻟﻤﺴﺘﺪﺍﻣﺔ-","",,3,47,,,,
84523,"ﺍﻟﻤﻌﻬﺪ ﺍﻟﻌﺎﻟﻲ ﻟﻠﻐﺎﺕ ﺍﻟﺘﻄﺒﻴﻘﻴﺔ ﻭ ﺍﻻﻋﻼﻣﻴﺔ ﺑﺒﺎﺟﺔ)ﺟﺎﻣﻌﺔ ﺟﻨﺪﻭﺑﺔ(","ﺍﻟﺒﻴﺎﻧﺎﺕ ﺍﻟﻀﺨﻤﺔ ﻭﺗﺤﻠﻴﻞ ﺍﻟﺒﻴﺎﻧﺎﺕ- ﻫﻨﺪﺳﺔ ﺍﻟﺒﺮﻣﺠﻴﺎﺕ ﻭﻧﻈﻢ ﺍﻟﻤﻌﻠﻮﻣﺎﺕ-","",,28,31,98,4,,
84546,"ﺍﻟﻤﻌﻬﺪ ﺍﻟﻌﺎﻟﻲ ﻟﻠﺒﻴﻮﺗﻜﻨﻮﻟﻮﺟﻴﺎ ﺑﺒﺎﺟﺔ)ﺟﺎﻣﻌﺔ ﺟﻨﺪﻭﺑﺔ(","ﺍﻟﺘﺤﺎﻟﻴﻞ ﺍﻟﺒﻴﻮﻟﻮﺟﻴﺔ ﻭﺍﻟﻌﻠﻮﻡ ﺍﻟﺰﺭﺍﻋﻴﺔ - ﺍﻟﺘﺤﺎﻟﻴﻞ ﺍﻟﺒﻴﻮﻟﻮﺟﻴﺔ ﻭﺍﻟﺘﻜﻨﻮﻟﻮﺟﻴﺎ- ﺍﻟﺤﻴﻮﻳﺔ","",,3,47,,,,
84566,"ﺍﻟﻤﻌﻬﺪ ﺍﻟﻌﺎﻟﻲ ﻟﻠﺪﺭﺍﺳﺎﺕ ﺍﻟﺘﻜﻨﻮﻟﻮﺟﻴﺔ ﺑﺒﺎﺟﺔ)ﺍﻹﺩﺍﺭﺓ ﺍﻟﻌﺎﻣﺔ ﻟﻠﺪﺭﺍﺳﺎﺕ ﺍﻟﺘﻜﻨﻮﻟﻮﺟﻴﺔ(","ﺗﻄﻮﻳﺮ ﺍﻟﺒﺮﻣﺠﻴﺎﺕ ﻷﻧﺘﺮﻧﺖ ﺍﻷﺷﻴﺎﺀ- ﺗﻄﻮﻳﺮ ﺍﻟﺒﺮﻣﺠﻴﺎﺕ- ﺍﻟﺒﻴﺎﻧﺎﺕ ﺍﻟﺬﻛﻴﺔ- ﺍﻟﺸﺒﻜﺎﺕ ﻭﺍﻟﺤﻮﺳﺒﺔ ﺍﻟﺴﺤﺎﺑﻴﺔ-","",,9,21,55,9,19,
84570,"ﺍﻟﻤﻌﻬﺪ ﺍﻟﻌﺎﻟﻲ ﻟﻠﺪﺭﺍﺳﺎﺕ ﺍﻟﺘﻜﻨﻮﻟﻮﺟﻴﺔ ﺑﺒﺎﺟﺔ)ﺍﻹﺩﺍﺭﺓ ﺍﻟﻌﺎﻣﺔ ﻟﻠﺪﺭﺍﺳﺎﺕ ﺍﻟﺘﻜﻨﻮﻟﻮﺟﻴﺔ(","ﺍﻟﻤﻴﻜﺎﺗﺮﻭﻧﻴﻚ ﻭ ﺍﻟﺼﻨﺎﻋﺔ ﺍﻟﺬﻛﻴﺔ- ﺍﻟﻬﻨﺪﺳﺔ ﺍﻟﺼﻨﺎﻋﻴﺔ- ﺍﻟﺼﻴﺎﻧﺔ ﺍﻟﺼﻨﺎﻋﻴﺔ- ﺍﻟﺘﺼﻤﻴﻢ ﻭﺍﻟﺘﺼﻨﻴﻊ ﺍﻟﻤﻴﻜﺎﻧﻴﻜﻲ-","",,2,4,1,94,,
84571,"ﺍﻟﻤﻌﻬﺪ ﺍﻟﻌﺎﻟﻲ ﻟﻠﺪﺭﺍﺳﺎﺕ ﺍﻟﺘﻜﻨﻮﻟﻮﺟﻴﺔ ﺑﺒﺎﺟﺔ)ﺍﻹﺩﺍﺭﺓ ﺍﻟﻌﺎﻣﺔ ﻟﻠﺪﺭﺍﺳﺎﺕ ﺍﻟﺘﻜﻨﻮﻟﻮﺟﻴﺔ(","ﺍﻷﺗﻤﺘﺔ ﻭﺍﻹﻋﻼﻣﻴﺔ ﺍﻟﺼﻨﺎﻋﻴﺔ - ﺍﻹﻟﻜﺘﺮﻭﻧﻴﻚ ﻭﺍﻟﻨﻈﻢ ﺍﻟﻤﺤﻤﻮﻟﺔ- ﺍﻟﻜﻬﺮﺑﺎﺀ ﻭﺍﻟﻄﺎﻗﺎﺕ ﺍﻟﻤﺘﺠﺪﺩﺓ-","ﺍﻹﺟﺎﺯﺓ ﻓﻲ ﺍﻟﻬﻨﺪﺳـﺔ ﺍﻟﻜﻬـﺮﺑـﺎﺋـﻴــﺔ ﺳﻨﻮﺍﺕ)ﺃﻣﺪ(3",,1,3,1,70,,
84616,"ﺍﻟﻤﺪﺭﺳﺔ ﺍﻟﻌﻠﻴﺎ ﻟﻠﻤﻬﻨﺪﺳﻴﻦ ﺑﻤﺠﺎﺯ ﺍﻟﺒﺎﺏ)ﺟﺎﻣﻌﺔ ﺟﻨﺪﻭﺑﺔ(","ﺍﻟﻬﻨﺪﺳﺔ ﺍﻟﻤﺎﺋﻴﺔ ﻭﺍﻟﺒﻴﺌﺔ-","",,13,25,,15,,
84761,"ﺍﻟﻤﻌﻬﺪ ﺍﻟﻌﺎﻟﻲ ﻟﻠﺒﻴﻮﺗﻜﻨﻮﻟﻮﺟﻴﺎ ﺑﺒﺎﺟﺔ)ﺟﺎﻣﻌﺔ ﺟﻨﺪﻭﺑﺔ(","121 ﻋﻠﻮﻡ ﺍﻟﺘﻐﺬﻳﺔ ﺍﻟﺘﻄﺒﻴﻘﻴﺔ ﻓﻲ ﺍﻷﺩﺍﺀ- ﺍﻟﺮﻳﺎﺿﻲ","ﺍﻹﺟﺎﺯﺓ ﻓﻲ ﻋﻠﻮﻡ ﺍﻟﺘﻐﺬﻳﺔ ﺍﻟﺘﻄﺒﻴﻘﻴﺔ ﻓﻲ ﺍﻷﺩﺍﺀ ﺍﻟﺮﻳﺎﺿﻲ ﺳﻨﻮﺍﺕ)ﺃﻣﺪ(3",,2,22,,,,1
84841,"ﺍﻟﻤﻌﻬﺪ ﺍﻟﻌﺎﻟﻲ ﻟﻠﺒﻴﻮﺗﻜﻨﻮﻟﻮﺟﻴﺎ ﺑﺒﺎﺟﺔ)ﺟﺎﻣﻌﺔ ﺟﻨﺪﻭﺑﺔ(","ﺍﻟﺼﻨﺎﻋﺎﺕ ﻭﺍﻷﺳﺎﻟﻴﺐ ﺍﻟﻐﺬﺍﺋﻴﺔ- ﻣﺮﺍﻗﺒﺔ ﺟﻮﺩﺓ ﺍﻷﻏﺬﻳﺔ-","",,3,47,,,,
85570,"ﺍﻟﻤﺪﺭﺳﺔ ﺍﻟﻌﻠﻴﺎ ﻟﻠﻤﻬﻨﺪﺳﻴﻦ ﺑﻤﺠﺎﺯ ﺍﻟﺒﺎﺏ)ﺟﺎﻣﻌﺔ ﺟﻨﺪﻭﺑﺔ(","ﺍﻟﻤﻴﻜﺎﻧﻴﻚ ﻭﺍﻟﻤﻌﺪﺍﺕ ﺍﻟﻔﻼﺣﻴﺔ- ﺍﻟﻬﻴﺪﺭﻭﻣﻴﻜﺎﻧﻴﻚ-","",,1,2,1,54,,
86202,"ﺍﻟﻤﻌﻬﺪ ﺍﻟﻌﺎﻟﻲ ﻟﻠﻔﻨﻮﻥ ﻭ ﺍﻟﺤﺮﻑ ﺑﺴﻠﻴﺎﻧﺔ)ﺟﺎﻣﻌﺔ ﺟﻨﺪﻭﺑﺔ(","ﺧﺰﻑ- ﻓﺘﻮﻏﺮﺍﻓﻴﺎ-","",30,3,3,6,3,22,6
86207,"ﺍﻟﻤﻌﻬﺪ ﺍﻟﻌﺎﻟﻲ ﻟﻠﻔﻨﻮﻥ ﻭ ﺍﻟﺤﺮﻑ ﺑﺴﻠﻴﺎﻧﺔ)ﺟﺎﻣﻌﺔ ﺟﻨﺪﻭﺑﺔ(","ﺍﻟﻬﻨﺪﺳﺔ ﺍﻟﺪﺍﺧﻠﻴﺔ-","",4,1,2,8,13,27,1
86208,"ﺍﻟﻤﻌﻬﺪ ﺍﻟﻌﺎﻟﻲ ﻟﻠﻔﻨﻮﻥ ﻭ ﺍﻟﺤﺮﻑ ﺑﺴﻠﻴﺎﻧﺔ)ﺟﺎﻣﻌﺔ ﺟﻨﺪﻭﺑﺔ(","ﺇﺑﺘﻜﺎﺭ ﺻﻨﺎﻋﻲ-","",2,1,1,8,13,29,1
86209,"ﺍﻟﻤﻌﻬﺪ ﺍﻟﻌﺎﻟﻲ ﻟﻠﻔﻨﻮﻥ ﻭ ﺍﻟﺤﺮﻑ ﺑﺴﻠﻴﺎﻧﺔ)ﺟﺎﻣﻌﺔ ﺟﻨﺪﻭﺑﺔ(","ﺇﺷﻬﺎﺭ ﺧﻄﻲ-","",1,2,2,12,11,25,1
86318,"ﺍﻟﻤﻌﻬﺪ ﺍﻟﻌﺎﻟﻰ ﻟﻠﺪﺭﺍﺳﺎﺕ ﺍﻟﺘﻜﻨﻮﻟﻮﺟﻴﺔ ﺑﺴﻠﻴﺎﻧﺔ)ﺍﻹﺩﺍﺭﺓ ﺍﻟﻌﺎﻣﺔ ﻟﻠﺪﺭﺍﺳﺎﺕ ﺍﻟﺘﻜﻨﻮﻟﻮﺟﻴﺔ(","ﺇﺩﺍﺭﺓ ﺍﻷﻋﻤﺎﻝ- ﺗﻘﻨﻴﺎﺕ ﺍﻟﻤﺤﺎﺳﺒﺔ ﻭﺍﻟﻤﺮﺍﻗﺒﺔ ﻭﺍﻟﺘﺪﻗﻴﻖ-","",,2,1,1,1,53,
86566,"ﺍﻟﻤﻌﻬﺪ ﺍﻟﻌﺎﻟﻰ ﻟﻠﺪﺭﺍﺳﺎﺕ ﺍﻟﺘﻜﻨﻮﻟﻮﺟﻴﺔ ﺑﺴﻠﻴﺎﻧﺔ)ﺍﻹﺩﺍﺭﺓ ﺍﻟﻌﺎﻣﺔ ﻟﻠﺪﺭﺍﺳﺎﺕ ﺍﻟﺘﻜﻨﻮﻟﻮﺟﻴﺔ(","ﺗﻄﻮﻳﺮ ﺍﻟﺒﺮﻣﺠﻴﺎﺕ ﻷﻧﺘﺮﻧﺖ ﺍﻷﺷﻴﺎﺀ- ﺗﻄﻮﻳﺮ ﺍﻟﺒﺮﻣﺠﻴﺎﺕ- ﺍﻟﺒﻴﺎﻧﺎﺕ ﺍﻟﺬﻛﻴﺔ- ﺍﻟﺸﺒﻜﺎﺕ ﻭﺍﻟﺤﻮﺳﺒﺔ ﺍﻟﺴﺤﺎﺑﻴﺔ-","",,9,21,55,9,19,
86568,"ﺍﻟﻤﻌﻬﺪ ﺍﻟﻌﺎﻟﻰ ﻟﻠﺪﺭﺍﺳﺎﺕ ﺍﻟﺘﻜﻨﻮﻟﻮﺟﻴﺔ ﺑﺴﻠﻴﺎﻧﺔ)ﺍﻹﺩﺍﺭﺓ ﺍﻟﻌﺎﻣﺔ ﻟﻠﺪﺭﺍﺳﺎﺕ ﺍﻟﺘﻜﻨﻮﻟﻮﺟﻴﺔ(","92 ﺃﺷﻐﺎﻝ ﻋﻤﻮﻣﻴﺔ- ﺍﻟﺒﻨﺎﺀ-","ﺍﻹﺟﺎﺯﺓ ﻓﻲ ﺍﻟﻬﻨﺪﺳـﺔ ﺍﻟﻤﺪﻧﻴﺔ ﺳﻨﻮﺍﺕ)ﺃﻣﺪ(3",,1,2,1,47,,
86570,"ﺍﻟﻤﻌﻬﺪ ﺍﻟﻌﺎﻟﻰ ﻟﻠﺪﺭﺍﺳﺎﺕ ﺍﻟﺘﻜﻨﻮﻟﻮﺟﻴﺔ ﺑﺴﻠﻴﺎﻧﺔ)ﺍﻹﺩﺍﺭﺓ ﺍﻟﻌﺎﻣﺔ ﻟﻠﺪﺭﺍﺳﺎﺕ ﺍﻟﺘﻜﻨﻮﻟﻮﺟﻴﺔ(","ﺍﻟﺼﻴﺎﻧﺔ ﺍﻟﺼﻨﺎﻋﻴﺔ- ﺍﻟﺘﺼﻤﻴﻢ ﻭﺍﻟﺘﺼﻨﻴﻊ ﺍﻟﻤﻴﻜﺎﻧﻴﻜﻲ-","",,1,2,1,47,,
86571,"ﺍﻟﻤﻌﻬﺪ ﺍﻟﻌﺎﻟﻰ ﻟﻠﺪﺭﺍﺳﺎﺕ ﺍﻟﺘﻜﻨﻮﻟﻮﺟﻴﺔ ﺑﺴﻠﻴﺎﻧﺔ)ﺍﻹﺩﺍﺭﺓ ﺍﻟﻌﺎﻣﺔ ﻟﻠﺪﺭﺍﺳﺎﺕ ﺍﻟﺘﻜﻨﻮﻟﻮﺟﻴﺔ(","ﺍﻷﺗﻤﺘﺔ ﻭﺍﻹﻋﻼﻣﻴﺔ ﺍﻟﺼﻨﺎﻋﻴﺔ- ﺍﻟﻜﻬﺮﺑﺎﺀ ﻭﺍﻟﻄﺎﻗﺎﺕ ﺍﻟﻤﺘﺠﺪﺩﺓ-","",,1,2,1,47,,
